項目,年間収入階級,時期,値,単位
年間収入,200万円未満,2002000103,150,万円
年間収入,200万円未満,2002000406,154,万円
年間収入,200万円未満,2002000709,158,万円
年間収入,200万円未満,2002001012,154,万円
年間収入,200万円未満,2003000103,157,万円
年間収入,200万円未満,2003000406,159,万円
年間収入,200万円未満,2003000709,160,万円
年間収入,200万円未満,2003001012,154,万円
年間収入,200万円未満,2004000103,154,万円
年間収入,200万円未満,2004000406,160,万円
年間収入,200万円未満,2004000709,164,万円
年間収入,200万円未満,2004001012,161,万円
年間収入,200万円未満,2005000103,160,万円
年間収入,200万円未満,2005000406,157,万円
年間収入,200万円未満,2005000709,160,万円
年間収入,200万円未満,2005001012,158,万円
年間収入,200万円未満,2006000103,158,万円
年間収入,200万円未満,2006000406,162,万円
年間収入,200万円未満,2006000709,158,万円
年間収入,200万円未満,2006001012,156,万円
年間収入,200万円未満,2007000103,160,万円
年間収入,200万円未満,2007000406,160,万円
年間収入,200万円未満,2007000709,161,万円
年間収入,200万円未満,2007001012,162,万円
年間収入,200万円未満,2008000103,160,万円
年間収入,200万円未満,2008000406,155,万円
年間収入,200万円未満,2008000709,156,万円
年間収入,200万円未満,2008001012,156,万円
年間収入,200万円未満,2009000103,157,万円
年間収入,200万円未満,2009000406,161,万円
年間収入,200万円未満,2009000709,160,万円
年間収入,200万円未満,2009001012,160,万円
年間収入,200万円未満,2010000103,160,万円
年間収入,200万円未満,2010000406,162,万円
年間収入,200万円未満,2010000709,158,万円
年間収入,200万円未満,2010001012,157,万円
年間収入,200万円未満,2011000103,160,万円
年間収入,200万円未満,2011000406,164,万円
年間収入,200万円未満,2011000709,158,万円
年間収入,200万円未満,2011001012,155,万円
年間収入,200万円未満,2012000103,160,万円
年間収入,200万円未満,2012000406,160,万円
年間収入,200万円未満,2012000709,157,万円
年間収入,200万円未満,2012001012,160,万円
年間収入,200万円未満,2013000103,159,万円
年間収入,200万円未満,2013000406,159,万円
年間収入,200万円未満,2013000709,163,万円
年間収入,200万円未満,2013001012,163,万円
年間収入,200万円未満,2014000103,157,万円
年間収入,200万円未満,2014000406,155,万円
年間収入,200万円未満,2014000709,159,万円
年間収入,200万円未満,2014001012,162,万円
年間収入,200万円未満,2015000103,157,万円
年間収入,200万円未満,2015000406,157,万円
年間収入,200万円未満,2015000709,158,万円
年間収入,200万円未満,2015001012,157,万円
年間収入,200万円未満,2016000103,154,万円
年間収入,200万円未満,2016000406,154,万円
年間収入,200万円未満,2016000709,154,万円
年間収入,200万円未満,2016001012,156,万円
年間収入,200万円未満,2017000103,154,万円
年間収入,200万円未満,2017000406,153,万円
年間収入,200万円未満,2017000709,155,万円
年間収入,200万円未満,2017001012,153,万円
年間収入,200万円未満,2018000103,152,万円
年間収入,200万円未満,2018000406,155,万円
年間収入,200万円未満,2018000709,157,万円
年間収入,200万円未満,2018001012,157,万円
年間収入,200万円未満,2019000103,158,万円
年間収入,200万円未満,2019000406,158,万円
年間収入,200万円未満,2019000709,151,万円
年間収入,200万円未満,2019001012,149,万円
年間収入,200万円未満,2020000103,150,万円
年間収入,200万円未満,2020000406,151,万円
年間収入,200万円未満,2020000709,154,万円
年間収入,200万円未満,2020001012,152,万円
年間収入,200万円未満,2021000103,147,万円
年間収入,200万円未満,2021000406,151,万円
年間収入,200万円未満,2021000709,152,万円
年間収入,200万円未満,2021001012,147,万円
年間収入,200万円未満,2022000103,144,万円
年間収入,200万円未満,2022000406,155,万円
年間収入,200万円未満,2022000709,160,万円
年間収入,200万円未満,2022001012,155,万円
年間収入,200万円未満,2023000103,156,万円
年間収入,200万円未満,2023000406,154,万円
年間収入,200万円未満,2023000709,154,万円
年間収入,200万円未満,2023001012,150,万円
年間収入,200万円未満,2024000103,150,万円
年間収入,200万円未満,2024000406,155,万円
年間収入,200万円未満,2024000709,159,万円
年間収入,200万円未満,2024001012,159,万円
年間収入,200万円未満,2025000103,154,万円
年間収入,200万円未満,2025000406,153,万円
年間収入,200万円未満,2025000709,151,万円
年間収入,200万円未満,2025001012,154,万円
年間収入,200～250万円,2002000103,225,万円
年間収入,200～250万円,2002000406,226,万円
年間収入,200～250万円,2002000709,225,万円
年間収入,200～250万円,2002001012,225,万円
年間収入,200～250万円,2003000103,224,万円
年間収入,200～250万円,2003000406,226,万円
年間収入,200～250万円,2003000709,226,万円
年間収入,200～250万円,2003001012,225,万円
年間収入,200～250万円,2004000103,225,万円
年間収入,200～250万円,2004000406,226,万円
年間収入,200～250万円,2004000709,226,万円
年間収入,200～250万円,2004001012,225,万円
年間収入,200～250万円,2005000103,224,万円
年間収入,200～250万円,2005000406,226,万円
年間収入,200～250万円,2005000709,227,万円
年間収入,200～250万円,2005001012,227,万円
年間収入,200～250万円,2006000103,224,万円
年間収入,200～250万円,2006000406,224,万円
年間収入,200～250万円,2006000709,225,万円
年間収入,200～250万円,2006001012,225,万円
年間収入,200～250万円,2007000103,225,万円
年間収入,200～250万円,2007000406,223,万円
年間収入,200～250万円,2007000709,224,万円
年間収入,200～250万円,2007001012,223,万円
年間収入,200～250万円,2008000103,224,万円
年間収入,200～250万円,2008000406,226,万円
年間収入,200～250万円,2008000709,228,万円
年間収入,200～250万円,2008001012,227,万円
年間収入,200～250万円,2009000103,227,万円
年間収入,200～250万円,2009000406,227,万円
年間収入,200～250万円,2009000709,226,万円
年間収入,200～250万円,2009001012,226,万円
年間収入,200～250万円,2010000103,227,万円
年間収入,200～250万円,2010000406,226,万円
年間収入,200～250万円,2010000709,225,万円
年間収入,200～250万円,2010001012,224,万円
年間収入,200～250万円,2011000103,225,万円
年間収入,200～250万円,2011000406,226,万円
年間収入,200～250万円,2011000709,225,万円
年間収入,200～250万円,2011001012,226,万円
年間収入,200～250万円,2012000103,226,万円
年間収入,200～250万円,2012000406,223,万円
年間収入,200～250万円,2012000709,224,万円
年間収入,200～250万円,2012001012,225,万円
年間収入,200～250万円,2013000103,225,万円
年間収入,200～250万円,2013000406,225,万円
年間収入,200～250万円,2013000709,225,万円
年間収入,200～250万円,2013001012,225,万円
年間収入,200～250万円,2014000103,224,万円
年間収入,200～250万円,2014000406,224,万円
年間収入,200～250万円,2014000709,223,万円
年間収入,200～250万円,2014001012,223,万円
年間収入,200～250万円,2015000103,223,万円
年間収入,200～250万円,2015000406,225,万円
年間収入,200～250万円,2015000709,228,万円
年間収入,200～250万円,2015001012,226,万円
年間収入,200～250万円,2016000103,225,万円
年間収入,200～250万円,2016000406,226,万円
年間収入,200～250万円,2016000709,226,万円
年間収入,200～250万円,2016001012,227,万円
年間収入,200～250万円,2017000103,227,万円
年間収入,200～250万円,2017000406,225,万円
年間収入,200～250万円,2017000709,226,万円
年間収入,200～250万円,2017001012,226,万円
年間収入,200～250万円,2018000103,226,万円
年間収入,200～250万円,2018000406,224,万円
年間収入,200～250万円,2018000709,224,万円
年間収入,200～250万円,2018001012,226,万円
年間収入,200～250万円,2019000103,228,万円
年間収入,200～250万円,2019000406,226,万円
年間収入,200～250万円,2019000709,226,万円
年間収入,200～250万円,2019001012,227,万円
年間収入,200～250万円,2020000103,226,万円
年間収入,200～250万円,2020000406,227,万円
年間収入,200～250万円,2020000709,227,万円
年間収入,200～250万円,2020001012,225,万円
年間収入,200～250万円,2021000103,224,万円
年間収入,200～250万円,2021000406,224,万円
年間収入,200～250万円,2021000709,226,万円
年間収入,200～250万円,2021001012,226,万円
年間収入,200～250万円,2022000103,226,万円
年間収入,200～250万円,2022000406,227,万円
年間収入,200～250万円,2022000709,226,万円
年間収入,200～250万円,2022001012,225,万円
年間収入,200～250万円,2023000103,226,万円
年間収入,200～250万円,2023000406,225,万円
年間収入,200～250万円,2023000709,225,万円
年間収入,200～250万円,2023001012,226,万円
年間収入,200～250万円,2024000103,227,万円
年間収入,200～250万円,2024000406,225,万円
年間収入,200～250万円,2024000709,225,万円
年間収入,200～250万円,2024001012,224,万円
年間収入,200～250万円,2025000103,224,万円
年間収入,200～250万円,2025000406,224,万円
年間収入,200～250万円,2025000709,225,万円
年間収入,200～250万円,2025001012,223,万円
年間収入,250～300万円,2002000103,274,万円
年間収入,250～300万円,2002000406,274,万円
年間収入,250～300万円,2002000709,275,万円
年間収入,250～300万円,2002001012,275,万円
年間収入,250～300万円,2003000103,274,万円
年間収入,250～300万円,2003000406,274,万円
年間収入,250～300万円,2003000709,277,万円
年間収入,250～300万円,2003001012,275,万円
年間収入,250～300万円,2004000103,272,万円
年間収入,250～300万円,2004000406,273,万円
年間収入,250～300万円,2004000709,275,万円
年間収入,250～300万円,2004001012,274,万円
年間収入,250～300万円,2005000103,274,万円
年間収入,250～300万円,2005000406,273,万円
年間収入,250～300万円,2005000709,274,万円
年間収入,250～300万円,2005001012,274,万円
年間収入,250～300万円,2006000103,275,万円
年間収入,250～300万円,2006000406,275,万円
年間収入,250～300万円,2006000709,274,万円
年間収入,250～300万円,2006001012,275,万円
年間収入,250～300万円,2007000103,275,万円
年間収入,250～300万円,2007000406,275,万円
年間収入,250～300万円,2007000709,275,万円
年間収入,250～300万円,2007001012,274,万円
年間収入,250～300万円,2008000103,275,万円
年間収入,250～300万円,2008000406,277,万円
年間収入,250～300万円,2008000709,275,万円
年間収入,250～300万円,2008001012,274,万円
年間収入,250～300万円,2009000103,276,万円
年間収入,250～300万円,2009000406,276,万円
年間収入,250～300万円,2009000709,275,万円
年間収入,250～300万円,2009001012,274,万円
年間収入,250～300万円,2010000103,275,万円
年間収入,250～300万円,2010000406,275,万円
年間収入,250～300万円,2010000709,276,万円
年間収入,250～300万円,2010001012,275,万円
年間収入,250～300万円,2011000103,274,万円
年間収入,250～300万円,2011000406,274,万円
年間収入,250～300万円,2011000709,274,万円
年間収入,250～300万円,2011001012,275,万円
年間収入,250～300万円,2012000103,274,万円
年間収入,250～300万円,2012000406,275,万円
年間収入,250～300万円,2012000709,276,万円
年間収入,250～300万円,2012001012,275,万円
年間収入,250～300万円,2013000103,275,万円
年間収入,250～300万円,2013000406,276,万円
年間収入,250～300万円,2013000709,276,万円
年間収入,250～300万円,2013001012,275,万円
年間収入,250～300万円,2014000103,276,万円
年間収入,250～300万円,2014000406,276,万円
年間収入,250～300万円,2014000709,276,万円
年間収入,250～300万円,2014001012,276,万円
年間収入,250～300万円,2015000103,274,万円
年間収入,250～300万円,2015000406,275,万円
年間収入,250～300万円,2015000709,276,万円
年間収入,250～300万円,2015001012,276,万円
年間収入,250～300万円,2016000103,275,万円
年間収入,250～300万円,2016000406,275,万円
年間収入,250～300万円,2016000709,275,万円
年間収入,250～300万円,2016001012,276,万円
年間収入,250～300万円,2017000103,276,万円
年間収入,250～300万円,2017000406,275,万円
年間収入,250～300万円,2017000709,275,万円
年間収入,250～300万円,2017001012,275,万円
年間収入,250～300万円,2018000103,276,万円
年間収入,250～300万円,2018000406,275,万円
年間収入,250～300万円,2018000709,275,万円
年間収入,250～300万円,2018001012,274,万円
年間収入,250～300万円,2019000103,276,万円
年間収入,250～300万円,2019000406,277,万円
年間収入,250～300万円,2019000709,275,万円
年間収入,250～300万円,2019001012,275,万円
年間収入,250～300万円,2020000103,276,万円
年間収入,250～300万円,2020000406,277,万円
年間収入,250～300万円,2020000709,277,万円
年間収入,250～300万円,2020001012,276,万円
年間収入,250～300万円,2021000103,276,万円
年間収入,250～300万円,2021000406,277,万円
年間収入,250～300万円,2021000709,276,万円
年間収入,250～300万円,2021001012,275,万円
年間収入,250～300万円,2022000103,275,万円
年間収入,250～300万円,2022000406,275,万円
年間収入,250～300万円,2022000709,276,万円
年間収入,250～300万円,2022001012,276,万円
年間収入,250～300万円,2023000103,275,万円
年間収入,250～300万円,2023000406,276,万円
年間収入,250～300万円,2023000709,276,万円
年間収入,250～300万円,2023001012,275,万円
年間収入,250～300万円,2024000103,275,万円
年間収入,250～300万円,2024000406,277,万円
年間収入,250～300万円,2024000709,277,万円
年間収入,250～300万円,2024001012,276,万円
年間収入,250～300万円,2025000103,275,万円
年間収入,250～300万円,2025000406,276,万円
年間収入,250～300万円,2025000709,277,万円
年間収入,250～300万円,2025001012,278,万円
年間収入,300～350万円,2002000103,323,万円
年間収入,300～350万円,2002000406,323,万円
年間収入,300～350万円,2002000709,323,万円
年間収入,300～350万円,2002001012,323,万円
年間収入,300～350万円,2003000103,324,万円
年間収入,300～350万円,2003000406,324,万円
年間収入,300～350万円,2003000709,324,万円
年間収入,300～350万円,2003001012,323,万円
年間収入,300～350万円,2004000103,324,万円
年間収入,300～350万円,2004000406,324,万円
年間収入,300～350万円,2004000709,324,万円
年間収入,300～350万円,2004001012,323,万円
年間収入,300～350万円,2005000103,323,万円
年間収入,300～350万円,2005000406,324,万円
年間収入,300～350万円,2005000709,325,万円
年間収入,300～350万円,2005001012,324,万円
年間収入,300～350万円,2006000103,324,万円
年間収入,300～350万円,2006000406,324,万円
年間収入,300～350万円,2006000709,322,万円
年間収入,300～350万円,2006001012,323,万円
年間収入,300～350万円,2007000103,323,万円
年間収入,300～350万円,2007000406,324,万円
年間収入,300～350万円,2007000709,323,万円
年間収入,300～350万円,2007001012,323,万円
年間収入,300～350万円,2008000103,324,万円
年間収入,300～350万円,2008000406,324,万円
年間収入,300～350万円,2008000709,323,万円
年間収入,300～350万円,2008001012,323,万円
年間収入,300～350万円,2009000103,324,万円
年間収入,300～350万円,2009000406,323,万円
年間収入,300～350万円,2009000709,323,万円
年間収入,300～350万円,2009001012,323,万円
年間収入,300～350万円,2010000103,323,万円
年間収入,300～350万円,2010000406,323,万円
年間収入,300～350万円,2010000709,322,万円
年間収入,300～350万円,2010001012,323,万円
年間収入,300～350万円,2011000103,324,万円
年間収入,300～350万円,2011000406,324,万円
年間収入,300～350万円,2011000709,324,万円
年間収入,300～350万円,2011001012,325,万円
年間収入,300～350万円,2012000103,325,万円
年間収入,300～350万円,2012000406,324,万円
年間収入,300～350万円,2012000709,325,万円
年間収入,300～350万円,2012001012,325,万円
年間収入,300～350万円,2013000103,323,万円
年間収入,300～350万円,2013000406,324,万円
年間収入,300～350万円,2013000709,325,万円
年間収入,300～350万円,2013001012,325,万円
年間収入,300～350万円,2014000103,323,万円
年間収入,300～350万円,2014000406,324,万円
年間収入,300～350万円,2014000709,325,万円
年間収入,300～350万円,2014001012,325,万円
年間収入,300～350万円,2015000103,325,万円
年間収入,300～350万円,2015000406,324,万円
年間収入,300～350万円,2015000709,323,万円
年間収入,300～350万円,2015001012,324,万円
年間収入,300～350万円,2016000103,324,万円
年間収入,300～350万円,2016000406,324,万円
年間収入,300～350万円,2016000709,324,万円
年間収入,300～350万円,2016001012,324,万円
年間収入,300～350万円,2017000103,323,万円
年間収入,300～350万円,2017000406,322,万円
年間収入,300～350万円,2017000709,322,万円
年間収入,300～350万円,2017001012,322,万円
年間収入,300～350万円,2018000103,323,万円
年間収入,300～350万円,2018000406,322,万円
年間収入,300～350万円,2018000709,321,万円
年間収入,300～350万円,2018001012,323,万円
年間収入,300～350万円,2019000103,324,万円
年間収入,300～350万円,2019000406,323,万円
年間収入,300～350万円,2019000709,323,万円
年間収入,300～350万円,2019001012,324,万円
年間収入,300～350万円,2020000103,324,万円
年間収入,300～350万円,2020000406,324,万円
年間収入,300～350万円,2020000709,324,万円
年間収入,300～350万円,2020001012,324,万円
年間収入,300～350万円,2021000103,325,万円
年間収入,300～350万円,2021000406,324,万円
年間収入,300～350万円,2021000709,323,万円
年間収入,300～350万円,2021001012,323,万円
年間収入,300～350万円,2022000103,322,万円
年間収入,300～350万円,2022000406,322,万円
年間収入,300～350万円,2022000709,323,万円
年間収入,300～350万円,2022001012,324,万円
年間収入,300～350万円,2023000103,324,万円
年間収入,300～350万円,2023000406,324,万円
年間収入,300～350万円,2023000709,324,万円
年間収入,300～350万円,2023001012,323,万円
年間収入,300～350万円,2024000103,322,万円
年間収入,300～350万円,2024000406,322,万円
年間収入,300～350万円,2024000709,323,万円
年間収入,300～350万円,2024001012,322,万円
年間収入,300～350万円,2025000103,323,万円
年間収入,300～350万円,2025000406,325,万円
年間収入,300～350万円,2025000709,324,万円
年間収入,300～350万円,2025001012,323,万円
年間収入,350～400万円,2002000103,375,万円
年間収入,350～400万円,2002000406,374,万円
年間収入,350～400万円,2002000709,373,万円
年間収入,350～400万円,2002001012,373,万円
年間収入,350～400万円,2003000103,373,万円
年間収入,350～400万円,2003000406,373,万円
年間収入,350～400万円,2003000709,373,万円
年間収入,350～400万円,2003001012,373,万円
年間収入,350～400万円,2004000103,373,万円
年間収入,350～400万円,2004000406,372,万円
年間収入,350～400万円,2004000709,373,万円
年間収入,350～400万円,2004001012,373,万円
年間収入,350～400万円,2005000103,373,万円
年間収入,350～400万円,2005000406,374,万円
年間収入,350～400万円,2005000709,374,万円
年間収入,350～400万円,2005001012,374,万円
年間収入,350～400万円,2006000103,374,万円
年間収入,350～400万円,2006000406,373,万円
年間収入,350～400万円,2006000709,372,万円
年間収入,350～400万円,2006001012,373,万円
年間収入,350～400万円,2007000103,373,万円
年間収入,350～400万円,2007000406,372,万円
年間収入,350～400万円,2007000709,372,万円
年間収入,350～400万円,2007001012,373,万円
年間収入,350～400万円,2008000103,372,万円
年間収入,350～400万円,2008000406,374,万円
年間収入,350～400万円,2008000709,374,万円
年間収入,350～400万円,2008001012,374,万円
年間収入,350～400万円,2009000103,375,万円
年間収入,350～400万円,2009000406,373,万円
年間収入,350～400万円,2009000709,373,万円
年間収入,350～400万円,2009001012,373,万円
年間収入,350～400万円,2010000103,373,万円
年間収入,350～400万円,2010000406,373,万円
年間収入,350～400万円,2010000709,373,万円
年間収入,350～400万円,2010001012,374,万円
年間収入,350～400万円,2011000103,374,万円
年間収入,350～400万円,2011000406,372,万円
年間収入,350～400万円,2011000709,372,万円
年間収入,350～400万円,2011001012,373,万円
年間収入,350～400万円,2012000103,373,万円
年間収入,350～400万円,2012000406,374,万円
年間収入,350～400万円,2012000709,373,万円
年間収入,350～400万円,2012001012,373,万円
年間収入,350～400万円,2013000103,373,万円
年間収入,350～400万円,2013000406,373,万円
年間収入,350～400万円,2013000709,373,万円
年間収入,350～400万円,2013001012,372,万円
年間収入,350～400万円,2014000103,372,万円
年間収入,350～400万円,2014000406,373,万円
年間収入,350～400万円,2014000709,373,万円
年間収入,350～400万円,2014001012,373,万円
年間収入,350～400万円,2015000103,373,万円
年間収入,350～400万円,2015000406,373,万円
年間収入,350～400万円,2015000709,372,万円
年間収入,350～400万円,2015001012,372,万円
年間収入,350～400万円,2016000103,373,万円
年間収入,350～400万円,2016000406,373,万円
年間収入,350～400万円,2016000709,373,万円
年間収入,350～400万円,2016001012,373,万円
年間収入,350～400万円,2017000103,374,万円
年間収入,350～400万円,2017000406,373,万円
年間収入,350～400万円,2017000709,373,万円
年間収入,350～400万円,2017001012,372,万円
年間収入,350～400万円,2018000103,372,万円
年間収入,350～400万円,2018000406,373,万円
年間収入,350～400万円,2018000709,373,万円
年間収入,350～400万円,2018001012,373,万円
年間収入,350～400万円,2019000103,373,万円
年間収入,350～400万円,2019000406,373,万円
年間収入,350～400万円,2019000709,373,万円
年間収入,350～400万円,2019001012,373,万円
年間収入,350～400万円,2020000103,373,万円
年間収入,350～400万円,2020000406,372,万円
年間収入,350～400万円,2020000709,372,万円
年間収入,350～400万円,2020001012,372,万円
年間収入,350～400万円,2021000103,372,万円
年間収入,350～400万円,2021000406,372,万円
年間収入,350～400万円,2021000709,373,万円
年間収入,350～400万円,2021001012,373,万円
年間収入,350～400万円,2022000103,373,万円
年間収入,350～400万円,2022000406,373,万円
年間収入,350～400万円,2022000709,373,万円
年間収入,350～400万円,2022001012,374,万円
年間収入,350～400万円,2023000103,375,万円
年間収入,350～400万円,2023000406,374,万円
年間収入,350～400万円,2023000709,374,万円
年間収入,350～400万円,2023001012,374,万円
年間収入,350～400万円,2024000103,374,万円
年間収入,350～400万円,2024000406,373,万円
年間収入,350～400万円,2024000709,373,万円
年間収入,350～400万円,2024001012,373,万円
年間収入,350～400万円,2025000103,373,万円
年間収入,350～400万円,2025000406,372,万円
年間収入,350～400万円,2025000709,372,万円
年間収入,350～400万円,2025001012,371,万円
年間収入,400～450万円,2002000103,423,万円
年間収入,400～450万円,2002000406,423,万円
年間収入,400～450万円,2002000709,423,万円
年間収入,400～450万円,2002001012,423,万円
年間収入,400～450万円,2003000103,423,万円
年間収入,400～450万円,2003000406,422,万円
年間収入,400～450万円,2003000709,422,万円
年間収入,400～450万円,2003001012,422,万円
年間収入,400～450万円,2004000103,422,万円
年間収入,400～450万円,2004000406,422,万円
年間収入,400～450万円,2004000709,423,万円
年間収入,400～450万円,2004001012,424,万円
年間収入,400～450万円,2005000103,423,万円
年間収入,400～450万円,2005000406,423,万円
年間収入,400～450万円,2005000709,423,万円
年間収入,400～450万円,2005001012,423,万円
年間収入,400～450万円,2006000103,423,万円
年間収入,400～450万円,2006000406,423,万円
年間収入,400～450万円,2006000709,423,万円
年間収入,400～450万円,2006001012,422,万円
年間収入,400～450万円,2007000103,422,万円
年間収入,400～450万円,2007000406,421,万円
年間収入,400～450万円,2007000709,421,万円
年間収入,400～450万円,2007001012,422,万円
年間収入,400～450万円,2008000103,422,万円
年間収入,400～450万円,2008000406,423,万円
年間収入,400～450万円,2008000709,424,万円
年間収入,400～450万円,2008001012,424,万円
年間収入,400～450万円,2009000103,422,万円
年間収入,400～450万円,2009000406,422,万円
年間収入,400～450万円,2009000709,423,万円
年間収入,400～450万円,2009001012,423,万円
年間収入,400～450万円,2010000103,423,万円
年間収入,400～450万円,2010000406,423,万円
年間収入,400～450万円,2010000709,422,万円
年間収入,400～450万円,2010001012,422,万円
年間収入,400～450万円,2011000103,423,万円
年間収入,400～450万円,2011000406,422,万円
年間収入,400～450万円,2011000709,421,万円
年間収入,400～450万円,2011001012,422,万円
年間収入,400～450万円,2012000103,422,万円
年間収入,400～450万円,2012000406,422,万円
年間収入,400～450万円,2012000709,423,万円
年間収入,400～450万円,2012001012,422,万円
年間収入,400～450万円,2013000103,421,万円
年間収入,400～450万円,2013000406,422,万円
年間収入,400～450万円,2013000709,422,万円
年間収入,400～450万円,2013001012,422,万円
年間収入,400～450万円,2014000103,423,万円
年間収入,400～450万円,2014000406,424,万円
年間収入,400～450万円,2014000709,423,万円
年間収入,400～450万円,2014001012,424,万円
年間収入,400～450万円,2015000103,424,万円
年間収入,400～450万円,2015000406,423,万円
年間収入,400～450万円,2015000709,423,万円
年間収入,400～450万円,2015001012,423,万円
年間収入,400～450万円,2016000103,423,万円
年間収入,400～450万円,2016000406,422,万円
年間収入,400～450万円,2016000709,421,万円
年間収入,400～450万円,2016001012,422,万円
年間収入,400～450万円,2017000103,423,万円
年間収入,400～450万円,2017000406,422,万円
年間収入,400～450万円,2017000709,422,万円
年間収入,400～450万円,2017001012,422,万円
年間収入,400～450万円,2018000103,422,万円
年間収入,400～450万円,2018000406,422,万円
年間収入,400～450万円,2018000709,421,万円
年間収入,400～450万円,2018001012,422,万円
年間収入,400～450万円,2019000103,422,万円
年間収入,400～450万円,2019000406,422,万円
年間収入,400～450万円,2019000709,424,万円
年間収入,400～450万円,2019001012,424,万円
年間収入,400～450万円,2020000103,423,万円
年間収入,400～450万円,2020000406,422,万円
年間収入,400～450万円,2020000709,423,万円
年間収入,400～450万円,2020001012,423,万円
年間収入,400～450万円,2021000103,423,万円
年間収入,400～450万円,2021000406,423,万円
年間収入,400～450万円,2021000709,423,万円
年間収入,400～450万円,2021001012,424,万円
年間収入,400～450万円,2022000103,423,万円
年間収入,400～450万円,2022000406,421,万円
年間収入,400～450万円,2022000709,422,万円
年間収入,400～450万円,2022001012,422,万円
年間収入,400～450万円,2023000103,424,万円
年間収入,400～450万円,2023000406,424,万円
年間収入,400～450万円,2023000709,424,万円
年間収入,400～450万円,2023001012,424,万円
年間収入,400～450万円,2024000103,424,万円
年間収入,400～450万円,2024000406,422,万円
年間収入,400～450万円,2024000709,422,万円
年間収入,400～450万円,2024001012,422,万円
年間収入,400～450万円,2025000103,422,万円
年間収入,400～450万円,2025000406,421,万円
年間収入,400～450万円,2025000709,421,万円
年間収入,400～450万円,2025001012,423,万円
年間収入,450～500万円,2002000103,473,万円
年間収入,450～500万円,2002000406,473,万円
年間収入,450～500万円,2002000709,473,万円
年間収入,450～500万円,2002001012,474,万円
年間収入,450～500万円,2003000103,474,万円
年間収入,450～500万円,2003000406,472,万円
年間収入,450～500万円,2003000709,473,万円
年間収入,450～500万円,2003001012,473,万円
年間収入,450～500万円,2004000103,472,万円
年間収入,450～500万円,2004000406,473,万円
年間収入,450～500万円,2004000709,472,万円
年間収入,450～500万円,2004001012,472,万円
年間収入,450～500万円,2005000103,472,万円
年間収入,450～500万円,2005000406,473,万円
年間収入,450～500万円,2005000709,474,万円
年間収入,450～500万円,2005001012,474,万円
年間収入,450～500万円,2006000103,474,万円
年間収入,450～500万円,2006000406,473,万円
年間収入,450～500万円,2006000709,473,万円
年間収入,450～500万円,2006001012,472,万円
年間収入,450～500万円,2007000103,473,万円
年間収入,450～500万円,2007000406,473,万円
年間収入,450～500万円,2007000709,473,万円
年間収入,450～500万円,2007001012,474,万円
年間収入,450～500万円,2008000103,473,万円
年間収入,450～500万円,2008000406,473,万円
年間収入,450～500万円,2008000709,472,万円
年間収入,450～500万円,2008001012,472,万円
年間収入,450～500万円,2009000103,472,万円
年間収入,450～500万円,2009000406,473,万円
年間収入,450～500万円,2009000709,474,万円
年間収入,450～500万円,2009001012,474,万円
年間収入,450～500万円,2010000103,473,万円
年間収入,450～500万円,2010000406,473,万円
年間収入,450～500万円,2010000709,473,万円
年間収入,450～500万円,2010001012,473,万円
年間収入,450～500万円,2011000103,473,万円
年間収入,450～500万円,2011000406,472,万円
年間収入,450～500万円,2011000709,472,万円
年間収入,450～500万円,2011001012,472,万円
年間収入,450～500万円,2012000103,472,万円
年間収入,450～500万円,2012000406,472,万円
年間収入,450～500万円,2012000709,473,万円
年間収入,450～500万円,2012001012,473,万円
年間収入,450～500万円,2013000103,474,万円
年間収入,450～500万円,2013000406,473,万円
年間収入,450～500万円,2013000709,474,万円
年間収入,450～500万円,2013001012,473,万円
年間収入,450～500万円,2014000103,472,万円
年間収入,450～500万円,2014000406,473,万円
年間収入,450～500万円,2014000709,473,万円
年間収入,450～500万円,2014001012,473,万円
年間収入,450～500万円,2015000103,474,万円
年間収入,450～500万円,2015000406,475,万円
年間収入,450～500万円,2015000709,474,万円
年間収入,450～500万円,2015001012,473,万円
年間収入,450～500万円,2016000103,475,万円
年間収入,450～500万円,2016000406,475,万円
年間収入,450～500万円,2016000709,473,万円
年間収入,450～500万円,2016001012,472,万円
年間収入,450～500万円,2017000103,472,万円
年間収入,450～500万円,2017000406,474,万円
年間収入,450～500万円,2017000709,473,万円
年間収入,450～500万円,2017001012,473,万円
年間収入,450～500万円,2018000103,472,万円
年間収入,450～500万円,2018000406,472,万円
年間収入,450～500万円,2018000709,473,万円
年間収入,450～500万円,2018001012,474,万円
年間収入,450～500万円,2019000103,472,万円
年間収入,450～500万円,2019000406,472,万円
年間収入,450～500万円,2019000709,474,万円
年間収入,450～500万円,2019001012,474,万円
年間収入,450～500万円,2020000103,473,万円
年間収入,450～500万円,2020000406,473,万円
年間収入,450～500万円,2020000709,473,万円
年間収入,450～500万円,2020001012,473,万円
年間収入,450～500万円,2021000103,472,万円
年間収入,450～500万円,2021000406,473,万円
年間収入,450～500万円,2021000709,473,万円
年間収入,450～500万円,2021001012,472,万円
年間収入,450～500万円,2022000103,473,万円
年間収入,450～500万円,2022000406,474,万円
年間収入,450～500万円,2022000709,473,万円
年間収入,450～500万円,2022001012,470,万円
年間収入,450～500万円,2023000103,471,万円
年間収入,450～500万円,2023000406,473,万円
年間収入,450～500万円,2023000709,475,万円
年間収入,450～500万円,2023001012,475,万円
年間収入,450～500万円,2024000103,473,万円
年間収入,450～500万円,2024000406,474,万円
年間収入,450～500万円,2024000709,474,万円
年間収入,450～500万円,2024001012,474,万円
年間収入,450～500万円,2025000103,474,万円
年間収入,450～500万円,2025000406,473,万円
年間収入,450～500万円,2025000709,475,万円
年間収入,450～500万円,2025001012,474,万円
年間収入,500～550万円,2002000103,522,万円
年間収入,500～550万円,2002000406,523,万円
年間収入,500～550万円,2002000709,524,万円
年間収入,500～550万円,2002001012,523,万円
年間収入,500～550万円,2003000103,522,万円
年間収入,500～550万円,2003000406,523,万円
年間収入,500～550万円,2003000709,522,万円
年間収入,500～550万円,2003001012,522,万円
年間収入,500～550万円,2004000103,522,万円
年間収入,500～550万円,2004000406,521,万円
年間収入,500～550万円,2004000709,521,万円
年間収入,500～550万円,2004001012,521,万円
年間収入,500～550万円,2005000103,523,万円
年間収入,500～550万円,2005000406,524,万円
年間収入,500～550万円,2005000709,523,万円
年間収入,500～550万円,2005001012,523,万円
年間収入,500～550万円,2006000103,523,万円
年間収入,500～550万円,2006000406,521,万円
年間収入,500～550万円,2006000709,522,万円
年間収入,500～550万円,2006001012,522,万円
年間収入,500～550万円,2007000103,523,万円
年間収入,500～550万円,2007000406,524,万円
年間収入,500～550万円,2007000709,523,万円
年間収入,500～550万円,2007001012,521,万円
年間収入,500～550万円,2008000103,521,万円
年間収入,500～550万円,2008000406,522,万円
年間収入,500～550万円,2008000709,523,万円
年間収入,500～550万円,2008001012,522,万円
年間収入,500～550万円,2009000103,521,万円
年間収入,500～550万円,2009000406,521,万円
年間収入,500～550万円,2009000709,521,万円
年間収入,500～550万円,2009001012,522,万円
年間収入,500～550万円,2010000103,524,万円
年間収入,500～550万円,2010000406,525,万円
年間収入,500～550万円,2010000709,524,万円
年間収入,500～550万円,2010001012,523,万円
年間収入,500～550万円,2011000103,523,万円
年間収入,500～550万円,2011000406,524,万円
年間収入,500～550万円,2011000709,524,万円
年間収入,500～550万円,2011001012,523,万円
年間収入,500～550万円,2012000103,522,万円
年間収入,500～550万円,2012000406,522,万円
年間収入,500～550万円,2012000709,522,万円
年間収入,500～550万円,2012001012,522,万円
年間収入,500～550万円,2013000103,521,万円
年間収入,500～550万円,2013000406,521,万円
年間収入,500～550万円,2013000709,521,万円
年間収入,500～550万円,2013001012,521,万円
年間収入,500～550万円,2014000103,521,万円
年間収入,500～550万円,2014000406,521,万円
年間収入,500～550万円,2014000709,523,万円
年間収入,500～550万円,2014001012,523,万円
年間収入,500～550万円,2015000103,522,万円
年間収入,500～550万円,2015000406,522,万円
年間収入,500～550万円,2015000709,522,万円
年間収入,500～550万円,2015001012,523,万円
年間収入,500～550万円,2016000103,522,万円
年間収入,500～550万円,2016000406,522,万円
年間収入,500～550万円,2016000709,523,万円
年間収入,500～550万円,2016001012,524,万円
年間収入,500～550万円,2017000103,523,万円
年間収入,500～550万円,2017000406,523,万円
年間収入,500～550万円,2017000709,522,万円
年間収入,500～550万円,2017001012,521,万円
年間収入,500～550万円,2018000103,521,万円
年間収入,500～550万円,2018000406,520,万円
年間収入,500～550万円,2018000709,521,万円
年間収入,500～550万円,2018001012,523,万円
年間収入,500～550万円,2019000103,524,万円
年間収入,500～550万円,2019000406,523,万円
年間収入,500～550万円,2019000709,523,万円
年間収入,500～550万円,2019001012,523,万円
年間収入,500～550万円,2020000103,522,万円
年間収入,500～550万円,2020000406,522,万円
年間収入,500～550万円,2020000709,522,万円
年間収入,500～550万円,2020001012,521,万円
年間収入,500～550万円,2021000103,522,万円
年間収入,500～550万円,2021000406,522,万円
年間収入,500～550万円,2021000709,522,万円
年間収入,500～550万円,2021001012,523,万円
年間収入,500～550万円,2022000103,522,万円
年間収入,500～550万円,2022000406,521,万円
年間収入,500～550万円,2022000709,522,万円
年間収入,500～550万円,2022001012,522,万円
年間収入,500～550万円,2023000103,522,万円
年間収入,500～550万円,2023000406,522,万円
年間収入,500～550万円,2023000709,522,万円
年間収入,500～550万円,2023001012,521,万円
年間収入,500～550万円,2024000103,522,万円
年間収入,500～550万円,2024000406,524,万円
年間収入,500～550万円,2024000709,524,万円
年間収入,500～550万円,2024001012,522,万円
年間収入,500～550万円,2025000103,523,万円
年間収入,500～550万円,2025000406,522,万円
年間収入,500～550万円,2025000709,520,万円
年間収入,500～550万円,2025001012,521,万円
年間収入,550～600万円,2002000103,571,万円
年間収入,550～600万円,2002000406,571,万円
年間収入,550～600万円,2002000709,570,万円
年間収入,550～600万円,2002001012,571,万円
年間収入,550～600万円,2003000103,573,万円
年間収入,550～600万円,2003000406,572,万円
年間収入,550～600万円,2003000709,572,万円
年間収入,550～600万円,2003001012,573,万円
年間収入,550～600万円,2004000103,574,万円
年間収入,550～600万円,2004000406,574,万円
年間収入,550～600万円,2004000709,574,万円
年間収入,550～600万円,2004001012,573,万円
年間収入,550～600万円,2005000103,573,万円
年間収入,550～600万円,2005000406,572,万円
年間収入,550～600万円,2005000709,572,万円
年間収入,550～600万円,2005001012,573,万円
年間収入,550～600万円,2006000103,571,万円
年間収入,550～600万円,2006000406,570,万円
年間収入,550～600万円,2006000709,573,万円
年間収入,550～600万円,2006001012,573,万円
年間収入,550～600万円,2007000103,572,万円
年間収入,550～600万円,2007000406,571,万円
年間収入,550～600万円,2007000709,572,万円
年間収入,550～600万円,2007001012,573,万円
年間収入,550～600万円,2008000103,572,万円
年間収入,550～600万円,2008000406,572,万円
年間収入,550～600万円,2008000709,572,万円
年間収入,550～600万円,2008001012,572,万円
年間収入,550～600万円,2009000103,573,万円
年間収入,550～600万円,2009000406,572,万円
年間収入,550～600万円,2009000709,572,万円
年間収入,550～600万円,2009001012,574,万円
年間収入,550～600万円,2010000103,573,万円
年間収入,550～600万円,2010000406,572,万円
年間収入,550～600万円,2010000709,572,万円
年間収入,550～600万円,2010001012,573,万円
年間収入,550～600万円,2011000103,573,万円
年間収入,550～600万円,2011000406,574,万円
年間収入,550～600万円,2011000709,575,万円
年間収入,550～600万円,2011001012,574,万円
年間収入,550～600万円,2012000103,572,万円
年間収入,550～600万円,2012000406,573,万円
年間収入,550～600万円,2012000709,574,万円
年間収入,550～600万円,2012001012,574,万円
年間収入,550～600万円,2013000103,573,万円
年間収入,550～600万円,2013000406,572,万円
年間収入,550～600万円,2013000709,571,万円
年間収入,550～600万円,2013001012,571,万円
年間収入,550～600万円,2014000103,571,万円
年間収入,550～600万円,2014000406,572,万円
年間収入,550～600万円,2014000709,574,万円
年間収入,550～600万円,2014001012,575,万円
年間収入,550～600万円,2015000103,573,万円
年間収入,550～600万円,2015000406,572,万円
年間収入,550～600万円,2015000709,572,万円
年間収入,550～600万円,2015001012,572,万円
年間収入,550～600万円,2016000103,572,万円
年間収入,550～600万円,2016000406,573,万円
年間収入,550～600万円,2016000709,572,万円
年間収入,550～600万円,2016001012,573,万円
年間収入,550～600万円,2017000103,575,万円
年間収入,550～600万円,2017000406,572,万円
年間収入,550～600万円,2017000709,573,万円
年間収入,550～600万円,2017001012,573,万円
年間収入,550～600万円,2018000103,571,万円
年間収入,550～600万円,2018000406,572,万円
年間収入,550～600万円,2018000709,573,万円
年間収入,550～600万円,2018001012,573,万円
年間収入,550～600万円,2019000103,574,万円
年間収入,550～600万円,2019000406,575,万円
年間収入,550～600万円,2019000709,574,万円
年間収入,550～600万円,2019001012,572,万円
年間収入,550～600万円,2020000103,572,万円
年間収入,550～600万円,2020000406,572,万円
年間収入,550～600万円,2020000709,572,万円
年間収入,550～600万円,2020001012,574,万円
年間収入,550～600万円,2021000103,576,万円
年間収入,550～600万円,2021000406,574,万円
年間収入,550～600万円,2021000709,574,万円
年間収入,550～600万円,2021001012,572,万円
年間収入,550～600万円,2022000103,572,万円
年間収入,550～600万円,2022000406,573,万円
年間収入,550～600万円,2022000709,573,万円
年間収入,550～600万円,2022001012,572,万円
年間収入,550～600万円,2023000103,572,万円
年間収入,550～600万円,2023000406,572,万円
年間収入,550～600万円,2023000709,572,万円
年間収入,550～600万円,2023001012,572,万円
年間収入,550～600万円,2024000103,573,万円
年間収入,550～600万円,2024000406,573,万円
年間収入,550～600万円,2024000709,572,万円
年間収入,550～600万円,2024001012,572,万円
年間収入,550～600万円,2025000103,573,万円
年間収入,550～600万円,2025000406,573,万円
年間収入,550～600万円,2025000709,572,万円
年間収入,550～600万円,2025001012,572,万円
年間収入,600～650万円,2002000103,622,万円
年間収入,600～650万円,2002000406,621,万円
年間収入,600～650万円,2002000709,621,万円
年間収入,600～650万円,2002001012,622,万円
年間収入,600～650万円,2003000103,621,万円
年間収入,600～650万円,2003000406,621,万円
年間収入,600～650万円,2003000709,621,万円
年間収入,600～650万円,2003001012,621,万円
年間収入,600～650万円,2004000103,621,万円
年間収入,600～650万円,2004000406,622,万円
年間収入,600～650万円,2004000709,621,万円
年間収入,600～650万円,2004001012,620,万円
年間収入,600～650万円,2005000103,620,万円
年間収入,600～650万円,2005000406,622,万円
年間収入,600～650万円,2005000709,621,万円
年間収入,600～650万円,2005001012,621,万円
年間収入,600～650万円,2006000103,621,万円
年間収入,600～650万円,2006000406,620,万円
年間収入,600～650万円,2006000709,620,万円
年間収入,600～650万円,2006001012,621,万円
年間収入,600～650万円,2007000103,621,万円
年間収入,600～650万円,2007000406,621,万円
年間収入,600～650万円,2007000709,622,万円
年間収入,600～650万円,2007001012,621,万円
年間収入,600～650万円,2008000103,622,万円
年間収入,600～650万円,2008000406,622,万円
年間収入,600～650万円,2008000709,622,万円
年間収入,600～650万円,2008001012,621,万円
年間収入,600～650万円,2009000103,621,万円
年間収入,600～650万円,2009000406,621,万円
年間収入,600～650万円,2009000709,621,万円
年間収入,600～650万円,2009001012,620,万円
年間収入,600～650万円,2010000103,620,万円
年間収入,600～650万円,2010000406,621,万円
年間収入,600～650万円,2010000709,622,万円
年間収入,600～650万円,2010001012,622,万円
年間収入,600～650万円,2011000103,620,万円
年間収入,600～650万円,2011000406,620,万円
年間収入,600～650万円,2011000709,622,万円
年間収入,600～650万円,2011001012,622,万円
年間収入,600～650万円,2012000103,621,万円
年間収入,600～650万円,2012000406,622,万円
年間収入,600～650万円,2012000709,622,万円
年間収入,600～650万円,2012001012,621,万円
年間収入,600～650万円,2013000103,621,万円
年間収入,600～650万円,2013000406,621,万円
年間収入,600～650万円,2013000709,621,万円
年間収入,600～650万円,2013001012,622,万円
年間収入,600～650万円,2014000103,622,万円
年間収入,600～650万円,2014000406,620,万円
年間収入,600～650万円,2014000709,620,万円
年間収入,600～650万円,2014001012,620,万円
年間収入,600～650万円,2015000103,621,万円
年間収入,600～650万円,2015000406,620,万円
年間収入,600～650万円,2015000709,619,万円
年間収入,600～650万円,2015001012,621,万円
年間収入,600～650万円,2016000103,622,万円
年間収入,600～650万円,2016000406,621,万円
年間収入,600～650万円,2016000709,620,万円
年間収入,600～650万円,2016001012,621,万円
年間収入,600～650万円,2017000103,620,万円
年間収入,600～650万円,2017000406,621,万円
年間収入,600～650万円,2017000709,622,万円
年間収入,600～650万円,2017001012,623,万円
年間収入,600～650万円,2018000103,622,万円
年間収入,600～650万円,2018000406,622,万円
年間収入,600～650万円,2018000709,623,万円
年間収入,600～650万円,2018001012,622,万円
年間収入,600～650万円,2019000103,622,万円
年間収入,600～650万円,2019000406,622,万円
年間収入,600～650万円,2019000709,621,万円
年間収入,600～650万円,2019001012,622,万円
年間収入,600～650万円,2020000103,623,万円
年間収入,600～650万円,2020000406,622,万円
年間収入,600～650万円,2020000709,621,万円
年間収入,600～650万円,2020001012,621,万円
年間収入,600～650万円,2021000103,621,万円
年間収入,600～650万円,2021000406,621,万円
年間収入,600～650万円,2021000709,621,万円
年間収入,600～650万円,2021001012,621,万円
年間収入,600～650万円,2022000103,622,万円
年間収入,600～650万円,2022000406,623,万円
年間収入,600～650万円,2022000709,622,万円
年間収入,600～650万円,2022001012,622,万円
年間収入,600～650万円,2023000103,621,万円
年間収入,600～650万円,2023000406,622,万円
年間収入,600～650万円,2023000709,621,万円
年間収入,600～650万円,2023001012,621,万円
年間収入,600～650万円,2024000103,621,万円
年間収入,600～650万円,2024000406,623,万円
年間収入,600～650万円,2024000709,623,万円
年間収入,600～650万円,2024001012,621,万円
年間収入,600～650万円,2025000103,621,万円
年間収入,600～650万円,2025000406,624,万円
年間収入,600～650万円,2025000709,624,万円
年間収入,600～650万円,2025001012,623,万円
年間収入,650～700万円,2002000103,672,万円
年間収入,650～700万円,2002000406,673,万円
年間収入,650～700万円,2002000709,673,万円
年間収入,650～700万円,2002001012,672,万円
年間収入,650～700万円,2003000103,672,万円
年間収入,650～700万円,2003000406,674,万円
年間収入,650～700万円,2003000709,674,万円
年間収入,650～700万円,2003001012,673,万円
年間収入,650～700万円,2004000103,673,万円
年間収入,650～700万円,2004000406,674,万円
年間収入,650～700万円,2004000709,673,万円
年間収入,650～700万円,2004001012,671,万円
年間収入,650～700万円,2005000103,671,万円
年間収入,650～700万円,2005000406,672,万円
年間収入,650～700万円,2005000709,673,万円
年間収入,650～700万円,2005001012,672,万円
年間収入,650～700万円,2006000103,672,万円
年間収入,650～700万円,2006000406,673,万円
年間収入,650～700万円,2006000709,672,万円
年間収入,650～700万円,2006001012,671,万円
年間収入,650～700万円,2007000103,672,万円
年間収入,650～700万円,2007000406,673,万円
年間収入,650～700万円,2007000709,673,万円
年間収入,650～700万円,2007001012,672,万円
年間収入,650～700万円,2008000103,672,万円
年間収入,650～700万円,2008000406,672,万円
年間収入,650～700万円,2008000709,673,万円
年間収入,650～700万円,2008001012,674,万円
年間収入,650～700万円,2009000103,674,万円
年間収入,650～700万円,2009000406,672,万円
年間収入,650～700万円,2009000709,673,万円
年間収入,650～700万円,2009001012,673,万円
年間収入,650～700万円,2010000103,674,万円
年間収入,650～700万円,2010000406,672,万円
年間収入,650～700万円,2010000709,672,万円
年間収入,650～700万円,2010001012,672,万円
年間収入,650～700万円,2011000103,672,万円
年間収入,650～700万円,2011000406,672,万円
年間収入,650～700万円,2011000709,673,万円
年間収入,650～700万円,2011001012,674,万円
年間収入,650～700万円,2012000103,673,万円
年間収入,650～700万円,2012000406,673,万円
年間収入,650～700万円,2012000709,673,万円
年間収入,650～700万円,2012001012,674,万円
年間収入,650～700万円,2013000103,674,万円
年間収入,650～700万円,2013000406,673,万円
年間収入,650～700万円,2013000709,672,万円
年間収入,650～700万円,2013001012,672,万円
年間収入,650～700万円,2014000103,671,万円
年間収入,650～700万円,2014000406,672,万円
年間収入,650～700万円,2014000709,673,万円
年間収入,650～700万円,2014001012,673,万円
年間収入,650～700万円,2015000103,672,万円
年間収入,650～700万円,2015000406,672,万円
年間収入,650～700万円,2015000709,671,万円
年間収入,650～700万円,2015001012,672,万円
年間収入,650～700万円,2016000103,673,万円
年間収入,650～700万円,2016000406,672,万円
年間収入,650～700万円,2016000709,672,万円
年間収入,650～700万円,2016001012,675,万円
年間収入,650～700万円,2017000103,675,万円
年間収入,650～700万円,2017000406,673,万円
年間収入,650～700万円,2017000709,673,万円
年間収入,650～700万円,2017001012,674,万円
年間収入,650～700万円,2018000103,674,万円
年間収入,650～700万円,2018000406,674,万円
年間収入,650～700万円,2018000709,674,万円
年間収入,650～700万円,2018001012,673,万円
年間収入,650～700万円,2019000103,673,万円
年間収入,650～700万円,2019000406,673,万円
年間収入,650～700万円,2019000709,672,万円
年間収入,650～700万円,2019001012,674,万円
年間収入,650～700万円,2020000103,673,万円
年間収入,650～700万円,2020000406,672,万円
年間収入,650～700万円,2020000709,673,万円
年間収入,650～700万円,2020001012,673,万円
年間収入,650～700万円,2021000103,671,万円
年間収入,650～700万円,2021000406,673,万円
年間収入,650～700万円,2021000709,674,万円
年間収入,650～700万円,2021001012,673,万円
年間収入,650～700万円,2022000103,672,万円
年間収入,650～700万円,2022000406,673,万円
年間収入,650～700万円,2022000709,673,万円
年間収入,650～700万円,2022001012,673,万円
年間収入,650～700万円,2023000103,674,万円
年間収入,650～700万円,2023000406,673,万円
年間収入,650～700万円,2023000709,671,万円
年間収入,650～700万円,2023001012,671,万円
年間収入,650～700万円,2024000103,673,万円
年間収入,650～700万円,2024000406,672,万円
年間収入,650～700万円,2024000709,671,万円
年間収入,650～700万円,2024001012,673,万円
年間収入,650～700万円,2025000103,674,万円
年間収入,650～700万円,2025000406,672,万円
年間収入,650～700万円,2025000709,671,万円
年間収入,650～700万円,2025001012,672,万円
年間収入,700～750万円,2002000103,721,万円
年間収入,700～750万円,2002000406,721,万円
年間収入,700～750万円,2002000709,721,万円
年間収入,700～750万円,2002001012,722,万円
年間収入,700～750万円,2003000103,722,万円
年間収入,700～750万円,2003000406,721,万円
年間収入,700～750万円,2003000709,721,万円
年間収入,700～750万円,2003001012,720,万円
年間収入,700～750万円,2004000103,720,万円
年間収入,700～750万円,2004000406,722,万円
年間収入,700～750万円,2004000709,722,万円
年間収入,700～750万円,2004001012,721,万円
年間収入,700～750万円,2005000103,721,万円
年間収入,700～750万円,2005000406,722,万円
年間収入,700～750万円,2005000709,721,万円
年間収入,700～750万円,2005001012,720,万円
年間収入,700～750万円,2006000103,719,万円
年間収入,700～750万円,2006000406,720,万円
年間収入,700～750万円,2006000709,721,万円
年間収入,700～750万円,2006001012,721,万円
年間収入,700～750万円,2007000103,721,万円
年間収入,700～750万円,2007000406,720,万円
年間収入,700～750万円,2007000709,720,万円
年間収入,700～750万円,2007001012,721,万円
年間収入,700～750万円,2008000103,721,万円
年間収入,700～750万円,2008000406,721,万円
年間収入,700～750万円,2008000709,721,万円
年間収入,700～750万円,2008001012,720,万円
年間収入,700～750万円,2009000103,720,万円
年間収入,700～750万円,2009000406,722,万円
年間収入,700～750万円,2009000709,722,万円
年間収入,700～750万円,2009001012,721,万円
年間収入,700～750万円,2010000103,721,万円
年間収入,700～750万円,2010000406,721,万円
年間収入,700～750万円,2010000709,721,万円
年間収入,700～750万円,2010001012,720,万円
年間収入,700～750万円,2011000103,721,万円
年間収入,700～750万円,2011000406,723,万円
年間収入,700～750万円,2011000709,722,万円
年間収入,700～750万円,2011001012,724,万円
年間収入,700～750万円,2012000103,723,万円
年間収入,700～750万円,2012000406,723,万円
年間収入,700～750万円,2012000709,721,万円
年間収入,700～750万円,2012001012,723,万円
年間収入,700～750万円,2013000103,724,万円
年間収入,700～750万円,2013000406,722,万円
年間収入,700～750万円,2013000709,720,万円
年間収入,700～750万円,2013001012,721,万円
年間収入,700～750万円,2014000103,723,万円
年間収入,700～750万円,2014000406,720,万円
年間収入,700～750万円,2014000709,720,万円
年間収入,700～750万円,2014001012,722,万円
年間収入,700～750万円,2015000103,723,万円
年間収入,700～750万円,2015000406,723,万円
年間収入,700～750万円,2015000709,724,万円
年間収入,700～750万円,2015001012,725,万円
年間収入,700～750万円,2016000103,723,万円
年間収入,700～750万円,2016000406,722,万円
年間収入,700～750万円,2016000709,721,万円
年間収入,700～750万円,2016001012,721,万円
年間収入,700～750万円,2017000103,722,万円
年間収入,700～750万円,2017000406,722,万円
年間収入,700～750万円,2017000709,720,万円
年間収入,700～750万円,2017001012,721,万円
年間収入,700～750万円,2018000103,722,万円
年間収入,700～750万円,2018000406,721,万円
年間収入,700～750万円,2018000709,722,万円
年間収入,700～750万円,2018001012,723,万円
年間収入,700～750万円,2019000103,721,万円
年間収入,700～750万円,2019000406,720,万円
年間収入,700～750万円,2019000709,719,万円
年間収入,700～750万円,2019001012,718,万円
年間収入,700～750万円,2020000103,719,万円
年間収入,700～750万円,2020000406,721,万円
年間収入,700～750万円,2020000709,722,万円
年間収入,700～750万円,2020001012,722,万円
年間収入,700～750万円,2021000103,720,万円
年間収入,700～750万円,2021000406,721,万円
年間収入,700～750万円,2021000709,721,万円
年間収入,700～750万円,2021001012,722,万円
年間収入,700～750万円,2022000103,723,万円
年間収入,700～750万円,2022000406,722,万円
年間収入,700～750万円,2022000709,721,万円
年間収入,700～750万円,2022001012,721,万円
年間収入,700～750万円,2023000103,723,万円
年間収入,700～750万円,2023000406,722,万円
年間収入,700～750万円,2023000709,721,万円
年間収入,700～750万円,2023001012,722,万円
年間収入,700～750万円,2024000103,722,万円
年間収入,700～750万円,2024000406,720,万円
年間収入,700～750万円,2024000709,721,万円
年間収入,700～750万円,2024001012,721,万円
年間収入,700～750万円,2025000103,722,万円
年間収入,700～750万円,2025000406,721,万円
年間収入,700～750万円,2025000709,721,万円
年間収入,700～750万円,2025001012,722,万円
年間収入,750～800万円,2002000103,772,万円
年間収入,750～800万円,2002000406,772,万円
年間収入,750～800万円,2002000709,773,万円
年間収入,750～800万円,2002001012,772,万円
年間収入,750～800万円,2003000103,773,万円
年間収入,750～800万円,2003000406,774,万円
年間収入,750～800万円,2003000709,773,万円
年間収入,750～800万円,2003001012,773,万円
年間収入,750～800万円,2004000103,774,万円
年間収入,750～800万円,2004000406,773,万円
年間収入,750～800万円,2004000709,772,万円
年間収入,750～800万円,2004001012,773,万円
年間収入,750～800万円,2005000103,772,万円
年間収入,750～800万円,2005000406,772,万円
年間収入,750～800万円,2005000709,773,万円
年間収入,750～800万円,2005001012,773,万円
年間収入,750～800万円,2006000103,772,万円
年間収入,750～800万円,2006000406,772,万円
年間収入,750～800万円,2006000709,773,万円
年間収入,750～800万円,2006001012,773,万円
年間収入,750～800万円,2007000103,772,万円
年間収入,750～800万円,2007000406,772,万円
年間収入,750～800万円,2007000709,773,万円
年間収入,750～800万円,2007001012,774,万円
年間収入,750～800万円,2008000103,772,万円
年間収入,750～800万円,2008000406,773,万円
年間収入,750～800万円,2008000709,774,万円
年間収入,750～800万円,2008001012,773,万円
年間収入,750～800万円,2009000103,773,万円
年間収入,750～800万円,2009000406,772,万円
年間収入,750～800万円,2009000709,770,万円
年間収入,750～800万円,2009001012,771,万円
年間収入,750～800万円,2010000103,771,万円
年間収入,750～800万円,2010000406,772,万円
年間収入,750～800万円,2010000709,773,万円
年間収入,750～800万円,2010001012,772,万円
年間収入,750～800万円,2011000103,771,万円
年間収入,750～800万円,2011000406,772,万円
年間収入,750～800万円,2011000709,772,万円
年間収入,750～800万円,2011001012,771,万円
年間収入,750～800万円,2012000103,773,万円
年間収入,750～800万円,2012000406,771,万円
年間収入,750～800万円,2012000709,771,万円
年間収入,750～800万円,2012001012,772,万円
年間収入,750～800万円,2013000103,772,万円
年間収入,750～800万円,2013000406,772,万円
年間収入,750～800万円,2013000709,772,万円
年間収入,750～800万円,2013001012,773,万円
年間収入,750～800万円,2014000103,774,万円
年間収入,750～800万円,2014000406,773,万円
年間収入,750～800万円,2014000709,774,万円
年間収入,750～800万円,2014001012,774,万円
年間収入,750～800万円,2015000103,771,万円
年間収入,750～800万円,2015000406,773,万円
年間収入,750～800万円,2015000709,773,万円
年間収入,750～800万円,2015001012,772,万円
年間収入,750～800万円,2016000103,772,万円
年間収入,750～800万円,2016000406,771,万円
年間収入,750～800万円,2016000709,771,万円
年間収入,750～800万円,2016001012,772,万円
年間収入,750～800万円,2017000103,773,万円
年間収入,750～800万円,2017000406,773,万円
年間収入,750～800万円,2017000709,771,万円
年間収入,750～800万円,2017001012,771,万円
年間収入,750～800万円,2018000103,775,万円
年間収入,750～800万円,2018000406,775,万円
年間収入,750～800万円,2018000709,773,万円
年間収入,750～800万円,2018001012,774,万円
年間収入,750～800万円,2019000103,774,万円
年間収入,750～800万円,2019000406,774,万円
年間収入,750～800万円,2019000709,773,万円
年間収入,750～800万円,2019001012,773,万円
年間収入,750～800万円,2020000103,772,万円
年間収入,750～800万円,2020000406,773,万円
年間収入,750～800万円,2020000709,773,万円
年間収入,750～800万円,2020001012,772,万円
年間収入,750～800万円,2021000103,772,万円
年間収入,750～800万円,2021000406,772,万円
年間収入,750～800万円,2021000709,770,万円
年間収入,750～800万円,2021001012,772,万円
年間収入,750～800万円,2022000103,774,万円
年間収入,750～800万円,2022000406,773,万円
年間収入,750～800万円,2022000709,775,万円
年間収入,750～800万円,2022001012,776,万円
年間収入,750～800万円,2023000103,775,万円
年間収入,750～800万円,2023000406,773,万円
年間収入,750～800万円,2023000709,772,万円
年間収入,750～800万円,2023001012,773,万円
年間収入,750～800万円,2024000103,773,万円
年間収入,750～800万円,2024000406,773,万円
年間収入,750～800万円,2024000709,773,万円
年間収入,750～800万円,2024001012,772,万円
年間収入,750～800万円,2025000103,771,万円
年間収入,750～800万円,2025000406,772,万円
年間収入,750～800万円,2025000709,772,万円
年間収入,750～800万円,2025001012,772,万円
年間収入,800～900万円,2002000103,846,万円
年間収入,800～900万円,2002000406,847,万円
年間収入,800～900万円,2002000709,846,万円
年間収入,800～900万円,2002001012,846,万円
年間収入,800～900万円,2003000103,846,万円
年間収入,800～900万円,2003000406,845,万円
年間収入,800～900万円,2003000709,843,万円
年間収入,800～900万円,2003001012,843,万円
年間収入,800～900万円,2004000103,844,万円
年間収入,800～900万円,2004000406,844,万円
年間収入,800～900万円,2004000709,847,万円
年間収入,800～900万円,2004001012,845,万円
年間収入,800～900万円,2005000103,844,万円
年間収入,800～900万円,2005000406,845,万円
年間収入,800～900万円,2005000709,844,万円
年間収入,800～900万円,2005001012,843,万円
年間収入,800～900万円,2006000103,845,万円
年間収入,800～900万円,2006000406,842,万円
年間収入,800～900万円,2006000709,843,万円
年間収入,800～900万円,2006001012,841,万円
年間収入,800～900万円,2007000103,843,万円
年間収入,800～900万円,2007000406,845,万円
年間収入,800～900万円,2007000709,849,万円
年間収入,800～900万円,2007001012,849,万円
年間収入,800～900万円,2008000103,844,万円
年間収入,800～900万円,2008000406,844,万円
年間収入,800～900万円,2008000709,846,万円
年間収入,800～900万円,2008001012,844,万円
年間収入,800～900万円,2009000103,843,万円
年間収入,800～900万円,2009000406,843,万円
年間収入,800～900万円,2009000709,844,万円
年間収入,800～900万円,2009001012,843,万円
年間収入,800～900万円,2010000103,844,万円
年間収入,800～900万円,2010000406,843,万円
年間収入,800～900万円,2010000709,842,万円
年間収入,800～900万円,2010001012,843,万円
年間収入,800～900万円,2011000103,846,万円
年間収入,800～900万円,2011000406,846,万円
年間収入,800～900万円,2011000709,843,万円
年間収入,800～900万円,2011001012,841,万円
年間収入,800～900万円,2012000103,840,万円
年間収入,800～900万円,2012000406,842,万円
年間収入,800～900万円,2012000709,845,万円
年間収入,800～900万円,2012001012,847,万円
年間収入,800～900万円,2013000103,845,万円
年間収入,800～900万円,2013000406,845,万円
年間収入,800～900万円,2013000709,844,万円
年間収入,800～900万円,2013001012,841,万円
年間収入,800～900万円,2014000103,842,万円
年間収入,800～900万円,2014000406,844,万円
年間収入,800～900万円,2014000709,842,万円
年間収入,800～900万円,2014001012,841,万円
年間収入,800～900万円,2015000103,841,万円
年間収入,800～900万円,2015000406,844,万円
年間収入,800～900万円,2015000709,845,万円
年間収入,800～900万円,2015001012,842,万円
年間収入,800～900万円,2016000103,842,万円
年間収入,800～900万円,2016000406,843,万円
年間収入,800～900万円,2016000709,843,万円
年間収入,800～900万円,2016001012,843,万円
年間収入,800～900万円,2017000103,844,万円
年間収入,800～900万円,2017000406,845,万円
年間収入,800～900万円,2017000709,845,万円
年間収入,800～900万円,2017001012,845,万円
年間収入,800～900万円,2018000103,845,万円
年間収入,800～900万円,2018000406,845,万円
年間収入,800～900万円,2018000709,844,万円
年間収入,800～900万円,2018001012,842,万円
年間収入,800～900万円,2019000103,842,万円
年間収入,800～900万円,2019000406,845,万円
年間収入,800～900万円,2019000709,845,万円
年間収入,800～900万円,2019001012,842,万円
年間収入,800～900万円,2020000103,843,万円
年間収入,800～900万円,2020000406,844,万円
年間収入,800～900万円,2020000709,844,万円
年間収入,800～900万円,2020001012,844,万円
年間収入,800～900万円,2021000103,843,万円
年間収入,800～900万円,2021000406,843,万円
年間収入,800～900万円,2021000709,844,万円
年間収入,800～900万円,2021001012,844,万円
年間収入,800～900万円,2022000103,845,万円
年間収入,800～900万円,2022000406,849,万円
年間収入,800～900万円,2022000709,847,万円
年間収入,800～900万円,2022001012,845,万円
年間収入,800～900万円,2023000103,845,万円
年間収入,800～900万円,2023000406,843,万円
年間収入,800～900万円,2023000709,842,万円
年間収入,800～900万円,2023001012,844,万円
年間収入,800～900万円,2024000103,842,万円
年間収入,800～900万円,2024000406,843,万円
年間収入,800～900万円,2024000709,844,万円
年間収入,800～900万円,2024001012,844,万円
年間収入,800～900万円,2025000103,844,万円
年間収入,800～900万円,2025000406,844,万円
年間収入,800～900万円,2025000709,845,万円
年間収入,800～900万円,2025001012,849,万円
年間収入,900～1000万円,2002000103,942,万円
年間収入,900～1000万円,2002000406,943,万円
年間収入,900～1000万円,2002000709,945,万円
年間収入,900～1000万円,2002001012,946,万円
年間収入,900～1000万円,2003000103,945,万円
年間収入,900～1000万円,2003000406,945,万円
年間収入,900～1000万円,2003000709,942,万円
年間収入,900～1000万円,2003001012,943,万円
年間収入,900～1000万円,2004000103,945,万円
年間収入,900～1000万円,2004000406,946,万円
年間収入,900～1000万円,2004000709,945,万円
年間収入,900～1000万円,2004001012,944,万円
年間収入,900～1000万円,2005000103,945,万円
年間収入,900～1000万円,2005000406,945,万円
年間収入,900～1000万円,2005000709,945,万円
年間収入,900～1000万円,2005001012,945,万円
年間収入,900～1000万円,2006000103,945,万円
年間収入,900～1000万円,2006000406,944,万円
年間収入,900～1000万円,2006000709,943,万円
年間収入,900～1000万円,2006001012,943,万円
年間収入,900～1000万円,2007000103,944,万円
年間収入,900～1000万円,2007000406,941,万円
年間収入,900～1000万円,2007000709,941,万円
年間収入,900～1000万円,2007001012,942,万円
年間収入,900～1000万円,2008000103,943,万円
年間収入,900～1000万円,2008000406,941,万円
年間収入,900～1000万円,2008000709,944,万円
年間収入,900～1000万円,2008001012,945,万円
年間収入,900～1000万円,2009000103,944,万円
年間収入,900～1000万円,2009000406,946,万円
年間収入,900～1000万円,2009000709,945,万円
年間収入,900～1000万円,2009001012,945,万円
年間収入,900～1000万円,2010000103,942,万円
年間収入,900～1000万円,2010000406,944,万円
年間収入,900～1000万円,2010000709,947,万円
年間収入,900～1000万円,2010001012,946,万円
年間収入,900～1000万円,2011000103,945,万円
年間収入,900～1000万円,2011000406,945,万円
年間収入,900～1000万円,2011000709,945,万円
年間収入,900～1000万円,2011001012,944,万円
年間収入,900～1000万円,2012000103,943,万円
年間収入,900～1000万円,2012000406,942,万円
年間収入,900～1000万円,2012000709,942,万円
年間収入,900～1000万円,2012001012,946,万円
年間収入,900～1000万円,2013000103,947,万円
年間収入,900～1000万円,2013000406,944,万円
年間収入,900～1000万円,2013000709,944,万円
年間収入,900～1000万円,2013001012,945,万円
年間収入,900～1000万円,2014000103,945,万円
年間収入,900～1000万円,2014000406,942,万円
年間収入,900～1000万円,2014000709,941,万円
年間収入,900～1000万円,2014001012,945,万円
年間収入,900～1000万円,2015000103,945,万円
年間収入,900～1000万円,2015000406,945,万円
年間収入,900～1000万円,2015000709,946,万円
年間収入,900～1000万円,2015001012,943,万円
年間収入,900～1000万円,2016000103,944,万円
年間収入,900～1000万円,2016000406,946,万円
年間収入,900～1000万円,2016000709,945,万円
年間収入,900～1000万円,2016001012,944,万円
年間収入,900～1000万円,2017000103,946,万円
年間収入,900～1000万円,2017000406,944,万円
年間収入,900～1000万円,2017000709,943,万円
年間収入,900～1000万円,2017001012,943,万円
年間収入,900～1000万円,2018000103,943,万円
年間収入,900～1000万円,2018000406,946,万円
年間収入,900～1000万円,2018000709,947,万円
年間収入,900～1000万円,2018001012,943,万円
年間収入,900～1000万円,2019000103,941,万円
年間収入,900～1000万円,2019000406,942,万円
年間収入,900～1000万円,2019000709,944,万円
年間収入,900～1000万円,2019001012,945,万円
年間収入,900～1000万円,2020000103,945,万円
年間収入,900～1000万円,2020000406,947,万円
年間収入,900～1000万円,2020000709,944,万円
年間収入,900～1000万円,2020001012,944,万円
年間収入,900～1000万円,2021000103,947,万円
年間収入,900～1000万円,2021000406,948,万円
年間収入,900～1000万円,2021000709,945,万円
年間収入,900～1000万円,2021001012,944,万円
年間収入,900～1000万円,2022000103,944,万円
年間収入,900～1000万円,2022000406,944,万円
年間収入,900～1000万円,2022000709,942,万円
年間収入,900～1000万円,2022001012,942,万円
年間収入,900～1000万円,2023000103,948,万円
年間収入,900～1000万円,2023000406,949,万円
年間収入,900～1000万円,2023000709,944,万円
年間収入,900～1000万円,2023001012,946,万円
年間収入,900～1000万円,2024000103,946,万円
年間収入,900～1000万円,2024000406,943,万円
年間収入,900～1000万円,2024000709,944,万円
年間収入,900～1000万円,2024001012,942,万円
年間収入,900～1000万円,2025000103,943,万円
年間収入,900～1000万円,2025000406,944,万円
年間収入,900～1000万円,2025000709,944,万円
年間収入,900～1000万円,2025001012,941,万円
年間収入,1000～1250万円,2002000103,1103,万円
年間収入,1000～1250万円,2002000406,1112,万円
年間収入,1000～1250万円,2002000709,1107,万円
年間収入,1000～1250万円,2002001012,1104,万円
年間収入,1000～1250万円,2003000103,1102,万円
年間収入,1000～1250万円,2003000406,1103,万円
年間収入,1000～1250万円,2003000709,1108,万円
年間収入,1000～1250万円,2003001012,1108,万円
年間収入,1000～1250万円,2004000103,1108,万円
年間収入,1000～1250万円,2004000406,1108,万円
年間収入,1000～1250万円,2004000709,1102,万円
年間収入,1000～1250万円,2004001012,1104,万円
年間収入,1000～1250万円,2005000103,1107,万円
年間収入,1000～1250万円,2005000406,1103,万円
年間収入,1000～1250万円,2005000709,1104,万円
年間収入,1000～1250万円,2005001012,1103,万円
年間収入,1000～1250万円,2006000103,1109,万円
年間収入,1000～1250万円,2006000406,1107,万円
年間収入,1000～1250万円,2006000709,1099,万円
年間収入,1000～1250万円,2006001012,1103,万円
年間収入,1000～1250万円,2007000103,1110,万円
年間収入,1000～1250万円,2007000406,1108,万円
年間収入,1000～1250万円,2007000709,1108,万円
年間収入,1000～1250万円,2007001012,1109,万円
年間収入,1000～1250万円,2008000103,1105,万円
年間収入,1000～1250万円,2008000406,1104,万円
年間収入,1000～1250万円,2008000709,1104,万円
年間収入,1000～1250万円,2008001012,1099,万円
年間収入,1000～1250万円,2009000103,1097,万円
年間収入,1000～1250万円,2009000406,1095,万円
年間収入,1000～1250万円,2009000709,1100,万円
年間収入,1000～1250万円,2009001012,1100,万円
年間収入,1000～1250万円,2010000103,1098,万円
年間収入,1000～1250万円,2010000406,1102,万円
年間収入,1000～1250万円,2010000709,1099,万円
年間収入,1000～1250万円,2010001012,1103,万円
年間収入,1000～1250万円,2011000103,1110,万円
年間収入,1000～1250万円,2011000406,1110,万円
年間収入,1000～1250万円,2011000709,1109,万円
年間収入,1000～1250万円,2011001012,1106,万円
年間収入,1000～1250万円,2012000103,1105,万円
年間収入,1000～1250万円,2012000406,1109,万円
年間収入,1000～1250万円,2012000709,1105,万円
年間収入,1000～1250万円,2012001012,1105,万円
年間収入,1000～1250万円,2013000103,1111,万円
年間収入,1000～1250万円,2013000406,1107,万円
年間収入,1000～1250万円,2013000709,1103,万円
年間収入,1000～1250万円,2013001012,1105,万円
年間収入,1000～1250万円,2014000103,1104,万円
年間収入,1000～1250万円,2014000406,1106,万円
年間収入,1000～1250万円,2014000709,1100,万円
年間収入,1000～1250万円,2014001012,1096,万円
年間収入,1000～1250万円,2015000103,1098,万円
年間収入,1000～1250万円,2015000406,1096,万円
年間収入,1000～1250万円,2015000709,1095,万円
年間収入,1000～1250万円,2015001012,1096,万円
年間収入,1000～1250万円,2016000103,1101,万円
年間収入,1000～1250万円,2016000406,1099,万円
年間収入,1000～1250万円,2016000709,1099,万円
年間収入,1000～1250万円,2016001012,1099,万円
年間収入,1000～1250万円,2017000103,1099,万円
年間収入,1000～1250万円,2017000406,1105,万円
年間収入,1000～1250万円,2017000709,1105,万円
年間収入,1000～1250万円,2017001012,1101,万円
年間収入,1000～1250万円,2018000103,1100,万円
年間収入,1000～1250万円,2018000406,1102,万円
年間収入,1000～1250万円,2018000709,1107,万円
年間収入,1000～1250万円,2018001012,1110,万円
年間収入,1000～1250万円,2019000103,1110,万円
年間収入,1000～1250万円,2019000406,1109,万円
年間収入,1000～1250万円,2019000709,1112,万円
年間収入,1000～1250万円,2019001012,1109,万円
年間収入,1000～1250万円,2020000103,1105,万円
年間収入,1000～1250万円,2020000406,1101,万円
年間収入,1000～1250万円,2020000709,1098,万円
年間収入,1000～1250万円,2020001012,1098,万円
年間収入,1000～1250万円,2021000103,1102,万円
年間収入,1000～1250万円,2021000406,1106,万円
年間収入,1000～1250万円,2021000709,1102,万円
年間収入,1000～1250万円,2021001012,1102,万円
年間収入,1000～1250万円,2022000103,1105,万円
年間収入,1000～1250万円,2022000406,1111,万円
年間収入,1000～1250万円,2022000709,1115,万円
年間収入,1000～1250万円,2022001012,1106,万円
年間収入,1000～1250万円,2023000103,1100,万円
年間収入,1000～1250万円,2023000406,1103,万円
年間収入,1000～1250万円,2023000709,1105,万円
年間収入,1000～1250万円,2023001012,1105,万円
年間収入,1000～1250万円,2024000103,1105,万円
年間収入,1000～1250万円,2024000406,1108,万円
年間収入,1000～1250万円,2024000709,1105,万円
年間収入,1000～1250万円,2024001012,1103,万円
年間収入,1000～1250万円,2025000103,1096,万円
年間収入,1000～1250万円,2025000406,1098,万円
年間収入,1000～1250万円,2025000709,1100,万円
年間収入,1000～1250万円,2025001012,1100,万円
年間収入,1250～1500万円,2002000103,1352,万円
年間収入,1250～1500万円,2002000406,1361,万円
年間収入,1250～1500万円,2002000709,1363,万円
年間収入,1250～1500万円,2002001012,1364,万円
年間収入,1250～1500万円,2003000103,1365,万円
年間収入,1250～1500万円,2003000406,1356,万円
年間収入,1250～1500万円,2003000709,1353,万円
年間収入,1250～1500万円,2003001012,1363,万円
年間収入,1250～1500万円,2004000103,1362,万円
年間収入,1250～1500万円,2004000406,1355,万円
年間収入,1250～1500万円,2004000709,1357,万円
年間収入,1250～1500万円,2004001012,1351,万円
年間収入,1250～1500万円,2005000103,1354,万円
年間収入,1250～1500万円,2005000406,1365,万円
年間収入,1250～1500万円,2005000709,1370,万円
年間収入,1250～1500万円,2005001012,1365,万円
年間収入,1250～1500万円,2006000103,1360,万円
年間収入,1250～1500万円,2006000406,1364,万円
年間収入,1250～1500万円,2006000709,1370,万円
年間収入,1250～1500万円,2006001012,1370,万円
年間収入,1250～1500万円,2007000103,1356,万円
年間収入,1250～1500万円,2007000406,1361,万円
年間収入,1250～1500万円,2007000709,1361,万円
年間収入,1250～1500万円,2007001012,1361,万円
年間収入,1250～1500万円,2008000103,1357,万円
年間収入,1250～1500万円,2008000406,1360,万円
年間収入,1250～1500万円,2008000709,1361,万円
年間収入,1250～1500万円,2008001012,1364,万円
年間収入,1250～1500万円,2009000103,1364,万円
年間収入,1250～1500万円,2009000406,1359,万円
年間収入,1250～1500万円,2009000709,1350,万円
年間収入,1250～1500万円,2009001012,1350,万円
年間収入,1250～1500万円,2010000103,1356,万円
年間収入,1250～1500万円,2010000406,1366,万円
年間収入,1250～1500万円,2010000709,1367,万円
年間収入,1250～1500万円,2010001012,1357,万円
年間収入,1250～1500万円,2011000103,1359,万円
年間収入,1250～1500万円,2011000406,1369,万円
年間収入,1250～1500万円,2011000709,1360,万円
年間収入,1250～1500万円,2011001012,1351,万円
年間収入,1250～1500万円,2012000103,1354,万円
年間収入,1250～1500万円,2012000406,1348,万円
年間収入,1250～1500万円,2012000709,1358,万円
年間収入,1250～1500万円,2012001012,1361,万円
年間収入,1250～1500万円,2013000103,1358,万円
年間収入,1250～1500万円,2013000406,1354,万円
年間収入,1250～1500万円,2013000709,1355,万円
年間収入,1250～1500万円,2013001012,1357,万円
年間収入,1250～1500万円,2014000103,1357,万円
年間収入,1250～1500万円,2014000406,1348,万円
年間収入,1250～1500万円,2014000709,1357,万円
年間収入,1250～1500万円,2014001012,1371,万円
年間収入,1250～1500万円,2015000103,1371,万円
年間収入,1250～1500万円,2015000406,1356,万円
年間収入,1250～1500万円,2015000709,1340,万円
年間収入,1250～1500万円,2015001012,1347,万円
年間収入,1250～1500万円,2016000103,1358,万円
年間収入,1250～1500万円,2016000406,1357,万円
年間収入,1250～1500万円,2016000709,1352,万円
年間収入,1250～1500万円,2016001012,1346,万円
年間収入,1250～1500万円,2017000103,1354,万円
年間収入,1250～1500万円,2017000406,1364,万円
年間収入,1250～1500万円,2017000709,1359,万円
年間収入,1250～1500万円,2017001012,1352,万円
年間収入,1250～1500万円,2018000103,1353,万円
年間収入,1250～1500万円,2018000406,1354,万円
年間収入,1250～1500万円,2018000709,1357,万円
年間収入,1250～1500万円,2018001012,1363,万円
年間収入,1250～1500万円,2019000103,1362,万円
年間収入,1250～1500万円,2019000406,1362,万円
年間収入,1250～1500万円,2019000709,1361,万円
年間収入,1250～1500万円,2019001012,1362,万円
年間収入,1250～1500万円,2020000103,1362,万円
年間収入,1250～1500万円,2020000406,1363,万円
年間収入,1250～1500万円,2020000709,1352,万円
年間収入,1250～1500万円,2020001012,1355,万円
年間収入,1250～1500万円,2021000103,1354,万円
年間収入,1250～1500万円,2021000406,1348,万円
年間収入,1250～1500万円,2021000709,1344,万円
年間収入,1250～1500万円,2021001012,1347,万円
年間収入,1250～1500万円,2022000103,1347,万円
年間収入,1250～1500万円,2022000406,1351,万円
年間収入,1250～1500万円,2022000709,1357,万円
年間収入,1250～1500万円,2022001012,1354,万円
年間収入,1250～1500万円,2023000103,1346,万円
年間収入,1250～1500万円,2023000406,1358,万円
年間収入,1250～1500万円,2023000709,1361,万円
年間収入,1250～1500万円,2023001012,1354,万円
年間収入,1250～1500万円,2024000103,1354,万円
年間収入,1250～1500万円,2024000406,1356,万円
年間収入,1250～1500万円,2024000709,1352,万円
年間収入,1250～1500万円,2024001012,1350,万円
年間収入,1250～1500万円,2025000103,1349,万円
年間収入,1250～1500万円,2025000406,1345,万円
年間収入,1250～1500万円,2025000709,1349,万円
年間収入,1250～1500万円,2025001012,1353,万円
年間収入,1500万円以上,2002000103,1878,万円
年間収入,1500万円以上,2002000406,1996,万円
年間収入,1500万円以上,2002000709,2038,万円
年間収入,1500万円以上,2002001012,2073,万円
年間収入,1500万円以上,2003000103,2012,万円
年間収入,1500万円以上,2003000406,1921,万円
年間収入,1500万円以上,2003000709,1884,万円
年間収入,1500万円以上,2003001012,1882,万円
年間収入,1500万円以上,2004000103,1855,万円
年間収入,1500万円以上,2004000406,1843,万円
年間収入,1500万円以上,2004000709,1837,万円
年間収入,1500万円以上,2004001012,1833,万円
年間収入,1500万円以上,2005000103,1879,万円
年間収入,1500万円以上,2005000406,1936,万円
年間収入,1500万円以上,2005000709,1811,万円
年間収入,1500万円以上,2005001012,1857,万円
年間収入,1500万円以上,2006000103,1970,万円
年間収入,1500万円以上,2006000406,1950,万円
年間収入,1500万円以上,2006000709,1935,万円
年間収入,1500万円以上,2006001012,1993,万円
年間収入,1500万円以上,2007000103,2046,万円
年間収入,1500万円以上,2007000406,2256,万円
年間収入,1500万円以上,2007000709,2177,万円
年間収入,1500万円以上,2007001012,2039,万円
年間収入,1500万円以上,2008000103,1915,万円
年間収入,1500万円以上,2008000406,1907,万円
年間収入,1500万円以上,2008000709,1961,万円
年間収入,1500万円以上,2008001012,1940,万円
年間収入,1500万円以上,2009000103,1933,万円
年間収入,1500万円以上,2009000406,2030,万円
年間収入,1500万円以上,2009000709,1998,万円
年間収入,1500万円以上,2009001012,1922,万円
年間収入,1500万円以上,2010000103,1949,万円
年間収入,1500万円以上,2010000406,1949,万円
年間収入,1500万円以上,2010000709,1954,万円
年間収入,1500万円以上,2010001012,2029,万円
年間収入,1500万円以上,2011000103,2110,万円
年間収入,1500万円以上,2011000406,1971,万円
年間収入,1500万円以上,2011000709,1962,万円
年間収入,1500万円以上,2011001012,2030,万円
年間収入,1500万円以上,2012000103,2047,万円
年間収入,1500万円以上,2012000406,2035,万円
年間収入,1500万円以上,2012000709,2074,万円
年間収入,1500万円以上,2012001012,2091,万円
年間収入,1500万円以上,2013000103,1937,万円
年間収入,1500万円以上,2013000406,1939,万円
年間収入,1500万円以上,2013000709,2006,万円
年間収入,1500万円以上,2013001012,2042,万円
年間収入,1500万円以上,2014000103,2057,万円
年間収入,1500万円以上,2014000406,2074,万円
年間収入,1500万円以上,2014000709,2052,万円
年間収入,1500万円以上,2014001012,2106,万円
年間収入,1500万円以上,2015000103,2093,万円
年間収入,1500万円以上,2015000406,2069,万円
年間収入,1500万円以上,2015000709,2138,万円
年間収入,1500万円以上,2015001012,2112,万円
年間収入,1500万円以上,2016000103,2046,万円
年間収入,1500万円以上,2016000406,2034,万円
年間収入,1500万円以上,2016000709,2073,万円
年間収入,1500万円以上,2016001012,2032,万円
年間収入,1500万円以上,2017000103,1968,万円
年間収入,1500万円以上,2017000406,2060,万円
年間収入,1500万円以上,2017000709,2070,万円
年間収入,1500万円以上,2017001012,2035,万円
年間収入,1500万円以上,2018000103,2046,万円
年間収入,1500万円以上,2018000406,2014,万円
年間収入,1500万円以上,2018000709,1937,万円
年間収入,1500万円以上,2018001012,1943,万円
年間収入,1500万円以上,2019000103,2003,万円
年間収入,1500万円以上,2019000406,2025,万円
年間収入,1500万円以上,2019000709,2010,万円
年間収入,1500万円以上,2019001012,1996,万円
年間収入,1500万円以上,2020000103,1960,万円
年間収入,1500万円以上,2020000406,1958,万円
年間収入,1500万円以上,2020000709,1988,万円
年間収入,1500万円以上,2020001012,2019,万円
年間収入,1500万円以上,2021000103,1950,万円
年間収入,1500万円以上,2021000406,1966,万円
年間収入,1500万円以上,2021000709,1993,万円
年間収入,1500万円以上,2021001012,1928,万円
年間収入,1500万円以上,2022000103,1883,万円
年間収入,1500万円以上,2022000406,1912,万円
年間収入,1500万円以上,2022000709,1890,万円
年間収入,1500万円以上,2022001012,1863,万円
年間収入,1500万円以上,2023000103,1862,万円
年間収入,1500万円以上,2023000406,1952,万円
年間収入,1500万円以上,2023000709,2007,万円
年間収入,1500万円以上,2023001012,1926,万円
年間収入,1500万円以上,2024000103,1905,万円
年間収入,1500万円以上,2024000406,1851,万円
年間収入,1500万円以上,2024000709,1881,万円
年間収入,1500万円以上,2024001012,1950,万円
年間収入,1500万円以上,2025000103,1958,万円
年間収入,1500万円以上,2025000406,1941,万円
年間収入,1500万円以上,2025000709,1952,万円
年間収入,1500万円以上,2025001012,1945,万円
貯蓄,200万円未満,2002000103,715,万円
貯蓄,200万円未満,2002000406,812,万円
貯蓄,200万円未満,2002000709,814,万円
貯蓄,200万円未満,2002001012,770,万円
貯蓄,200万円未満,2003000103,907,万円
貯蓄,200万円未満,2003000406,724,万円
貯蓄,200万円未満,2003000709,782,万円
貯蓄,200万円未満,2003001012,955,万円
貯蓄,200万円未満,2004000103,791,万円
貯蓄,200万円未満,2004000406,961,万円
貯蓄,200万円未満,2004000709,966,万円
貯蓄,200万円未満,2004001012,760,万円
貯蓄,200万円未満,2005000103,721,万円
貯蓄,200万円未満,2005000406,723,万円
貯蓄,200万円未満,2005000709,836,万円
貯蓄,200万円未満,2005001012,751,万円
貯蓄,200万円未満,2006000103,652,万円
貯蓄,200万円未満,2006000406,685,万円
貯蓄,200万円未満,2006000709,613,万円
貯蓄,200万円未満,2006001012,815,万円
貯蓄,200万円未満,2007000103,806,万円
貯蓄,200万円未満,2007000406,674,万円
貯蓄,200万円未満,2007000709,766,万円
貯蓄,200万円未満,2007001012,930,万円
貯蓄,200万円未満,2008000103,890,万円
貯蓄,200万円未満,2008000406,614,万円
貯蓄,200万円未満,2008000709,589,万円
貯蓄,200万円未満,2008001012,775,万円
貯蓄,200万円未満,2009000103,698,万円
貯蓄,200万円未満,2009000406,859,万円
貯蓄,200万円未満,2009000709,742,万円
貯蓄,200万円未満,2009001012,666,万円
貯蓄,200万円未満,2010000103,786,万円
貯蓄,200万円未満,2010000406,894,万円
貯蓄,200万円未満,2010000709,826,万円
貯蓄,200万円未満,2010001012,818,万円
貯蓄,200万円未満,2011000103,608,万円
貯蓄,200万円未満,2011000406,619,万円
貯蓄,200万円未満,2011000709,822,万円
貯蓄,200万円未満,2011001012,853,万円
貯蓄,200万円未満,2012000103,912,万円
貯蓄,200万円未満,2012000406,913,万円
貯蓄,200万円未満,2012000709,1063,万円
貯蓄,200万円未満,2012001012,1165,万円
貯蓄,200万円未満,2013000103,934,万円
貯蓄,200万円未満,2013000406,923,万円
貯蓄,200万円未満,2013000709,896,万円
貯蓄,200万円未満,2013001012,719,万円
貯蓄,200万円未満,2014000103,831,万円
貯蓄,200万円未満,2014000406,792,万円
貯蓄,200万円未満,2014000709,751,万円
貯蓄,200万円未満,2014001012,694,万円
貯蓄,200万円未満,2015000103,663,万円
貯蓄,200万円未満,2015000406,672,万円
貯蓄,200万円未満,2015000709,719,万円
貯蓄,200万円未満,2015001012,673,万円
貯蓄,200万円未満,2016000103,762,万円
貯蓄,200万円未満,2016000406,791,万円
貯蓄,200万円未満,2016000709,973,万円
貯蓄,200万円未満,2016001012,967,万円
貯蓄,200万円未満,2017000103,967,万円
貯蓄,200万円未満,2017000406,1197,万円
貯蓄,200万円未満,2017000709,1395,万円
貯蓄,200万円未満,2017001012,1273,万円
貯蓄,200万円未満,2018000103,989,万円
貯蓄,200万円未満,2018000406,1057,万円
貯蓄,200万円未満,2018000709,1225,万円
貯蓄,200万円未満,2018001012,1232,万円
貯蓄,200万円未満,2019000103,1109,万円
貯蓄,200万円未満,2019000406,900,万円
貯蓄,200万円未満,2019000709,977,万円
貯蓄,200万円未満,2019001012,975,万円
貯蓄,200万円未満,2020000103,973,万円
貯蓄,200万円未満,2020000406,948,万円
貯蓄,200万円未満,2020000709,1077,万円
貯蓄,200万円未満,2020001012,1137,万円
貯蓄,200万円未満,2021000103,972,万円
貯蓄,200万円未満,2021000406,1133,万円
貯蓄,200万円未満,2021000709,1169,万円
貯蓄,200万円未満,2021001012,1007,万円
貯蓄,200万円未満,2022000103,1304,万円
貯蓄,200万円未満,2022000406,1230,万円
貯蓄,200万円未満,2022000709,1239,万円
貯蓄,200万円未満,2022001012,1237,万円
貯蓄,200万円未満,2023000103,1125,万円
貯蓄,200万円未満,2023000406,1043,万円
貯蓄,200万円未満,2023000709,1004,万円
貯蓄,200万円未満,2023001012,934,万円
貯蓄,200万円未満,2024000103,1239,万円
貯蓄,200万円未満,2024000406,1173,万円
貯蓄,200万円未満,2024000709,1084,万円
貯蓄,200万円未満,2024001012,1240,万円
貯蓄,200万円未満,2025000103,1303,万円
貯蓄,200万円未満,2025000406,1235,万円
貯蓄,200万円未満,2025000709,1117,万円
貯蓄,200万円未満,2025001012,929,万円
貯蓄,200～250万円,2002000103,933,万円
貯蓄,200～250万円,2002000406,1000,万円
貯蓄,200～250万円,2002000709,1138,万円
貯蓄,200～250万円,2002001012,1189,万円
貯蓄,200～250万円,2003000103,1063,万円
貯蓄,200～250万円,2003000406,1014,万円
貯蓄,200～250万円,2003000709,986,万円
貯蓄,200～250万円,2003001012,891,万円
貯蓄,200～250万円,2004000103,1019,万円
貯蓄,200～250万円,2004000406,1099,万円
貯蓄,200～250万円,2004000709,1115,万円
貯蓄,200～250万円,2004001012,1092,万円
貯蓄,200～250万円,2005000103,1078,万円
貯蓄,200～250万円,2005000406,1031,万円
貯蓄,200～250万円,2005000709,995,万円
貯蓄,200～250万円,2005001012,899,万円
貯蓄,200～250万円,2006000103,870,万円
貯蓄,200～250万円,2006000406,932,万円
貯蓄,200～250万円,2006000709,1269,万円
貯蓄,200～250万円,2006001012,1265,万円
貯蓄,200～250万円,2007000103,1065,万円
貯蓄,200～250万円,2007000406,1092,万円
貯蓄,200～250万円,2007000709,1097,万円
貯蓄,200～250万円,2007001012,1129,万円
貯蓄,200～250万円,2008000103,1139,万円
貯蓄,200～250万円,2008000406,1171,万円
貯蓄,200～250万円,2008000709,1354,万円
貯蓄,200～250万円,2008001012,1155,万円
貯蓄,200～250万円,2009000103,922,万円
貯蓄,200～250万円,2009000406,931,万円
貯蓄,200～250万円,2009000709,1001,万円
貯蓄,200～250万円,2009001012,992,万円
貯蓄,200～250万円,2010000103,1164,万円
貯蓄,200～250万円,2010000406,1128,万円
貯蓄,200～250万円,2010000709,985,万円
貯蓄,200～250万円,2010001012,871,万円
貯蓄,200～250万円,2011000103,836,万円
貯蓄,200～250万円,2011000406,907,万円
貯蓄,200～250万円,2011000709,934,万円
貯蓄,200～250万円,2011001012,911,万円
貯蓄,200～250万円,2012000103,950,万円
貯蓄,200～250万円,2012000406,1054,万円
貯蓄,200～250万円,2012000709,965,万円
貯蓄,200～250万円,2012001012,984,万円
貯蓄,200～250万円,2013000103,1046,万円
貯蓄,200～250万円,2013000406,1196,万円
貯蓄,200～250万円,2013000709,1259,万円
貯蓄,200～250万円,2013001012,965,万円
貯蓄,200～250万円,2014000103,959,万円
貯蓄,200～250万円,2014000406,965,万円
貯蓄,200～250万円,2014000709,1141,万円
貯蓄,200～250万円,2014001012,1270,万円
貯蓄,200～250万円,2015000103,1244,万円
貯蓄,200～250万円,2015000406,1145,万円
貯蓄,200～250万円,2015000709,1123,万円
貯蓄,200～250万円,2015001012,1046,万円
貯蓄,200～250万円,2016000103,1127,万円
貯蓄,200～250万円,2016000406,1274,万円
貯蓄,200～250万円,2016000709,1203,万円
貯蓄,200～250万円,2016001012,1052,万円
貯蓄,200～250万円,2017000103,1055,万円
貯蓄,200～250万円,2017000406,1195,万円
貯蓄,200～250万円,2017000709,1479,万円
貯蓄,200～250万円,2017001012,1683,万円
貯蓄,200～250万円,2018000103,1373,万円
貯蓄,200～250万円,2018000406,1172,万円
貯蓄,200～250万円,2018000709,1168,万円
貯蓄,200～250万円,2018001012,1098,万円
貯蓄,200～250万円,2019000103,951,万円
貯蓄,200～250万円,2019000406,1184,万円
貯蓄,200～250万円,2019000709,1139,万円
貯蓄,200～250万円,2019001012,1063,万円
貯蓄,200～250万円,2020000103,1131,万円
貯蓄,200～250万円,2020000406,1027,万円
貯蓄,200～250万円,2020000709,1132,万円
貯蓄,200～250万円,2020001012,1370,万円
貯蓄,200～250万円,2021000103,1396,万円
貯蓄,200～250万円,2021000406,1205,万円
貯蓄,200～250万円,2021000709,1061,万円
貯蓄,200～250万円,2021001012,1232,万円
貯蓄,200～250万円,2022000103,1310,万円
貯蓄,200～250万円,2022000406,1179,万円
貯蓄,200～250万円,2022000709,1246,万円
貯蓄,200～250万円,2022001012,1387,万円
貯蓄,200～250万円,2023000103,1384,万円
貯蓄,200～250万円,2023000406,1211,万円
貯蓄,200～250万円,2023000709,1184,万円
貯蓄,200～250万円,2023001012,1228,万円
貯蓄,200～250万円,2024000103,1163,万円
貯蓄,200～250万円,2024000406,1374,万円
貯蓄,200～250万円,2024000709,1424,万円
貯蓄,200～250万円,2024001012,1272,万円
貯蓄,200～250万円,2025000103,1102,万円
貯蓄,200～250万円,2025000406,1111,万円
貯蓄,200～250万円,2025000709,1405,万円
貯蓄,200～250万円,2025001012,1507,万円
貯蓄,250～300万円,2002000103,1366,万円
貯蓄,250～300万円,2002000406,1342,万円
貯蓄,250～300万円,2002000709,1368,万円
貯蓄,250～300万円,2002001012,1284,万円
貯蓄,250～300万円,2003000103,1132,万円
貯蓄,250～300万円,2003000406,1165,万円
貯蓄,250～300万円,2003000709,1143,万円
貯蓄,250～300万円,2003001012,1219,万円
貯蓄,250～300万円,2004000103,1327,万円
貯蓄,250～300万円,2004000406,1233,万円
貯蓄,250～300万円,2004000709,1191,万円
貯蓄,250～300万円,2004001012,1211,万円
貯蓄,250～300万円,2005000103,1244,万円
貯蓄,250～300万円,2005000406,1185,万円
貯蓄,250～300万円,2005000709,1251,万円
貯蓄,250～300万円,2005001012,1153,万円
貯蓄,250～300万円,2006000103,1087,万円
貯蓄,250～300万円,2006000406,1112,万円
貯蓄,250～300万円,2006000709,1278,万円
貯蓄,250～300万円,2006001012,1232,万円
貯蓄,250～300万円,2007000103,1160,万円
貯蓄,250～300万円,2007000406,1307,万円
貯蓄,250～300万円,2007000709,1385,万円
貯蓄,250～300万円,2007001012,1322,万円
貯蓄,250～300万円,2008000103,1151,万円
貯蓄,250～300万円,2008000406,1317,万円
貯蓄,250～300万円,2008000709,1260,万円
貯蓄,250～300万円,2008001012,1211,万円
貯蓄,250～300万円,2009000103,1327,万円
貯蓄,250～300万円,2009000406,1312,万円
貯蓄,250～300万円,2009000709,1143,万円
貯蓄,250～300万円,2009001012,1168,万円
貯蓄,250～300万円,2010000103,1244,万円
貯蓄,250～300万円,2010000406,1225,万円
貯蓄,250～300万円,2010000709,1233,万円
貯蓄,250～300万円,2010001012,1278,万円
貯蓄,250～300万円,2011000103,1245,万円
貯蓄,250～300万円,2011000406,1262,万円
貯蓄,250～300万円,2011000709,1243,万円
貯蓄,250～300万円,2011001012,1352,万円
貯蓄,250～300万円,2012000103,1256,万円
貯蓄,250～300万円,2012000406,1156,万円
貯蓄,250～300万円,2012000709,1183,万円
貯蓄,250～300万円,2012001012,1114,万円
貯蓄,250～300万円,2013000103,1124,万円
貯蓄,250～300万円,2013000406,1159,万円
貯蓄,250～300万円,2013000709,1304,万円
貯蓄,250～300万円,2013001012,1337,万円
貯蓄,250～300万円,2014000103,1402,万円
貯蓄,250～300万円,2014000406,1396,万円
貯蓄,250～300万円,2014000709,1227,万円
貯蓄,250～300万円,2014001012,1219,万円
貯蓄,250～300万円,2015000103,1668,万円
貯蓄,250～300万円,2015000406,1666,万円
貯蓄,250～300万円,2015000709,1493,万円
貯蓄,250～300万円,2015001012,1510,万円
貯蓄,250～300万円,2016000103,1314,万円
貯蓄,250～300万円,2016000406,1178,万円
貯蓄,250～300万円,2016000709,1189,万円
貯蓄,250～300万円,2016001012,1353,万円
貯蓄,250～300万円,2017000103,1418,万円
貯蓄,250～300万円,2017000406,1398,万円
貯蓄,250～300万円,2017000709,1471,万円
貯蓄,250～300万円,2017001012,1543,万円
貯蓄,250～300万円,2018000103,1548,万円
貯蓄,250～300万円,2018000406,1497,万円
貯蓄,250～300万円,2018000709,1469,万円
貯蓄,250～300万円,2018001012,1439,万円
貯蓄,250～300万円,2019000103,1392,万円
貯蓄,250～300万円,2019000406,1415,万円
貯蓄,250～300万円,2019000709,1462,万円
貯蓄,250～300万円,2019001012,1429,万円
貯蓄,250～300万円,2020000103,1351,万円
貯蓄,250～300万円,2020000406,1387,万円
貯蓄,250～300万円,2020000709,1497,万円
貯蓄,250～300万円,2020001012,1486,万円
貯蓄,250～300万円,2021000103,1520,万円
貯蓄,250～300万円,2021000406,1539,万円
貯蓄,250～300万円,2021000709,1467,万円
貯蓄,250～300万円,2021001012,1439,万円
貯蓄,250～300万円,2022000103,1466,万円
貯蓄,250～300万円,2022000406,1503,万円
貯蓄,250～300万円,2022000709,1522,万円
貯蓄,250～300万円,2022001012,1581,万円
貯蓄,250～300万円,2023000103,1584,万円
貯蓄,250～300万円,2023000406,1509,万円
貯蓄,250～300万円,2023000709,1523,万円
貯蓄,250～300万円,2023001012,1622,万円
貯蓄,250～300万円,2024000103,1760,万円
貯蓄,250～300万円,2024000406,1753,万円
貯蓄,250～300万円,2024000709,1704,万円
貯蓄,250～300万円,2024001012,1309,万円
貯蓄,250～300万円,2025000103,1333,万円
貯蓄,250～300万円,2025000406,1524,万円
貯蓄,250～300万円,2025000709,1781,万円
貯蓄,250～300万円,2025001012,1892,万円
貯蓄,300～350万円,2002000103,1270,万円
貯蓄,300～350万円,2002000406,1363,万円
貯蓄,300～350万円,2002000709,1345,万円
貯蓄,300～350万円,2002001012,1400,万円
貯蓄,300～350万円,2003000103,1459,万円
貯蓄,300～350万円,2003000406,1445,万円
貯蓄,300～350万円,2003000709,1262,万円
貯蓄,300～350万円,2003001012,1249,万円
貯蓄,300～350万円,2004000103,1343,万円
貯蓄,300～350万円,2004000406,1332,万円
貯蓄,300～350万円,2004000709,1327,万円
貯蓄,300～350万円,2004001012,1420,万円
貯蓄,300～350万円,2005000103,1437,万円
貯蓄,300～350万円,2005000406,1333,万円
貯蓄,300～350万円,2005000709,1412,万円
貯蓄,300～350万円,2005001012,1428,万円
貯蓄,300～350万円,2006000103,1259,万円
貯蓄,300～350万円,2006000406,1118,万円
貯蓄,300～350万円,2006000709,1351,万円
貯蓄,300～350万円,2006001012,1403,万円
貯蓄,300～350万円,2007000103,1315,万円
貯蓄,300～350万円,2007000406,1305,万円
貯蓄,300～350万円,2007000709,1390,万円
貯蓄,300～350万円,2007001012,1378,万円
貯蓄,300～350万円,2008000103,1266,万円
貯蓄,300～350万円,2008000406,1326,万円
貯蓄,300～350万円,2008000709,1320,万円
貯蓄,300～350万円,2008001012,1359,万円
貯蓄,300～350万円,2009000103,1398,万円
貯蓄,300～350万円,2009000406,1384,万円
貯蓄,300～350万円,2009000709,1370,万円
貯蓄,300～350万円,2009001012,1323,万円
貯蓄,300～350万円,2010000103,1290,万円
貯蓄,300～350万円,2010000406,1217,万円
貯蓄,300～350万円,2010000709,1287,万円
貯蓄,300～350万円,2010001012,1504,万円
貯蓄,300～350万円,2011000103,1558,万円
貯蓄,300～350万円,2011000406,1629,万円
貯蓄,300～350万円,2011000709,1494,万円
貯蓄,300～350万円,2011001012,1449,万円
貯蓄,300～350万円,2012000103,1513,万円
貯蓄,300～350万円,2012000406,1507,万円
貯蓄,300～350万円,2012000709,1560,万円
貯蓄,300～350万円,2012001012,1468,万円
貯蓄,300～350万円,2013000103,1555,万円
貯蓄,300～350万円,2013000406,1718,万円
貯蓄,300～350万円,2013000709,1608,万円
貯蓄,300～350万円,2013001012,1536,万円
貯蓄,300～350万円,2014000103,1438,万円
貯蓄,300～350万円,2014000406,1521,万円
貯蓄,300～350万円,2014000709,1717,万円
貯蓄,300～350万円,2014001012,1614,万円
貯蓄,300～350万円,2015000103,1627,万円
貯蓄,300～350万円,2015000406,1731,万円
貯蓄,300～350万円,2015000709,1632,万円
貯蓄,300～350万円,2015001012,1664,万円
貯蓄,300～350万円,2016000103,1723,万円
貯蓄,300～350万円,2016000406,1628,万円
貯蓄,300～350万円,2016000709,1615,万円
貯蓄,300～350万円,2016001012,1640,万円
貯蓄,300～350万円,2017000103,1803,万円
貯蓄,300～350万円,2017000406,1738,万円
貯蓄,300～350万円,2017000709,1653,万円
貯蓄,300～350万円,2017001012,1725,万円
貯蓄,300～350万円,2018000103,1635,万円
貯蓄,300～350万円,2018000406,1537,万円
貯蓄,300～350万円,2018000709,1468,万円
貯蓄,300～350万円,2018001012,1531,万円
貯蓄,300～350万円,2019000103,1577,万円
貯蓄,300～350万円,2019000406,1574,万円
貯蓄,300～350万円,2019000709,1519,万円
貯蓄,300～350万円,2019001012,1589,万円
貯蓄,300～350万円,2020000103,1645,万円
貯蓄,300～350万円,2020000406,1695,万円
貯蓄,300～350万円,2020000709,1736,万円
貯蓄,300～350万円,2020001012,1735,万円
貯蓄,300～350万円,2021000103,1677,万円
貯蓄,300～350万円,2021000406,1643,万円
貯蓄,300～350万円,2021000709,1670,万円
貯蓄,300～350万円,2021001012,1715,万円
貯蓄,300～350万円,2022000103,1809,万円
貯蓄,300～350万円,2022000406,1909,万円
貯蓄,300～350万円,2022000709,1946,万円
貯蓄,300～350万円,2022001012,1807,万円
貯蓄,300～350万円,2023000103,1801,万円
貯蓄,300～350万円,2023000406,1695,万円
貯蓄,300～350万円,2023000709,1653,万円
貯蓄,300～350万円,2023001012,1658,万円
貯蓄,300～350万円,2024000103,1778,万円
貯蓄,300～350万円,2024000406,1893,万円
貯蓄,300～350万円,2024000709,1826,万円
貯蓄,300～350万円,2024001012,1810,万円
貯蓄,300～350万円,2025000103,1839,万円
貯蓄,300～350万円,2025000406,1798,万円
貯蓄,300～350万円,2025000709,1824,万円
貯蓄,300～350万円,2025001012,1769,万円
貯蓄,350～400万円,2002000103,1474,万円
貯蓄,350～400万円,2002000406,1418,万円
貯蓄,350～400万円,2002000709,1327,万円
貯蓄,350～400万円,2002001012,1436,万円
貯蓄,350～400万円,2003000103,1417,万円
貯蓄,350～400万円,2003000406,1404,万円
貯蓄,350～400万円,2003000709,1468,万円
貯蓄,350～400万円,2003001012,1559,万円
貯蓄,350～400万円,2004000103,1590,万円
貯蓄,350～400万円,2004000406,1528,万円
貯蓄,350～400万円,2004000709,1434,万円
貯蓄,350～400万円,2004001012,1510,万円
貯蓄,350～400万円,2005000103,1517,万円
貯蓄,350～400万円,2005000406,1702,万円
貯蓄,350～400万円,2005000709,1754,万円
貯蓄,350～400万円,2005001012,1537,万円
貯蓄,350～400万円,2006000103,1497,万円
貯蓄,350～400万円,2006000406,1659,万円
貯蓄,350～400万円,2006000709,1700,万円
貯蓄,350～400万円,2006001012,1635,万円
貯蓄,350～400万円,2007000103,1661,万円
貯蓄,350～400万円,2007000406,1576,万円
貯蓄,350～400万円,2007000709,1605,万円
貯蓄,350～400万円,2007001012,1641,万円
貯蓄,350～400万円,2008000103,1599,万円
貯蓄,350～400万円,2008000406,1576,万円
貯蓄,350～400万円,2008000709,1529,万円
貯蓄,350～400万円,2008001012,1569,万円
貯蓄,350～400万円,2009000103,1597,万円
貯蓄,350～400万円,2009000406,1476,万円
貯蓄,350～400万円,2009000709,1441,万円
貯蓄,350～400万円,2009001012,1455,万円
貯蓄,350～400万円,2010000103,1368,万円
貯蓄,350～400万円,2010000406,1537,万円
貯蓄,350～400万円,2010000709,1677,万円
貯蓄,350～400万円,2010001012,1537,万円
貯蓄,350～400万円,2011000103,1463,万円
貯蓄,350～400万円,2011000406,1463,万円
貯蓄,350～400万円,2011000709,1564,万円
貯蓄,350～400万円,2011001012,1562,万円
貯蓄,350～400万円,2012000103,1648,万円
貯蓄,350～400万円,2012000406,1615,万円
貯蓄,350～400万円,2012000709,1527,万円
貯蓄,350～400万円,2012001012,1458,万円
貯蓄,350～400万円,2013000103,1497,万円
貯蓄,350～400万円,2013000406,1621,万円
貯蓄,350～400万円,2013000709,1544,万円
貯蓄,350～400万円,2013001012,1650,万円
貯蓄,350～400万円,2014000103,1615,万円
貯蓄,350～400万円,2014000406,1600,万円
貯蓄,350～400万円,2014000709,1745,万円
貯蓄,350～400万円,2014001012,1754,万円
貯蓄,350～400万円,2015000103,1731,万円
貯蓄,350～400万円,2015000406,1795,万円
貯蓄,350～400万円,2015000709,1699,万円
貯蓄,350～400万円,2015001012,1548,万円
貯蓄,350～400万円,2016000103,1837,万円
貯蓄,350～400万円,2016000406,1910,万円
貯蓄,350～400万円,2016000709,1877,万円
貯蓄,350～400万円,2016001012,1899,万円
貯蓄,350～400万円,2017000103,1799,万円
貯蓄,350～400万円,2017000406,1664,万円
貯蓄,350～400万円,2017000709,1707,万円
貯蓄,350～400万円,2017001012,1706,万円
貯蓄,350～400万円,2018000103,1851,万円
貯蓄,350～400万円,2018000406,1886,万円
貯蓄,350～400万円,2018000709,1722,万円
貯蓄,350～400万円,2018001012,1718,万円
貯蓄,350～400万円,2019000103,1731,万円
貯蓄,350～400万円,2019000406,1578,万円
貯蓄,350～400万円,2019000709,1627,万円
貯蓄,350～400万円,2019001012,1814,万円
貯蓄,350～400万円,2020000103,1636,万円
貯蓄,350～400万円,2020000406,1668,万円
貯蓄,350～400万円,2020000709,1798,万円
貯蓄,350～400万円,2020001012,1786,万円
貯蓄,350～400万円,2021000103,1724,万円
貯蓄,350～400万円,2021000406,1768,万円
貯蓄,350～400万円,2021000709,1851,万円
貯蓄,350～400万円,2021001012,1843,万円
貯蓄,350～400万円,2022000103,1691,万円
貯蓄,350～400万円,2022000406,1711,万円
貯蓄,350～400万円,2022000709,1814,万円
貯蓄,350～400万円,2022001012,1780,万円
貯蓄,350～400万円,2023000103,1820,万円
貯蓄,350～400万円,2023000406,1821,万円
貯蓄,350～400万円,2023000709,1895,万円
貯蓄,350～400万円,2023001012,2161,万円
貯蓄,350～400万円,2024000103,2130,万円
貯蓄,350～400万円,2024000406,2104,万円
貯蓄,350～400万円,2024000709,2109,万円
貯蓄,350～400万円,2024001012,2143,万円
貯蓄,350～400万円,2025000103,2069,万円
貯蓄,350～400万円,2025000406,2004,万円
貯蓄,350～400万円,2025000709,2124,万円
貯蓄,350～400万円,2025001012,1926,万円
貯蓄,400～450万円,2002000103,1423,万円
貯蓄,400～450万円,2002000406,1387,万円
貯蓄,400～450万円,2002000709,1582,万円
貯蓄,400～450万円,2002001012,1587,万円
貯蓄,400～450万円,2003000103,1493,万円
貯蓄,400～450万円,2003000406,1454,万円
貯蓄,400～450万円,2003000709,1432,万円
貯蓄,400～450万円,2003001012,1278,万円
貯蓄,400～450万円,2004000103,1426,万円
貯蓄,400～450万円,2004000406,1613,万円
貯蓄,400～450万円,2004000709,1574,万円
貯蓄,400～450万円,2004001012,1504,万円
貯蓄,400～450万円,2005000103,1594,万円
貯蓄,400～450万円,2005000406,1644,万円
貯蓄,400～450万円,2005000709,1555,万円
貯蓄,400～450万円,2005001012,1447,万円
貯蓄,400～450万円,2006000103,1490,万円
貯蓄,400～450万円,2006000406,1574,万円
貯蓄,400～450万円,2006000709,1395,万円
貯蓄,400～450万円,2006001012,1413,万円
貯蓄,400～450万円,2007000103,1569,万円
貯蓄,400～450万円,2007000406,1630,万円
貯蓄,400～450万円,2007000709,1648,万円
貯蓄,400～450万円,2007001012,1496,万円
貯蓄,400～450万円,2008000103,1597,万円
貯蓄,400～450万円,2008000406,1629,万円
貯蓄,400～450万円,2008000709,1540,万円
貯蓄,400～450万円,2008001012,1493,万円
貯蓄,400～450万円,2009000103,1539,万円
貯蓄,400～450万円,2009000406,1565,万円
貯蓄,400～450万円,2009000709,1473,万円
貯蓄,400～450万円,2009001012,1404,万円
貯蓄,400～450万円,2010000103,1508,万円
貯蓄,400～450万円,2010000406,1521,万円
貯蓄,400～450万円,2010000709,1567,万円
貯蓄,400～450万円,2010001012,1641,万円
貯蓄,400～450万円,2011000103,1548,万円
貯蓄,400～450万円,2011000406,1341,万円
貯蓄,400～450万円,2011000709,1413,万円
貯蓄,400～450万円,2011001012,1507,万円
貯蓄,400～450万円,2012000103,1504,万円
貯蓄,400～450万円,2012000406,1516,万円
貯蓄,400～450万円,2012000709,1623,万円
貯蓄,400～450万円,2012001012,1684,万円
貯蓄,400～450万円,2013000103,1743,万円
貯蓄,400～450万円,2013000406,1621,万円
貯蓄,400～450万円,2013000709,1639,万円
貯蓄,400～450万円,2013001012,1623,万円
貯蓄,400～450万円,2014000103,1609,万円
貯蓄,400～450万円,2014000406,1645,万円
貯蓄,400～450万円,2014000709,1623,万円
貯蓄,400～450万円,2014001012,1657,万円
貯蓄,400～450万円,2015000103,1669,万円
貯蓄,400～450万円,2015000406,1700,万円
貯蓄,400～450万円,2015000709,1589,万円
貯蓄,400～450万円,2015001012,1735,万円
貯蓄,400～450万円,2016000103,1938,万円
貯蓄,400～450万円,2016000406,1971,万円
貯蓄,400～450万円,2016000709,1825,万円
貯蓄,400～450万円,2016001012,1630,万円
貯蓄,400～450万円,2017000103,1717,万円
貯蓄,400～450万円,2017000406,1618,万円
貯蓄,400～450万円,2017000709,1642,万円
貯蓄,400～450万円,2017001012,1696,万円
貯蓄,400～450万円,2018000103,1670,万円
貯蓄,400～450万円,2018000406,1611,万円
貯蓄,400～450万円,2018000709,1620,万円
貯蓄,400～450万円,2018001012,1644,万円
貯蓄,400～450万円,2019000103,1693,万円
貯蓄,400～450万円,2019000406,1690,万円
貯蓄,400～450万円,2019000709,1625,万円
貯蓄,400～450万円,2019001012,1633,万円
貯蓄,400～450万円,2020000103,1660,万円
貯蓄,400～450万円,2020000406,1791,万円
貯蓄,400～450万円,2020000709,1858,万円
貯蓄,400～450万円,2020001012,1678,万円
貯蓄,400～450万円,2021000103,1764,万円
貯蓄,400～450万円,2021000406,1955,万円
貯蓄,400～450万円,2021000709,1881,万円
貯蓄,400～450万円,2021001012,1856,万円
貯蓄,400～450万円,2022000103,2022,万円
貯蓄,400～450万円,2022000406,2164,万円
貯蓄,400～450万円,2022000709,2032,万円
貯蓄,400～450万円,2022001012,2208,万円
貯蓄,400～450万円,2023000103,2008,万円
貯蓄,400～450万円,2023000406,2002,万円
貯蓄,400～450万円,2023000709,2327,万円
貯蓄,400～450万円,2023001012,2144,万円
貯蓄,400～450万円,2024000103,1938,万円
貯蓄,400～450万円,2024000406,1987,万円
貯蓄,400～450万円,2024000709,1830,万円
貯蓄,400～450万円,2024001012,2009,万円
貯蓄,400～450万円,2025000103,2188,万円
貯蓄,400～450万円,2025000406,1931,万円
貯蓄,400～450万円,2025000709,1655,万円
貯蓄,400～450万円,2025001012,1813,万円
貯蓄,450～500万円,2002000103,1406,万円
貯蓄,450～500万円,2002000406,1506,万円
貯蓄,450～500万円,2002000709,1517,万円
貯蓄,450～500万円,2002001012,1598,万円
貯蓄,450～500万円,2003000103,1782,万円
貯蓄,450～500万円,2003000406,1625,万円
貯蓄,450～500万円,2003000709,1532,万円
貯蓄,450～500万円,2003001012,1470,万円
貯蓄,450～500万円,2004000103,1440,万円
貯蓄,450～500万円,2004000406,1419,万円
貯蓄,450～500万円,2004000709,1577,万円
貯蓄,450～500万円,2004001012,1544,万円
貯蓄,450～500万円,2005000103,1489,万円
貯蓄,450～500万円,2005000406,1576,万円
貯蓄,450～500万円,2005000709,1597,万円
貯蓄,450～500万円,2005001012,1465,万円
貯蓄,450～500万円,2006000103,1509,万円
貯蓄,450～500万円,2006000406,1490,万円
貯蓄,450～500万円,2006000709,1445,万円
貯蓄,450～500万円,2006001012,1544,万円
貯蓄,450～500万円,2007000103,1687,万円
貯蓄,450～500万円,2007000406,1684,万円
貯蓄,450～500万円,2007000709,1573,万円
貯蓄,450～500万円,2007001012,1468,万円
貯蓄,450～500万円,2008000103,1351,万円
貯蓄,450～500万円,2008000406,1426,万円
貯蓄,450～500万円,2008000709,1424,万円
貯蓄,450～500万円,2008001012,1591,万円
貯蓄,450～500万円,2009000103,1583,万円
貯蓄,450～500万円,2009000406,1364,万円
貯蓄,450～500万円,2009000709,1367,万円
貯蓄,450～500万円,2009001012,1420,万円
貯蓄,450～500万円,2010000103,1538,万円
貯蓄,450～500万円,2010000406,1458,万円
貯蓄,450～500万円,2010000709,1327,万円
貯蓄,450～500万円,2010001012,1458,万円
貯蓄,450～500万円,2011000103,1399,万円
貯蓄,450～500万円,2011000406,1350,万円
貯蓄,450～500万円,2011000709,1561,万円
貯蓄,450～500万円,2011001012,1566,万円
貯蓄,450～500万円,2012000103,1403,万円
貯蓄,450～500万円,2012000406,1407,万円
貯蓄,450～500万円,2012000709,1352,万円
貯蓄,450～500万円,2012001012,1520,万円
貯蓄,450～500万円,2013000103,1809,万円
貯蓄,450～500万円,2013000406,1692,万円
貯蓄,450～500万円,2013000709,1470,万円
貯蓄,450～500万円,2013001012,1492,万円
貯蓄,450～500万円,2014000103,1515,万円
貯蓄,450～500万円,2014000406,1586,万円
貯蓄,450～500万円,2014000709,1542,万円
貯蓄,450～500万円,2014001012,1642,万円
貯蓄,450～500万円,2015000103,1873,万円
貯蓄,450～500万円,2015000406,1746,万円
貯蓄,450～500万円,2015000709,1557,万円
貯蓄,450～500万円,2015001012,1539,万円
貯蓄,450～500万円,2016000103,1466,万円
貯蓄,450～500万円,2016000406,1435,万円
貯蓄,450～500万円,2016000709,1551,万円
貯蓄,450～500万円,2016001012,1698,万円
貯蓄,450～500万円,2017000103,1971,万円
貯蓄,450～500万円,2017000406,1901,万円
貯蓄,450～500万円,2017000709,1771,万円
貯蓄,450～500万円,2017001012,1841,万円
貯蓄,450～500万円,2018000103,1798,万円
貯蓄,450～500万円,2018000406,1671,万円
貯蓄,450～500万円,2018000709,1516,万円
貯蓄,450～500万円,2018001012,1852,万円
貯蓄,450～500万円,2019000103,1733,万円
貯蓄,450～500万円,2019000406,1529,万円
貯蓄,450～500万円,2019000709,1507,万円
貯蓄,450～500万円,2019001012,1595,万円
貯蓄,450～500万円,2020000103,1579,万円
貯蓄,450～500万円,2020000406,1551,万円
貯蓄,450～500万円,2020000709,1584,万円
貯蓄,450～500万円,2020001012,1712,万円
貯蓄,450～500万円,2021000103,1802,万円
貯蓄,450～500万円,2021000406,1626,万円
貯蓄,450～500万円,2021000709,1680,万円
貯蓄,450～500万円,2021001012,1686,万円
貯蓄,450～500万円,2022000103,1585,万円
貯蓄,450～500万円,2022000406,1754,万円
貯蓄,450～500万円,2022000709,1972,万円
貯蓄,450～500万円,2022001012,1841,万円
貯蓄,450～500万円,2023000103,1700,万円
貯蓄,450～500万円,2023000406,1804,万円
貯蓄,450～500万円,2023000709,1764,万円
貯蓄,450～500万円,2023001012,1588,万円
貯蓄,450～500万円,2024000103,1660,万円
貯蓄,450～500万円,2024000406,1921,万円
貯蓄,450～500万円,2024000709,2223,万円
貯蓄,450～500万円,2024001012,2297,万円
貯蓄,450～500万円,2025000103,1995,万円
貯蓄,450～500万円,2025000406,1684,万円
貯蓄,450～500万円,2025000709,1630,万円
貯蓄,450～500万円,2025001012,1838,万円
貯蓄,500～550万円,2002000103,1823,万円
貯蓄,500～550万円,2002000406,1556,万円
貯蓄,500～550万円,2002000709,1459,万円
貯蓄,500～550万円,2002001012,1404,万円
貯蓄,500～550万円,2003000103,1421,万円
貯蓄,500～550万円,2003000406,1505,万円
貯蓄,500～550万円,2003000709,1478,万円
貯蓄,500～550万円,2003001012,1427,万円
貯蓄,500～550万円,2004000103,1301,万円
貯蓄,500～550万円,2004000406,1542,万円
貯蓄,500～550万円,2004000709,1767,万円
貯蓄,500～550万円,2004001012,1627,万円
貯蓄,500～550万円,2005000103,1615,万円
貯蓄,500～550万円,2005000406,1520,万円
貯蓄,500～550万円,2005000709,1469,万円
貯蓄,500～550万円,2005001012,1475,万円
貯蓄,500～550万円,2006000103,1461,万円
貯蓄,500～550万円,2006000406,1519,万円
貯蓄,500～550万円,2006000709,1563,万円
貯蓄,500～550万円,2006001012,1639,万円
貯蓄,500～550万円,2007000103,1744,万円
貯蓄,500～550万円,2007000406,1687,万円
貯蓄,500～550万円,2007000709,1730,万円
貯蓄,500～550万円,2007001012,1581,万円
貯蓄,500～550万円,2008000103,1711,万円
貯蓄,500～550万円,2008000406,1573,万円
貯蓄,500～550万円,2008000709,1547,万円
貯蓄,500～550万円,2008001012,1543,万円
貯蓄,500～550万円,2009000103,1470,万円
貯蓄,500～550万円,2009000406,1575,万円
貯蓄,500～550万円,2009000709,1538,万円
貯蓄,500～550万円,2009001012,1600,万円
貯蓄,500～550万円,2010000103,1775,万円
貯蓄,500～550万円,2010000406,1828,万円
貯蓄,500～550万円,2010000709,1410,万円
貯蓄,500～550万円,2010001012,1312,万円
貯蓄,500～550万円,2011000103,1585,万円
貯蓄,500～550万円,2011000406,1441,万円
貯蓄,500～550万円,2011000709,1495,万円
貯蓄,500～550万円,2011001012,1560,万円
貯蓄,500～550万円,2012000103,1614,万円
貯蓄,500～550万円,2012000406,1629,万円
貯蓄,500～550万円,2012000709,1500,万円
貯蓄,500～550万円,2012001012,1402,万円
貯蓄,500～550万円,2013000103,1511,万円
貯蓄,500～550万円,2013000406,1727,万円
貯蓄,500～550万円,2013000709,1685,万円
貯蓄,500～550万円,2013001012,1556,万円
貯蓄,500～550万円,2014000103,1545,万円
貯蓄,500～550万円,2014000406,1713,万円
貯蓄,500～550万円,2014000709,1730,万円
貯蓄,500～550万円,2014001012,1639,万円
貯蓄,500～550万円,2015000103,1462,万円
貯蓄,500～550万円,2015000406,1384,万円
貯蓄,500～550万円,2015000709,1333,万円
貯蓄,500～550万円,2015001012,1431,万円
貯蓄,500～550万円,2016000103,1619,万円
貯蓄,500～550万円,2016000406,1769,万円
貯蓄,500～550万円,2016000709,1740,万円
貯蓄,500～550万円,2016001012,1732,万円
貯蓄,500～550万円,2017000103,1785,万円
貯蓄,500～550万円,2017000406,1663,万円
貯蓄,500～550万円,2017000709,1682,万円
貯蓄,500～550万円,2017001012,1586,万円
貯蓄,500～550万円,2018000103,1423,万円
貯蓄,500～550万円,2018000406,1499,万円
貯蓄,500～550万円,2018000709,1602,万円
貯蓄,500～550万円,2018001012,1658,万円
貯蓄,500～550万円,2019000103,1442,万円
貯蓄,500～550万円,2019000406,1363,万円
貯蓄,500～550万円,2019000709,1629,万円
貯蓄,500～550万円,2019001012,1548,万円
貯蓄,500～550万円,2020000103,1429,万円
貯蓄,500～550万円,2020000406,1449,万円
貯蓄,500～550万円,2020000709,1454,万円
貯蓄,500～550万円,2020001012,1600,万円
貯蓄,500～550万円,2021000103,1740,万円
貯蓄,500～550万円,2021000406,1701,万円
貯蓄,500～550万円,2021000709,1777,万円
貯蓄,500～550万円,2021001012,1862,万円
貯蓄,500～550万円,2022000103,1678,万円
貯蓄,500～550万円,2022000406,1358,万円
貯蓄,500～550万円,2022000709,1509,万円
貯蓄,500～550万円,2022001012,1525,万円
貯蓄,500～550万円,2023000103,1542,万円
貯蓄,500～550万円,2023000406,1778,万円
貯蓄,500～550万円,2023000709,1973,万円
貯蓄,500～550万円,2023001012,1905,万円
貯蓄,500～550万円,2024000103,1732,万円
貯蓄,500～550万円,2024000406,1657,万円
貯蓄,500～550万円,2024000709,1874,万円
貯蓄,500～550万円,2024001012,1909,万円
貯蓄,500～550万円,2025000103,1943,万円
貯蓄,500～550万円,2025000406,1907,万円
貯蓄,500～550万円,2025000709,1981,万円
貯蓄,500～550万円,2025001012,2071,万円
貯蓄,550～600万円,2002000103,1843,万円
貯蓄,550～600万円,2002000406,1622,万円
貯蓄,550～600万円,2002000709,1504,万円
貯蓄,550～600万円,2002001012,1385,万円
貯蓄,550～600万円,2003000103,1568,万円
貯蓄,550～600万円,2003000406,1599,万円
貯蓄,550～600万円,2003000709,1555,万円
貯蓄,550～600万円,2003001012,1445,万円
貯蓄,550～600万円,2004000103,1402,万円
貯蓄,550～600万円,2004000406,1449,万円
貯蓄,550～600万円,2004000709,1460,万円
貯蓄,550～600万円,2004001012,1315,万円
貯蓄,550～600万円,2005000103,1390,万円
貯蓄,550～600万円,2005000406,1673,万円
貯蓄,550～600万円,2005000709,1737,万円
貯蓄,550～600万円,2005001012,1538,万円
貯蓄,550～600万円,2006000103,1594,万円
貯蓄,550～600万円,2006000406,1633,万円
貯蓄,550～600万円,2006000709,1424,万円
貯蓄,550～600万円,2006001012,1377,万円
貯蓄,550～600万円,2007000103,1463,万円
貯蓄,550～600万円,2007000406,1645,万円
貯蓄,550～600万円,2007000709,1605,万円
貯蓄,550～600万円,2007001012,1562,万円
貯蓄,550～600万円,2008000103,1616,万円
貯蓄,550～600万円,2008000406,1446,万円
貯蓄,550～600万円,2008000709,1278,万円
貯蓄,550～600万円,2008001012,1413,万円
貯蓄,550～600万円,2009000103,1469,万円
貯蓄,550～600万円,2009000406,1531,万円
貯蓄,550～600万円,2009000709,1641,万円
貯蓄,550～600万円,2009001012,1837,万円
貯蓄,550～600万円,2010000103,1841,万円
貯蓄,550～600万円,2010000406,1619,万円
貯蓄,550～600万円,2010000709,1562,万円
貯蓄,550～600万円,2010001012,1642,万円
貯蓄,550～600万円,2011000103,1483,万円
貯蓄,550～600万円,2011000406,1416,万円
貯蓄,550～600万円,2011000709,1456,万円
貯蓄,550～600万円,2011001012,1300,万円
貯蓄,550～600万円,2012000103,1386,万円
貯蓄,550～600万円,2012000406,1555,万円
貯蓄,550～600万円,2012000709,1594,万円
貯蓄,550～600万円,2012001012,1455,万円
貯蓄,550～600万円,2013000103,1624,万円
貯蓄,550～600万円,2013000406,1459,万円
貯蓄,550～600万円,2013000709,1407,万円
貯蓄,550～600万円,2013001012,1437,万円
貯蓄,550～600万円,2014000103,1613,万円
貯蓄,550～600万円,2014000406,1744,万円
貯蓄,550～600万円,2014000709,1580,万円
貯蓄,550～600万円,2014001012,1451,万円
貯蓄,550～600万円,2015000103,1697,万円
貯蓄,550～600万円,2015000406,1742,万円
貯蓄,550～600万円,2015000709,1625,万円
貯蓄,550～600万円,2015001012,1592,万円
貯蓄,550～600万円,2016000103,1555,万円
貯蓄,550～600万円,2016000406,1623,万円
貯蓄,550～600万円,2016000709,1512,万円
貯蓄,550～600万円,2016001012,1407,万円
貯蓄,550～600万円,2017000103,1519,万円
貯蓄,550～600万円,2017000406,1605,万円
貯蓄,550～600万円,2017000709,1921,万円
貯蓄,550～600万円,2017001012,1959,万円
貯蓄,550～600万円,2018000103,1569,万円
貯蓄,550～600万円,2018000406,1440,万円
貯蓄,550～600万円,2018000709,1320,万円
貯蓄,550～600万円,2018001012,1407,万円
貯蓄,550～600万円,2019000103,1454,万円
貯蓄,550～600万円,2019000406,1437,万円
貯蓄,550～600万円,2019000709,1327,万円
貯蓄,550～600万円,2019001012,1514,万円
貯蓄,550～600万円,2020000103,1831,万円
貯蓄,550～600万円,2020000406,1734,万円
貯蓄,550～600万円,2020000709,1487,万円
貯蓄,550～600万円,2020001012,1636,万円
貯蓄,550～600万円,2021000103,1704,万円
貯蓄,550～600万円,2021000406,1622,万円
貯蓄,550～600万円,2021000709,1547,万円
貯蓄,550～600万円,2021001012,1500,万円
貯蓄,550～600万円,2022000103,1325,万円
貯蓄,550～600万円,2022000406,1403,万円
貯蓄,550～600万円,2022000709,1484,万円
貯蓄,550～600万円,2022001012,1619,万円
貯蓄,550～600万円,2023000103,1568,万円
貯蓄,550～600万円,2023000406,1790,万円
貯蓄,550～600万円,2023000709,1756,万円
貯蓄,550～600万円,2023001012,1476,万円
貯蓄,550～600万円,2024000103,1436,万円
貯蓄,550～600万円,2024000406,1732,万円
貯蓄,550～600万円,2024000709,1997,万円
貯蓄,550～600万円,2024001012,2361,万円
貯蓄,550～600万円,2025000103,2311,万円
貯蓄,550～600万円,2025000406,1924,万円
貯蓄,550～600万円,2025000709,1789,万円
貯蓄,550～600万円,2025001012,1806,万円
貯蓄,600～650万円,2002000103,1495,万円
貯蓄,600～650万円,2002000406,1426,万円
貯蓄,600～650万円,2002000709,1379,万円
貯蓄,600～650万円,2002001012,1346,万円
貯蓄,600～650万円,2003000103,1472,万円
貯蓄,600～650万円,2003000406,1414,万円
貯蓄,600～650万円,2003000709,1585,万円
貯蓄,600～650万円,2003001012,1647,万円
貯蓄,600～650万円,2004000103,1590,万円
貯蓄,600～650万円,2004000406,1518,万円
貯蓄,600～650万円,2004000709,1442,万円
貯蓄,600～650万円,2004001012,1515,万円
貯蓄,600～650万円,2005000103,1496,万円
貯蓄,600～650万円,2005000406,1498,万円
貯蓄,600～650万円,2005000709,1522,万円
貯蓄,600～650万円,2005001012,1826,万円
貯蓄,600～650万円,2006000103,1931,万円
貯蓄,600～650万円,2006000406,1684,万円
貯蓄,600～650万円,2006000709,1482,万円
貯蓄,600～650万円,2006001012,1559,万円
貯蓄,600～650万円,2007000103,1499,万円
貯蓄,600～650万円,2007000406,1441,万円
貯蓄,600～650万円,2007000709,1395,万円
貯蓄,600～650万円,2007001012,1340,万円
貯蓄,600～650万円,2008000103,1601,万円
貯蓄,600～650万円,2008000406,1555,万円
貯蓄,600～650万円,2008000709,1671,万円
貯蓄,600～650万円,2008001012,1684,万円
貯蓄,600～650万円,2009000103,1441,万円
貯蓄,600～650万円,2009000406,1471,万円
貯蓄,600～650万円,2009000709,1492,万円
貯蓄,600～650万円,2009001012,1497,万円
貯蓄,600～650万円,2010000103,1647,万円
貯蓄,600～650万円,2010000406,1509,万円
貯蓄,600～650万円,2010000709,1352,万円
貯蓄,600～650万円,2010001012,1339,万円
貯蓄,600～650万円,2011000103,1401,万円
貯蓄,600～650万円,2011000406,1494,万円
貯蓄,600～650万円,2011000709,1446,万円
貯蓄,600～650万円,2011001012,1460,万円
貯蓄,600～650万円,2012000103,1274,万円
貯蓄,600～650万円,2012000406,1254,万円
貯蓄,600～650万円,2012000709,1387,万円
貯蓄,600～650万円,2012001012,1408,万円
貯蓄,600～650万円,2013000103,1482,万円
貯蓄,600～650万円,2013000406,1650,万円
貯蓄,600～650万円,2013000709,1580,万円
貯蓄,600～650万円,2013001012,1508,万円
貯蓄,600～650万円,2014000103,1646,万円
貯蓄,600～650万円,2014000406,1419,万円
貯蓄,600～650万円,2014000709,1405,万円
貯蓄,600～650万円,2014001012,1489,万円
貯蓄,600～650万円,2015000103,1391,万円
貯蓄,600～650万円,2015000406,1373,万円
貯蓄,600～650万円,2015000709,1508,万円
貯蓄,600～650万円,2015001012,1475,万円
貯蓄,600～650万円,2016000103,1495,万円
貯蓄,600～650万円,2016000406,1822,万円
貯蓄,600～650万円,2016000709,1888,万円
貯蓄,600～650万円,2016001012,1559,万円
貯蓄,600～650万円,2017000103,1513,万円
貯蓄,600～650万円,2017000406,1622,万円
貯蓄,600～650万円,2017000709,1499,万円
貯蓄,600～650万円,2017001012,1412,万円
貯蓄,600～650万円,2018000103,1515,万円
貯蓄,600～650万円,2018000406,1671,万円
貯蓄,600～650万円,2018000709,1570,万円
貯蓄,600～650万円,2018001012,1563,万円
貯蓄,600～650万円,2019000103,1578,万円
貯蓄,600～650万円,2019000406,1688,万円
貯蓄,600～650万円,2019000709,1885,万円
貯蓄,600～650万円,2019001012,1753,万円
貯蓄,600～650万円,2020000103,1599,万円
貯蓄,600～650万円,2020000406,1724,万円
貯蓄,600～650万円,2020000709,1885,万円
貯蓄,600～650万円,2020001012,1647,万円
貯蓄,600～650万円,2021000103,1529,万円
貯蓄,600～650万円,2021000406,1612,万円
貯蓄,600～650万円,2021000709,1493,万円
貯蓄,600～650万円,2021001012,1380,万円
貯蓄,600～650万円,2022000103,1643,万円
貯蓄,600～650万円,2022000406,1871,万円
貯蓄,600～650万円,2022000709,1749,万円
貯蓄,600～650万円,2022001012,1534,万円
貯蓄,600～650万円,2023000103,1523,万円
貯蓄,600～650万円,2023000406,1595,万円
貯蓄,600～650万円,2023000709,1542,万円
貯蓄,600～650万円,2023001012,1407,万円
貯蓄,600～650万円,2024000103,1795,万円
貯蓄,600～650万円,2024000406,1863,万円
貯蓄,600～650万円,2024000709,1707,万円
貯蓄,600～650万円,2024001012,1817,万円
貯蓄,600～650万円,2025000103,1999,万円
貯蓄,600～650万円,2025000406,1826,万円
貯蓄,600～650万円,2025000709,1831,万円
貯蓄,600～650万円,2025001012,2104,万円
貯蓄,650～700万円,2002000103,1517,万円
貯蓄,650～700万円,2002000406,1398,万円
貯蓄,650～700万円,2002000709,1427,万円
貯蓄,650～700万円,2002001012,1494,万円
貯蓄,650～700万円,2003000103,1360,万円
貯蓄,650～700万円,2003000406,1322,万円
貯蓄,650～700万円,2003000709,1506,万円
貯蓄,650～700万円,2003001012,1575,万円
貯蓄,650～700万円,2004000103,1566,万円
貯蓄,650～700万円,2004000406,1696,万円
貯蓄,650～700万円,2004000709,1757,万円
貯蓄,650～700万円,2004001012,1803,万円
貯蓄,650～700万円,2005000103,1802,万円
貯蓄,650～700万円,2005000406,1831,万円
貯蓄,650～700万円,2005000709,1797,万円
貯蓄,650～700万円,2005001012,1616,万円
貯蓄,650～700万円,2006000103,1642,万円
貯蓄,650～700万円,2006000406,1617,万円
貯蓄,650～700万円,2006000709,1520,万円
貯蓄,650～700万円,2006001012,1452,万円
貯蓄,650～700万円,2007000103,1505,万円
貯蓄,650～700万円,2007000406,1447,万円
貯蓄,650～700万円,2007000709,1417,万円
貯蓄,650～700万円,2007001012,1764,万円
貯蓄,650～700万円,2008000103,1998,万円
貯蓄,650～700万円,2008000406,1691,万円
貯蓄,650～700万円,2008000709,1365,万円
貯蓄,650～700万円,2008001012,1258,万円
貯蓄,650～700万円,2009000103,1237,万円
貯蓄,650～700万円,2009000406,1551,万円
貯蓄,650～700万円,2009000709,1786,万円
貯蓄,650～700万円,2009001012,1458,万円
貯蓄,650～700万円,2010000103,1293,万円
貯蓄,650～700万円,2010000406,1666,万円
貯蓄,650～700万円,2010000709,1931,万円
貯蓄,650～700万円,2010001012,1809,万円
貯蓄,650～700万円,2011000103,1610,万円
貯蓄,650～700万円,2011000406,1592,万円
貯蓄,650～700万円,2011000709,1566,万円
貯蓄,650～700万円,2011001012,1673,万円
貯蓄,650～700万円,2012000103,1676,万円
貯蓄,650～700万円,2012000406,1650,万円
貯蓄,650～700万円,2012000709,1469,万円
貯蓄,650～700万円,2012001012,1400,万円
貯蓄,650～700万円,2013000103,1658,万円
貯蓄,650～700万円,2013000406,1715,万円
貯蓄,650～700万円,2013000709,1590,万円
貯蓄,650～700万円,2013001012,1673,万円
貯蓄,650～700万円,2014000103,1584,万円
貯蓄,650～700万円,2014000406,1587,万円
貯蓄,650～700万円,2014000709,1534,万円
貯蓄,650～700万円,2014001012,1626,万円
貯蓄,650～700万円,2015000103,1711,万円
貯蓄,650～700万円,2015000406,1722,万円
貯蓄,650～700万円,2015000709,1709,万円
貯蓄,650～700万円,2015001012,1604,万円
貯蓄,650～700万円,2016000103,1752,万円
貯蓄,650～700万円,2016000406,1715,万円
貯蓄,650～700万円,2016000709,1521,万円
貯蓄,650～700万円,2016001012,1645,万円
貯蓄,650～700万円,2017000103,1572,万円
貯蓄,650～700万円,2017000406,1418,万円
貯蓄,650～700万円,2017000709,1532,万円
貯蓄,650～700万円,2017001012,1842,万円
貯蓄,650～700万円,2018000103,1700,万円
貯蓄,650～700万円,2018000406,1393,万円
貯蓄,650～700万円,2018000709,1426,万円
貯蓄,650～700万円,2018001012,1577,万円
貯蓄,650～700万円,2019000103,1908,万円
貯蓄,650～700万円,2019000406,1805,万円
貯蓄,650～700万円,2019000709,1774,万円
貯蓄,650～700万円,2019001012,1660,万円
貯蓄,650～700万円,2020000103,1716,万円
貯蓄,650～700万円,2020000406,1685,万円
貯蓄,650～700万円,2020000709,1587,万円
貯蓄,650～700万円,2020001012,1571,万円
貯蓄,650～700万円,2021000103,1640,万円
貯蓄,650～700万円,2021000406,1764,万円
貯蓄,650～700万円,2021000709,1546,万円
貯蓄,650～700万円,2021001012,1474,万円
貯蓄,650～700万円,2022000103,1554,万円
貯蓄,650～700万円,2022000406,1429,万円
貯蓄,650～700万円,2022000709,1345,万円
貯蓄,650～700万円,2022001012,1404,万円
貯蓄,650～700万円,2023000103,1599,万円
貯蓄,650～700万円,2023000406,1878,万円
貯蓄,650～700万円,2023000709,1952,万円
貯蓄,650～700万円,2023001012,1692,万円
貯蓄,650～700万円,2024000103,1746,万円
貯蓄,650～700万円,2024000406,1899,万円
貯蓄,650～700万円,2024000709,1934,万円
貯蓄,650～700万円,2024001012,2013,万円
貯蓄,650～700万円,2025000103,2233,万円
貯蓄,650～700万円,2025000406,2189,万円
貯蓄,650～700万円,2025000709,2421,万円
貯蓄,650～700万円,2025001012,1967,万円
貯蓄,700～750万円,2002000103,1483,万円
貯蓄,700～750万円,2002000406,1553,万円
貯蓄,700～750万円,2002000709,1554,万円
貯蓄,700～750万円,2002001012,1552,万円
貯蓄,700～750万円,2003000103,1638,万円
貯蓄,700～750万円,2003000406,1548,万円
貯蓄,700～750万円,2003000709,1381,万円
貯蓄,700～750万円,2003001012,1283,万円
貯蓄,700～750万円,2004000103,1377,万円
貯蓄,700～750万円,2004000406,1722,万円
貯蓄,700～750万円,2004000709,1774,万円
貯蓄,700～750万円,2004001012,1604,万円
貯蓄,700～750万円,2005000103,1793,万円
貯蓄,700～750万円,2005000406,1809,万円
貯蓄,700～750万円,2005000709,1693,万円
貯蓄,700～750万円,2005001012,1823,万円
貯蓄,700～750万円,2006000103,1933,万円
貯蓄,700～750万円,2006000406,1718,万円
貯蓄,700～750万円,2006000709,1486,万円
貯蓄,700～750万円,2006001012,1660,万円
貯蓄,700～750万円,2007000103,1626,万円
貯蓄,700～750万円,2007000406,1611,万円
貯蓄,700～750万円,2007000709,1621,万円
貯蓄,700～750万円,2007001012,1733,万円
貯蓄,700～750万円,2008000103,1733,万円
貯蓄,700～750万円,2008000406,1428,万円
貯蓄,700～750万円,2008000709,1352,万円
貯蓄,700～750万円,2008001012,1626,万円
貯蓄,700～750万円,2009000103,1622,万円
貯蓄,700～750万円,2009000406,1448,万円
貯蓄,700～750万円,2009000709,1339,万円
貯蓄,700～750万円,2009001012,1291,万円
貯蓄,700～750万円,2010000103,1352,万円
貯蓄,700～750万円,2010000406,1369,万円
貯蓄,700～750万円,2010000709,1366,万円
貯蓄,700～750万円,2010001012,1348,万円
貯蓄,700～750万円,2011000103,1476,万円
貯蓄,700～750万円,2011000406,1456,万円
貯蓄,700～750万円,2011000709,1513,万円
貯蓄,700～750万円,2011001012,1504,万円
貯蓄,700～750万円,2012000103,1410,万円
貯蓄,700～750万円,2012000406,1463,万円
貯蓄,700～750万円,2012000709,1662,万円
貯蓄,700～750万円,2012001012,1768,万円
貯蓄,700～750万円,2013000103,2194,万円
貯蓄,700～750万円,2013000406,2032,万円
貯蓄,700～750万円,2013000709,1686,万円
貯蓄,700～750万円,2013001012,1572,万円
貯蓄,700～750万円,2014000103,1572,万円
貯蓄,700～750万円,2014000406,1691,万円
貯蓄,700～750万円,2014000709,1667,万円
貯蓄,700～750万円,2014001012,1649,万円
貯蓄,700～750万円,2015000103,1789,万円
貯蓄,700～750万円,2015000406,1634,万円
貯蓄,700～750万円,2015000709,1566,万円
貯蓄,700～750万円,2015001012,1552,万円
貯蓄,700～750万円,2016000103,1931,万円
貯蓄,700～750万円,2016000406,2060,万円
貯蓄,700～750万円,2016000709,1801,万円
貯蓄,700～750万円,2016001012,1820,万円
貯蓄,700～750万円,2017000103,1684,万円
貯蓄,700～750万円,2017000406,1398,万円
貯蓄,700～750万円,2017000709,1293,万円
貯蓄,700～750万円,2017001012,1494,万円
貯蓄,700～750万円,2018000103,1705,万円
貯蓄,700～750万円,2018000406,1775,万円
貯蓄,700～750万円,2018000709,1682,万円
貯蓄,700～750万円,2018001012,1713,万円
貯蓄,700～750万円,2019000103,1595,万円
貯蓄,700～750万円,2019000406,1524,万円
貯蓄,700～750万円,2019000709,1698,万円
貯蓄,700～750万円,2019001012,1842,万円
貯蓄,700～750万円,2020000103,1642,万円
貯蓄,700～750万円,2020000406,1499,万円
貯蓄,700～750万円,2020000709,1659,万円
貯蓄,700～750万円,2020001012,1850,万円
貯蓄,700～750万円,2021000103,1781,万円
貯蓄,700～750万円,2021000406,1544,万円
貯蓄,700～750万円,2021000709,1556,万円
貯蓄,700～750万円,2021001012,1601,万円
貯蓄,700～750万円,2022000103,1612,万円
貯蓄,700～750万円,2022000406,1554,万円
貯蓄,700～750万円,2022000709,1554,万円
貯蓄,700～750万円,2022001012,1958,万円
貯蓄,700～750万円,2023000103,1971,万円
貯蓄,700～750万円,2023000406,1978,万円
貯蓄,700～750万円,2023000709,1726,万円
貯蓄,700～750万円,2023001012,1580,万円
貯蓄,700～750万円,2024000103,1587,万円
貯蓄,700～750万円,2024000406,1493,万円
貯蓄,700～750万円,2024000709,1428,万円
貯蓄,700～750万円,2024001012,1654,万円
貯蓄,700～750万円,2025000103,1772,万円
貯蓄,700～750万円,2025000406,1683,万円
貯蓄,700～750万円,2025000709,1961,万円
貯蓄,700～750万円,2025001012,2151,万円
貯蓄,750～800万円,2002000103,1901,万円
貯蓄,750～800万円,2002000406,1609,万円
貯蓄,750～800万円,2002000709,1594,万円
貯蓄,750～800万円,2002001012,1514,万円
貯蓄,750～800万円,2003000103,1443,万円
貯蓄,750～800万円,2003000406,1772,万円
貯蓄,750～800万円,2003000709,1982,万円
貯蓄,750～800万円,2003001012,1821,万円
貯蓄,750～800万円,2004000103,1560,万円
貯蓄,750～800万円,2004000406,1620,万円
貯蓄,750～800万円,2004000709,1693,万円
貯蓄,750～800万円,2004001012,1719,万円
貯蓄,750～800万円,2005000103,1819,万円
貯蓄,750～800万円,2005000406,1760,万円
貯蓄,750～800万円,2005000709,1634,万円
貯蓄,750～800万円,2005001012,1681,万円
貯蓄,750～800万円,2006000103,1647,万円
貯蓄,750～800万円,2006000406,1700,万円
貯蓄,750～800万円,2006000709,1719,万円
貯蓄,750～800万円,2006001012,1723,万円
貯蓄,750～800万円,2007000103,1854,万円
貯蓄,750～800万円,2007000406,1630,万円
貯蓄,750～800万円,2007000709,1628,万円
貯蓄,750～800万円,2007001012,1932,万円
貯蓄,750～800万円,2008000103,1755,万円
貯蓄,750～800万円,2008000406,1842,万円
貯蓄,750～800万円,2008000709,1831,万円
貯蓄,750～800万円,2008001012,1782,万円
貯蓄,750～800万円,2009000103,1851,万円
貯蓄,750～800万円,2009000406,1685,万円
貯蓄,750～800万円,2009000709,1677,万円
貯蓄,750～800万円,2009001012,1675,万円
貯蓄,750～800万円,2010000103,1514,万円
貯蓄,750～800万円,2010000406,1606,万円
貯蓄,750～800万円,2010000709,1606,万円
貯蓄,750～800万円,2010001012,1556,万円
貯蓄,750～800万円,2011000103,1541,万円
貯蓄,750～800万円,2011000406,1573,万円
貯蓄,750～800万円,2011000709,1622,万円
貯蓄,750～800万円,2011001012,1525,万円
貯蓄,750～800万円,2012000103,1597,万円
貯蓄,750～800万円,2012000406,1662,万円
貯蓄,750～800万円,2012000709,1683,万円
貯蓄,750～800万円,2012001012,1762,万円
貯蓄,750～800万円,2013000103,1728,万円
貯蓄,750～800万円,2013000406,1828,万円
貯蓄,750～800万円,2013000709,1723,万円
貯蓄,750～800万円,2013001012,1665,万円
貯蓄,750～800万円,2014000103,1730,万円
貯蓄,750～800万円,2014000406,1811,万円
貯蓄,750～800万円,2014000709,1886,万円
貯蓄,750～800万円,2014001012,1650,万円
貯蓄,750～800万円,2015000103,1480,万円
貯蓄,750～800万円,2015000406,1720,万円
貯蓄,750～800万円,2015000709,1841,万円
貯蓄,750～800万円,2015001012,2136,万円
貯蓄,750～800万円,2016000103,2144,万円
貯蓄,750～800万円,2016000406,1928,万円
貯蓄,750～800万円,2016000709,1686,万円
貯蓄,750～800万円,2016001012,1617,万円
貯蓄,750～800万円,2017000103,1889,万円
貯蓄,750～800万円,2017000406,1934,万円
貯蓄,750～800万円,2017000709,1734,万円
貯蓄,750～800万円,2017001012,1740,万円
貯蓄,750～800万円,2018000103,1651,万円
貯蓄,750～800万円,2018000406,1376,万円
貯蓄,750～800万円,2018000709,1353,万円
貯蓄,750～800万円,2018001012,1769,万円
貯蓄,750～800万円,2019000103,1615,万円
貯蓄,750～800万円,2019000406,1584,万円
貯蓄,750～800万円,2019000709,1781,万円
貯蓄,750～800万円,2019001012,1701,万円
貯蓄,750～800万円,2020000103,1635,万円
貯蓄,750～800万円,2020000406,1789,万円
貯蓄,750～800万円,2020000709,1725,万円
貯蓄,750～800万円,2020001012,1893,万円
貯蓄,750～800万円,2021000103,1942,万円
貯蓄,750～800万円,2021000406,1614,万円
貯蓄,750～800万円,2021000709,1641,万円
貯蓄,750～800万円,2021001012,1543,万円
貯蓄,750～800万円,2022000103,1458,万円
貯蓄,750～800万円,2022000406,1892,万円
貯蓄,750～800万円,2022000709,1936,万円
貯蓄,750～800万円,2022001012,1696,万円
貯蓄,750～800万円,2023000103,1647,万円
貯蓄,750～800万円,2023000406,1544,万円
貯蓄,750～800万円,2023000709,1734,万円
貯蓄,750～800万円,2023001012,1846,万円
貯蓄,750～800万円,2024000103,1837,万円
貯蓄,750～800万円,2024000406,1655,万円
貯蓄,750～800万円,2024000709,1674,万円
貯蓄,750～800万円,2024001012,1473,万円
貯蓄,750～800万円,2025000103,1559,万円
貯蓄,750～800万円,2025000406,1583,万円
貯蓄,750～800万円,2025000709,1620,万円
貯蓄,750～800万円,2025001012,1840,万円
貯蓄,800～900万円,2002000103,1810,万円
貯蓄,800～900万円,2002000406,1748,万円
貯蓄,800～900万円,2002000709,1739,万円
貯蓄,800～900万円,2002001012,1797,万円
貯蓄,800～900万円,2003000103,1819,万円
貯蓄,800～900万円,2003000406,2026,万円
貯蓄,800～900万円,2003000709,1912,万円
貯蓄,800～900万円,2003001012,1742,万円
貯蓄,800～900万円,2004000103,1651,万円
貯蓄,800～900万円,2004000406,1750,万円
貯蓄,800～900万円,2004000709,1843,万円
貯蓄,800～900万円,2004001012,1855,万円
貯蓄,800～900万円,2005000103,1739,万円
貯蓄,800～900万円,2005000406,1787,万円
貯蓄,800～900万円,2005000709,1777,万円
貯蓄,800～900万円,2005001012,1745,万円
貯蓄,800～900万円,2006000103,1793,万円
貯蓄,800～900万円,2006000406,1809,万円
貯蓄,800～900万円,2006000709,1908,万円
貯蓄,800～900万円,2006001012,1961,万円
貯蓄,800～900万円,2007000103,1923,万円
貯蓄,800～900万円,2007000406,1867,万円
貯蓄,800～900万円,2007000709,1592,万円
貯蓄,800～900万円,2007001012,1531,万円
貯蓄,800～900万円,2008000103,1570,万円
貯蓄,800～900万円,2008000406,1700,万円
貯蓄,800～900万円,2008000709,1848,万円
貯蓄,800～900万円,2008001012,1795,万円
貯蓄,800～900万円,2009000103,1744,万円
貯蓄,800～900万円,2009000406,1594,万円
貯蓄,800～900万円,2009000709,1632,万円
貯蓄,800～900万円,2009001012,1743,万円
貯蓄,800～900万円,2010000103,1967,万円
貯蓄,800～900万円,2010000406,1971,万円
貯蓄,800～900万円,2010000709,1684,万円
貯蓄,800～900万円,2010001012,1673,万円
貯蓄,800～900万円,2011000103,1727,万円
貯蓄,800～900万円,2011000406,1842,万円
貯蓄,800～900万円,2011000709,1991,万円
貯蓄,800～900万円,2011001012,1913,万円
貯蓄,800～900万円,2012000103,1720,万円
貯蓄,800～900万円,2012000406,1605,万円
貯蓄,800～900万円,2012000709,1611,万円
貯蓄,800～900万円,2012001012,1747,万円
貯蓄,800～900万円,2013000103,1743,万円
貯蓄,800～900万円,2013000406,1723,万円
貯蓄,800～900万円,2013000709,1724,万円
貯蓄,800～900万円,2013001012,1762,万円
貯蓄,800～900万円,2014000103,1653,万円
貯蓄,800～900万円,2014000406,1752,万円
貯蓄,800～900万円,2014000709,1811,万円
貯蓄,800～900万円,2014001012,1870,万円
貯蓄,800～900万円,2015000103,1805,万円
貯蓄,800～900万円,2015000406,1701,万円
貯蓄,800～900万円,2015000709,1928,万円
貯蓄,800～900万円,2015001012,1934,万円
貯蓄,800～900万円,2016000103,1689,万円
貯蓄,800～900万円,2016000406,1872,万円
貯蓄,800～900万円,2016000709,1919,万円
貯蓄,800～900万円,2016001012,1708,万円
貯蓄,800～900万円,2017000103,1785,万円
貯蓄,800～900万円,2017000406,1955,万円
貯蓄,800～900万円,2017000709,1755,万円
貯蓄,800～900万円,2017001012,1648,万円
貯蓄,800～900万円,2018000103,1798,万円
貯蓄,800～900万円,2018000406,1750,万円
貯蓄,800～900万円,2018000709,1442,万円
貯蓄,800～900万円,2018001012,1474,万円
貯蓄,800～900万円,2019000103,1723,万円
貯蓄,800～900万円,2019000406,1754,万円
貯蓄,800～900万円,2019000709,1674,万円
貯蓄,800～900万円,2019001012,1825,万円
貯蓄,800～900万円,2020000103,1630,万円
貯蓄,800～900万円,2020000406,1646,万円
貯蓄,800～900万円,2020000709,1760,万円
貯蓄,800～900万円,2020001012,1798,万円
貯蓄,800～900万円,2021000103,2001,万円
貯蓄,800～900万円,2021000406,2062,万円
貯蓄,800～900万円,2021000709,1823,万円
貯蓄,800～900万円,2021001012,1635,万円
貯蓄,800～900万円,2022000103,1707,万円
貯蓄,800～900万円,2022000406,1827,万円
貯蓄,800～900万円,2022000709,1880,万円
貯蓄,800～900万円,2022001012,1886,万円
貯蓄,800～900万円,2023000103,1874,万円
貯蓄,800～900万円,2023000406,1816,万円
貯蓄,800～900万円,2023000709,2169,万円
貯蓄,800～900万円,2023001012,2065,万円
貯蓄,800～900万円,2024000103,1851,万円
貯蓄,800～900万円,2024000406,1904,万円
貯蓄,800～900万円,2024000709,1758,万円
貯蓄,800～900万円,2024001012,1696,万円
貯蓄,800～900万円,2025000103,1931,万円
貯蓄,800～900万円,2025000406,1829,万円
貯蓄,800～900万円,2025000709,2218,万円
貯蓄,800～900万円,2025001012,2354,万円
貯蓄,900～1000万円,2002000103,1898,万円
貯蓄,900～1000万円,2002000406,1699,万円
貯蓄,900～1000万円,2002000709,1748,万円
貯蓄,900～1000万円,2002001012,1994,万円
貯蓄,900～1000万円,2003000103,1924,万円
貯蓄,900～1000万円,2003000406,1825,万円
貯蓄,900～1000万円,2003000709,1911,万円
貯蓄,900～1000万円,2003001012,1872,万円
貯蓄,900～1000万円,2004000103,1952,万円
貯蓄,900～1000万円,2004000406,2113,万円
貯蓄,900～1000万円,2004000709,2008,万円
貯蓄,900～1000万円,2004001012,1918,万円
貯蓄,900～1000万円,2005000103,1857,万円
貯蓄,900～1000万円,2005000406,1721,万円
貯蓄,900～1000万円,2005000709,1883,万円
貯蓄,900～1000万円,2005001012,2030,万円
貯蓄,900～1000万円,2006000103,2001,万円
貯蓄,900～1000万円,2006000406,2161,万円
貯蓄,900～1000万円,2006000709,2340,万円
貯蓄,900～1000万円,2006001012,2095,万円
貯蓄,900～1000万円,2007000103,1636,万円
貯蓄,900～1000万円,2007000406,1809,万円
貯蓄,900～1000万円,2007000709,1904,万円
貯蓄,900～1000万円,2007001012,1877,万円
貯蓄,900～1000万円,2008000103,1879,万円
貯蓄,900～1000万円,2008000406,1856,万円
貯蓄,900～1000万円,2008000709,1749,万円
貯蓄,900～1000万円,2008001012,1804,万円
貯蓄,900～1000万円,2009000103,1738,万円
貯蓄,900～1000万円,2009000406,1898,万円
貯蓄,900～1000万円,2009000709,1965,万円
貯蓄,900～1000万円,2009001012,1841,万円
貯蓄,900～1000万円,2010000103,1979,万円
貯蓄,900～1000万円,2010000406,1994,万円
貯蓄,900～1000万円,2010000709,1880,万円
貯蓄,900～1000万円,2010001012,2066,万円
貯蓄,900～1000万円,2011000103,1999,万円
貯蓄,900～1000万円,2011000406,1805,万円
貯蓄,900～1000万円,2011000709,1909,万円
貯蓄,900～1000万円,2011001012,1939,万円
貯蓄,900～1000万円,2012000103,1858,万円
貯蓄,900～1000万円,2012000406,1739,万円
貯蓄,900～1000万円,2012000709,1824,万円
貯蓄,900～1000万円,2012001012,1784,万円
貯蓄,900～1000万円,2013000103,1690,万円
貯蓄,900～1000万円,2013000406,1783,万円
貯蓄,900～1000万円,2013000709,1795,万円
貯蓄,900～1000万円,2013001012,2137,万円
貯蓄,900～1000万円,2014000103,2406,万円
貯蓄,900～1000万円,2014000406,2235,万円
貯蓄,900～1000万円,2014000709,2507,万円
貯蓄,900～1000万円,2014001012,2495,万円
貯蓄,900～1000万円,2015000103,2264,万円
貯蓄,900～1000万円,2015000406,2215,万円
貯蓄,900～1000万円,2015000709,2049,万円
貯蓄,900～1000万円,2015001012,1810,万円
貯蓄,900～1000万円,2016000103,1861,万円
貯蓄,900～1000万円,2016000406,1965,万円
貯蓄,900～1000万円,2016000709,2189,万円
貯蓄,900～1000万円,2016001012,2292,万円
貯蓄,900～1000万円,2017000103,2158,万円
貯蓄,900～1000万円,2017000406,2144,万円
貯蓄,900～1000万円,2017000709,2178,万円
貯蓄,900～1000万円,2017001012,2414,万円
貯蓄,900～1000万円,2018000103,2209,万円
貯蓄,900～1000万円,2018000406,2142,万円
貯蓄,900～1000万円,2018000709,1935,万円
貯蓄,900～1000万円,2018001012,1821,万円
貯蓄,900～1000万円,2019000103,1635,万円
貯蓄,900～1000万円,2019000406,1602,万円
貯蓄,900～1000万円,2019000709,2050,万円
貯蓄,900～1000万円,2019001012,2269,万円
貯蓄,900～1000万円,2020000103,2023,万円
貯蓄,900～1000万円,2020000406,1705,万円
貯蓄,900～1000万円,2020000709,1769,万円
貯蓄,900～1000万円,2020001012,1922,万円
貯蓄,900～1000万円,2021000103,2364,万円
貯蓄,900～1000万円,2021000406,2452,万円
貯蓄,900～1000万円,2021000709,1996,万円
貯蓄,900～1000万円,2021001012,2012,万円
貯蓄,900～1000万円,2022000103,2101,万円
貯蓄,900～1000万円,2022000406,2163,万円
貯蓄,900～1000万円,2022000709,2221,万円
貯蓄,900～1000万円,2022001012,2223,万円
貯蓄,900～1000万円,2023000103,2444,万円
貯蓄,900～1000万円,2023000406,2263,万円
貯蓄,900～1000万円,2023000709,2196,万円
貯蓄,900～1000万円,2023001012,2097,万円
貯蓄,900～1000万円,2024000103,1960,万円
貯蓄,900～1000万円,2024000406,1876,万円
貯蓄,900～1000万円,2024000709,2051,万円
貯蓄,900～1000万円,2024001012,2116,万円
貯蓄,900～1000万円,2025000103,1851,万円
貯蓄,900～1000万円,2025000406,1913,万円
貯蓄,900～1000万円,2025000709,2115,万円
貯蓄,900～1000万円,2025001012,2061,万円
貯蓄,1000～1250万円,2002000103,2147,万円
貯蓄,1000～1250万円,2002000406,2101,万円
貯蓄,1000～1250万円,2002000709,2067,万円
貯蓄,1000～1250万円,2002001012,2055,万円
貯蓄,1000～1250万円,2003000103,2041,万円
貯蓄,1000～1250万円,2003000406,2252,万円
貯蓄,1000～1250万円,2003000709,2625,万円
貯蓄,1000～1250万円,2003001012,2447,万円
貯蓄,1000～1250万円,2004000103,2125,万円
貯蓄,1000～1250万円,2004000406,2162,万円
貯蓄,1000～1250万円,2004000709,2169,万円
貯蓄,1000～1250万円,2004001012,2256,万円
貯蓄,1000～1250万円,2005000103,2471,万円
貯蓄,1000～1250万円,2005000406,2319,万円
貯蓄,1000～1250万円,2005000709,2368,万円
貯蓄,1000～1250万円,2005001012,2283,万円
貯蓄,1000～1250万円,2006000103,2161,万円
貯蓄,1000～1250万円,2006000406,2285,万円
貯蓄,1000～1250万円,2006000709,2296,万円
貯蓄,1000～1250万円,2006001012,2283,万円
貯蓄,1000～1250万円,2007000103,2223,万円
貯蓄,1000～1250万円,2007000406,2445,万円
貯蓄,1000～1250万円,2007000709,2505,万円
貯蓄,1000～1250万円,2007001012,2135,万円
貯蓄,1000～1250万円,2008000103,2157,万円
貯蓄,1000～1250万円,2008000406,2525,万円
貯蓄,1000～1250万円,2008000709,2218,万円
貯蓄,1000～1250万円,2008001012,1948,万円
貯蓄,1000～1250万円,2009000103,2097,万円
貯蓄,1000～1250万円,2009000406,2143,万円
貯蓄,1000～1250万円,2009000709,2229,万円
貯蓄,1000～1250万円,2009001012,2342,万円
貯蓄,1000～1250万円,2010000103,2260,万円
貯蓄,1000～1250万円,2010000406,2151,万円
貯蓄,1000～1250万円,2010000709,2303,万円
貯蓄,1000～1250万円,2010001012,2622,万円
貯蓄,1000～1250万円,2011000103,2679,万円
貯蓄,1000～1250万円,2011000406,2591,万円
貯蓄,1000～1250万円,2011000709,2429,万円
貯蓄,1000～1250万円,2011001012,2293,万円
貯蓄,1000～1250万円,2012000103,2389,万円
貯蓄,1000～1250万円,2012000406,2597,万円
貯蓄,1000～1250万円,2012000709,2564,万円
貯蓄,1000～1250万円,2012001012,2227,万円
貯蓄,1000～1250万円,2013000103,1982,万円
貯蓄,1000～1250万円,2013000406,1981,万円
貯蓄,1000～1250万円,2013000709,1988,万円
貯蓄,1000～1250万円,2013001012,2041,万円
貯蓄,1000～1250万円,2014000103,2442,万円
貯蓄,1000～1250万円,2014000406,2792,万円
貯蓄,1000～1250万円,2014000709,2581,万円
貯蓄,1000～1250万円,2014001012,2313,万円
貯蓄,1000～1250万円,2015000103,2498,万円
貯蓄,1000～1250万円,2015000406,2592,万円
貯蓄,1000～1250万円,2015000709,2428,万円
貯蓄,1000～1250万円,2015001012,2362,万円
貯蓄,1000～1250万円,2016000103,2426,万円
貯蓄,1000～1250万円,2016000406,2277,万円
貯蓄,1000～1250万円,2016000709,2318,万円
貯蓄,1000～1250万円,2016001012,2424,万円
貯蓄,1000～1250万円,2017000103,2277,万円
貯蓄,1000～1250万円,2017000406,2175,万円
貯蓄,1000～1250万円,2017000709,2294,万円
貯蓄,1000～1250万円,2017001012,2367,万円
貯蓄,1000～1250万円,2018000103,2194,万円
貯蓄,1000～1250万円,2018000406,2202,万円
貯蓄,1000～1250万円,2018000709,2242,万円
貯蓄,1000～1250万円,2018001012,2354,万円
貯蓄,1000～1250万円,2019000103,2389,万円
貯蓄,1000～1250万円,2019000406,2189,万円
貯蓄,1000～1250万円,2019000709,2260,万円
貯蓄,1000～1250万円,2019001012,2281,万円
貯蓄,1000～1250万円,2020000103,2101,万円
貯蓄,1000～1250万円,2020000406,2177,万円
貯蓄,1000～1250万円,2020000709,2370,万円
貯蓄,1000～1250万円,2020001012,2080,万円
貯蓄,1000～1250万円,2021000103,2235,万円
貯蓄,1000～1250万円,2021000406,2424,万円
貯蓄,1000～1250万円,2021000709,2229,万円
貯蓄,1000～1250万円,2021001012,2296,万円
貯蓄,1000～1250万円,2022000103,2502,万円
貯蓄,1000～1250万円,2022000406,2421,万円
貯蓄,1000～1250万円,2022000709,2550,万円
貯蓄,1000～1250万円,2022001012,2313,万円
貯蓄,1000～1250万円,2023000103,2305,万円
貯蓄,1000～1250万円,2023000406,2371,万円
貯蓄,1000～1250万円,2023000709,2131,万円
貯蓄,1000～1250万円,2023001012,2126,万円
貯蓄,1000～1250万円,2024000103,2183,万円
貯蓄,1000～1250万円,2024000406,2162,万円
貯蓄,1000～1250万円,2024000709,2296,万円
貯蓄,1000～1250万円,2024001012,2614,万円
貯蓄,1000～1250万円,2025000103,2419,万円
貯蓄,1000～1250万円,2025000406,2431,万円
貯蓄,1000～1250万円,2025000709,2605,万円
貯蓄,1000～1250万円,2025001012,2594,万円
貯蓄,1250～1500万円,2002000103,2740,万円
貯蓄,1250～1500万円,2002000406,2882,万円
貯蓄,1250～1500万円,2002000709,2669,万円
貯蓄,1250～1500万円,2002001012,2908,万円
貯蓄,1250～1500万円,2003000103,2955,万円
貯蓄,1250～1500万円,2003000406,2708,万円
貯蓄,1250～1500万円,2003000709,2573,万円
貯蓄,1250～1500万円,2003001012,2651,万円
貯蓄,1250～1500万円,2004000103,2812,万円
貯蓄,1250～1500万円,2004000406,3236,万円
貯蓄,1250～1500万円,2004000709,3241,万円
貯蓄,1250～1500万円,2004001012,2937,万円
貯蓄,1250～1500万円,2005000103,2784,万円
貯蓄,1250～1500万円,2005000406,2491,万円
貯蓄,1250～1500万円,2005000709,2347,万円
貯蓄,1250～1500万円,2005001012,2618,万円
貯蓄,1250～1500万円,2006000103,2906,万円
貯蓄,1250～1500万円,2006000406,3076,万円
貯蓄,1250～1500万円,2006000709,2875,万円
貯蓄,1250～1500万円,2006001012,2813,万円
貯蓄,1250～1500万円,2007000103,2819,万円
貯蓄,1250～1500万円,2007000406,2865,万円
貯蓄,1250～1500万円,2007000709,2979,万円
貯蓄,1250～1500万円,2007001012,2913,万円
貯蓄,1250～1500万円,2008000103,2930,万円
貯蓄,1250～1500万円,2008000406,2901,万円
貯蓄,1250～1500万円,2008000709,2849,万円
貯蓄,1250～1500万円,2008001012,3057,万円
貯蓄,1250～1500万円,2009000103,2909,万円
貯蓄,1250～1500万円,2009000406,2518,万円
貯蓄,1250～1500万円,2009000709,2474,万円
貯蓄,1250～1500万円,2009001012,2663,万円
貯蓄,1250～1500万円,2010000103,2703,万円
貯蓄,1250～1500万円,2010000406,2699,万円
貯蓄,1250～1500万円,2010000709,2783,万円
貯蓄,1250～1500万円,2010001012,2717,万円
貯蓄,1250～1500万円,2011000103,2641,万円
貯蓄,1250～1500万円,2011000406,2957,万円
貯蓄,1250～1500万円,2011000709,3143,万円
貯蓄,1250～1500万円,2011001012,3168,万円
貯蓄,1250～1500万円,2012000103,2910,万円
貯蓄,1250～1500万円,2012000406,2786,万円
貯蓄,1250～1500万円,2012000709,2496,万円
貯蓄,1250～1500万円,2012001012,2573,万円
貯蓄,1250～1500万円,2013000103,2445,万円
貯蓄,1250～1500万円,2013000406,2699,万円
貯蓄,1250～1500万円,2013000709,3242,万円
貯蓄,1250～1500万円,2013001012,3780,万円
貯蓄,1250～1500万円,2014000103,3580,万円
貯蓄,1250～1500万円,2014000406,3510,万円
貯蓄,1250～1500万円,2014000709,3613,万円
貯蓄,1250～1500万円,2014001012,3403,万円
貯蓄,1250～1500万円,2015000103,3688,万円
貯蓄,1250～1500万円,2015000406,3346,万円
貯蓄,1250～1500万円,2015000709,2634,万円
貯蓄,1250～1500万円,2015001012,3073,万円
貯蓄,1250～1500万円,2016000103,3105,万円
貯蓄,1250～1500万円,2016000406,2876,万円
貯蓄,1250～1500万円,2016000709,3013,万円
貯蓄,1250～1500万円,2016001012,3021,万円
貯蓄,1250～1500万円,2017000103,2885,万円
貯蓄,1250～1500万円,2017000406,2545,万円
貯蓄,1250～1500万円,2017000709,2540,万円
貯蓄,1250～1500万円,2017001012,2618,万円
貯蓄,1250～1500万円,2018000103,2902,万円
貯蓄,1250～1500万円,2018000406,3144,万円
貯蓄,1250～1500万円,2018000709,2975,万円
貯蓄,1250～1500万円,2018001012,2601,万円
貯蓄,1250～1500万円,2019000103,2769,万円
貯蓄,1250～1500万円,2019000406,2605,万円
貯蓄,1250～1500万円,2019000709,2624,万円
貯蓄,1250～1500万円,2019001012,2575,万円
貯蓄,1250～1500万円,2020000103,2262,万円
貯蓄,1250～1500万円,2020000406,2458,万円
貯蓄,1250～1500万円,2020000709,3080,万円
貯蓄,1250～1500万円,2020001012,3079,万円
貯蓄,1250～1500万円,2021000103,3165,万円
貯蓄,1250～1500万円,2021000406,3300,万円
貯蓄,1250～1500万円,2021000709,2768,万円
貯蓄,1250～1500万円,2021001012,2854,万円
貯蓄,1250～1500万円,2022000103,3148,万円
貯蓄,1250～1500万円,2022000406,3387,万円
貯蓄,1250～1500万円,2022000709,3427,万円
貯蓄,1250～1500万円,2022001012,3025,万円
貯蓄,1250～1500万円,2023000103,2502,万円
貯蓄,1250～1500万円,2023000406,2520,万円
貯蓄,1250～1500万円,2023000709,2615,万円
貯蓄,1250～1500万円,2023001012,2736,万円
貯蓄,1250～1500万円,2024000103,2988,万円
貯蓄,1250～1500万円,2024000406,3222,万円
貯蓄,1250～1500万円,2024000709,2997,万円
貯蓄,1250～1500万円,2024001012,2708,万円
貯蓄,1250～1500万円,2025000103,2729,万円
貯蓄,1250～1500万円,2025000406,2755,万円
貯蓄,1250～1500万円,2025000709,2873,万円
貯蓄,1250～1500万円,2025001012,3037,万円
貯蓄,1500万円以上,2002000103,3612,万円
貯蓄,1500万円以上,2002000406,3804,万円
貯蓄,1500万円以上,2002000709,4046,万円
貯蓄,1500万円以上,2002001012,3857,万円
貯蓄,1500万円以上,2003000103,4091,万円
貯蓄,1500万円以上,2003000406,4047,万円
貯蓄,1500万円以上,2003000709,3948,万円
貯蓄,1500万円以上,2003001012,4181,万円
貯蓄,1500万円以上,2004000103,4064,万円
貯蓄,1500万円以上,2004000406,3493,万円
貯蓄,1500万円以上,2004000709,3415,万円
貯蓄,1500万円以上,2004001012,3683,万円
貯蓄,1500万円以上,2005000103,4320,万円
貯蓄,1500万円以上,2005000406,4444,万円
貯蓄,1500万円以上,2005000709,4050,万円
貯蓄,1500万円以上,2005001012,4212,万円
貯蓄,1500万円以上,2006000103,4108,万円
貯蓄,1500万円以上,2006000406,3989,万円
貯蓄,1500万円以上,2006000709,4354,万円
貯蓄,1500万円以上,2006001012,4179,万円
貯蓄,1500万円以上,2007000103,3749,万円
貯蓄,1500万円以上,2007000406,4102,万円
貯蓄,1500万円以上,2007000709,4279,万円
貯蓄,1500万円以上,2007001012,3747,万円
貯蓄,1500万円以上,2008000103,3531,万円
貯蓄,1500万円以上,2008000406,3776,万円
貯蓄,1500万円以上,2008000709,4171,万円
貯蓄,1500万円以上,2008001012,4184,万円
貯蓄,1500万円以上,2009000103,4066,万円
貯蓄,1500万円以上,2009000406,4174,万円
貯蓄,1500万円以上,2009000709,3948,万円
貯蓄,1500万円以上,2009001012,4173,万円
貯蓄,1500万円以上,2010000103,4160,万円
貯蓄,1500万円以上,2010000406,3890,万円
貯蓄,1500万円以上,2010000709,4066,万円
貯蓄,1500万円以上,2010001012,4180,万円
貯蓄,1500万円以上,2011000103,4891,万円
貯蓄,1500万円以上,2011000406,4381,万円
貯蓄,1500万円以上,2011000709,4166,万円
貯蓄,1500万円以上,2011001012,4476,万円
貯蓄,1500万円以上,2012000103,4666,万円
貯蓄,1500万円以上,2012000406,4779,万円
貯蓄,1500万円以上,2012000709,4890,万円
貯蓄,1500万円以上,2012001012,5199,万円
貯蓄,1500万円以上,2013000103,5008,万円
貯蓄,1500万円以上,2013000406,4780,万円
貯蓄,1500万円以上,2013000709,4521,万円
貯蓄,1500万円以上,2013001012,4806,万円
貯蓄,1500万円以上,2014000103,4641,万円
貯蓄,1500万円以上,2014000406,4221,万円
貯蓄,1500万円以上,2014000709,4723,万円
貯蓄,1500万円以上,2014001012,5349,万円
貯蓄,1500万円以上,2015000103,5024,万円
貯蓄,1500万円以上,2015000406,4815,万円
貯蓄,1500万円以上,2015000709,4794,万円
貯蓄,1500万円以上,2015001012,4557,万円
貯蓄,1500万円以上,2016000103,4355,万円
貯蓄,1500万円以上,2016000406,4398,万円
貯蓄,1500万円以上,2016000709,4647,万円
貯蓄,1500万円以上,2016001012,4574,万円
貯蓄,1500万円以上,2017000103,4411,万円
貯蓄,1500万円以上,2017000406,4792,万円
貯蓄,1500万円以上,2017000709,4132,万円
貯蓄,1500万円以上,2017001012,3523,万円
貯蓄,1500万円以上,2018000103,4092,万円
貯蓄,1500万円以上,2018000406,4319,万円
貯蓄,1500万円以上,2018000709,4353,万円
貯蓄,1500万円以上,2018001012,4877,万円
貯蓄,1500万円以上,2019000103,4759,万円
貯蓄,1500万円以上,2019000406,4154,万円
貯蓄,1500万円以上,2019000709,4472,万円
貯蓄,1500万円以上,2019001012,4992,万円
貯蓄,1500万円以上,2020000103,4633,万円
貯蓄,1500万円以上,2020000406,4439,万円
貯蓄,1500万円以上,2020000709,4556,万円
貯蓄,1500万円以上,2020001012,4686,万円
貯蓄,1500万円以上,2021000103,5043,万円
貯蓄,1500万円以上,2021000406,5475,万円
貯蓄,1500万円以上,2021000709,4956,万円
貯蓄,1500万円以上,2021001012,4282,万円
貯蓄,1500万円以上,2022000103,3957,万円
貯蓄,1500万円以上,2022000406,4337,万円
貯蓄,1500万円以上,2022000709,4163,万円
貯蓄,1500万円以上,2022001012,4371,万円
貯蓄,1500万円以上,2023000103,4461,万円
貯蓄,1500万円以上,2023000406,4183,万円
貯蓄,1500万円以上,2023000709,4370,万円
貯蓄,1500万円以上,2023001012,4609,万円
貯蓄,1500万円以上,2024000103,4373,万円
貯蓄,1500万円以上,2024000406,4012,万円
貯蓄,1500万円以上,2024000709,4281,万円
貯蓄,1500万円以上,2024001012,4358,万円
貯蓄,1500万円以上,2025000103,4231,万円
貯蓄,1500万円以上,2025000406,3987,万円
貯蓄,1500万円以上,2025000709,4203,万円
貯蓄,1500万円以上,2025001012,4060,万円
負債,200万円未満,2002000103,64,万円
負債,200万円未満,2002000406,78,万円
負債,200万円未満,2002000709,85,万円
負債,200万円未満,2002001012,94,万円
負債,200万円未満,2003000103,169,万円
負債,200万円未満,2003000406,134,万円
負債,200万円未満,2003000709,90,万円
負債,200万円未満,2003001012,91,万円
負債,200万円未満,2004000103,95,万円
負債,200万円未満,2004000406,47,万円
負債,200万円未満,2004000709,89,万円
負債,200万円未満,2004001012,110,万円
負債,200万円未満,2005000103,43,万円
負債,200万円未満,2005000406,99,万円
負債,200万円未満,2005000709,113,万円
負債,200万円未満,2005001012,50,万円
負債,200万円未満,2006000103,41,万円
負債,200万円未満,2006000406,51,万円
負債,200万円未満,2006000709,42,万円
負債,200万円未満,2006001012,15,万円
負債,200万円未満,2007000103,30,万円
負債,200万円未満,2007000406,45,万円
負債,200万円未満,2007000709,54,万円
負債,200万円未満,2007001012,84,万円
負債,200万円未満,2008000103,116,万円
負債,200万円未満,2008000406,144,万円
負債,200万円未満,2008000709,94,万円
負債,200万円未満,2008001012,73,万円
負債,200万円未満,2009000103,66,万円
負債,200万円未満,2009000406,128,万円
負債,200万円未満,2009000709,111,万円
負債,200万円未満,2009001012,76,万円
負債,200万円未満,2010000103,68,万円
負債,200万円未満,2010000406,70,万円
負債,200万円未満,2010000709,75,万円
負債,200万円未満,2010001012,67,万円
負債,200万円未満,2011000103,70,万円
負債,200万円未満,2011000406,54,万円
負債,200万円未満,2011000709,22,万円
負債,200万円未満,2011001012,26,万円
負債,200万円未満,2012000103,62,万円
負債,200万円未満,2012000406,86,万円
負債,200万円未満,2012000709,73,万円
負債,200万円未満,2012001012,144,万円
負債,200万円未満,2013000103,188,万円
負債,200万円未満,2013000406,80,万円
負債,200万円未満,2013000709,26,万円
負債,200万円未満,2013001012,34,万円
負債,200万円未満,2014000103,19,万円
負債,200万円未満,2014000406,16,万円
負債,200万円未満,2014000709,25,万円
負債,200万円未満,2014001012,35,万円
負債,200万円未満,2015000103,51,万円
負債,200万円未満,2015000406,42,万円
負債,200万円未満,2015000709,33,万円
負債,200万円未満,2015001012,48,万円
負債,200万円未満,2016000103,67,万円
負債,200万円未満,2016000406,42,万円
負債,200万円未満,2016000709,27,万円
負債,200万円未満,2016001012,144,万円
負債,200万円未満,2017000103,132,万円
負債,200万円未満,2017000406,27,万円
負債,200万円未満,2017000709,24,万円
負債,200万円未満,2017001012,13,万円
負債,200万円未満,2018000103,37,万円
負債,200万円未満,2018000406,29,万円
負債,200万円未満,2018000709,32,万円
負債,200万円未満,2018001012,24,万円
負債,200万円未満,2019000103,19,万円
負債,200万円未満,2019000406,28,万円
負債,200万円未満,2019000709,62,万円
負債,200万円未満,2019001012,87,万円
負債,200万円未満,2020000103,55,万円
負債,200万円未満,2020000406,60,万円
負債,200万円未満,2020000709,78,万円
負債,200万円未満,2020001012,37,万円
負債,200万円未満,2021000103,39,万円
負債,200万円未満,2021000406,41,万円
負債,200万円未満,2021000709,46,万円
負債,200万円未満,2021001012,54,万円
負債,200万円未満,2022000103,29,万円
負債,200万円未満,2022000406,78,万円
負債,200万円未満,2022000709,99,万円
負債,200万円未満,2022001012,18,万円
負債,200万円未満,2023000103,56,万円
負債,200万円未満,2023000406,76,万円
負債,200万円未満,2023000709,72,万円
負債,200万円未満,2023001012,34,万円
負債,200万円未満,2024000103,18,万円
負債,200万円未満,2024000406,93,万円
負債,200万円未満,2024000709,180,万円
負債,200万円未満,2024001012,72,万円
負債,200万円未満,2025000103,44,万円
負債,200万円未満,2025000406,47,万円
負債,200万円未満,2025000709,59,万円
負債,200万円未満,2025001012,69,万円
負債,200～250万円,2002000103,137,万円
負債,200～250万円,2002000406,151,万円
負債,200～250万円,2002000709,178,万円
負債,200～250万円,2002001012,120,万円
負債,200～250万円,2003000103,94,万円
負債,200～250万円,2003000406,79,万円
負債,200～250万円,2003000709,78,万円
負債,200～250万円,2003001012,136,万円
負債,200～250万円,2004000103,217,万円
負債,200～250万円,2004000406,267,万円
負債,200～250万円,2004000709,211,万円
負債,200～250万円,2004001012,127,万円
負債,200～250万円,2005000103,94,万円
負債,200～250万円,2005000406,126,万円
負債,200～250万円,2005000709,155,万円
負債,200～250万円,2005001012,244,万円
負債,200～250万円,2006000103,307,万円
負債,200～250万円,2006000406,206,万円
負債,200～250万円,2006000709,115,万円
負債,200～250万円,2006001012,100,万円
負債,200～250万円,2007000103,125,万円
負債,200～250万円,2007000406,118,万円
負債,200～250万円,2007000709,121,万円
負債,200～250万円,2007001012,165,万円
負債,200～250万円,2008000103,98,万円
負債,200～250万円,2008000406,138,万円
負債,200～250万円,2008000709,136,万円
負債,200～250万円,2008001012,132,万円
負債,200～250万円,2009000103,173,万円
負債,200～250万円,2009000406,181,万円
負債,200～250万円,2009000709,112,万円
負債,200～250万円,2009001012,66,万円
負債,200～250万円,2010000103,78,万円
負債,200～250万円,2010000406,131,万円
負債,200～250万円,2010000709,166,万円
負債,200～250万円,2010001012,170,万円
負債,200～250万円,2011000103,188,万円
負債,200～250万円,2011000406,115,万円
負債,200～250万円,2011000709,52,万円
負債,200～250万円,2011001012,76,万円
負債,200～250万円,2012000103,100,万円
負債,200～250万円,2012000406,104,万円
負債,200～250万円,2012000709,113,万円
負債,200～250万円,2012001012,113,万円
負債,200～250万円,2013000103,111,万円
負債,200～250万円,2013000406,151,万円
負債,200～250万円,2013000709,130,万円
負債,200～250万円,2013001012,146,万円
負債,200～250万円,2014000103,155,万円
負債,200～250万円,2014000406,94,万円
負債,200～250万円,2014000709,64,万円
負債,200～250万円,2014001012,71,万円
負債,200～250万円,2015000103,114,万円
負債,200～250万円,2015000406,161,万円
負債,200～250万円,2015000709,144,万円
負債,200～250万円,2015001012,71,万円
負債,200～250万円,2016000103,64,万円
負債,200～250万円,2016000406,135,万円
負債,200～250万円,2016000709,142,万円
負債,200～250万円,2016001012,84,万円
負債,200～250万円,2017000103,96,万円
負債,200～250万円,2017000406,104,万円
負債,200～250万円,2017000709,62,万円
負債,200～250万円,2017001012,90,万円
負債,200～250万円,2018000103,186,万円
負債,200～250万円,2018000406,151,万円
負債,200～250万円,2018000709,164,万円
負債,200～250万円,2018001012,182,万円
負債,200～250万円,2019000103,122,万円
負債,200～250万円,2019000406,127,万円
負債,200～250万円,2019000709,130,万円
負債,200～250万円,2019001012,136,万円
負債,200～250万円,2020000103,67,万円
負債,200～250万円,2020000406,51,万円
負債,200～250万円,2020000709,62,万円
負債,200～250万円,2020001012,58,万円
負債,200～250万円,2021000103,72,万円
負債,200～250万円,2021000406,128,万円
負債,200～250万円,2021000709,137,万円
負債,200～250万円,2021001012,94,万円
負債,200～250万円,2022000103,106,万円
負債,200～250万円,2022000406,165,万円
負債,200～250万円,2022000709,150,万円
負債,200～250万円,2022001012,137,万円
負債,200～250万円,2023000103,120,万円
負債,200～250万円,2023000406,91,万円
負債,200～250万円,2023000709,57,万円
負債,200～250万円,2023001012,33,万円
負債,200～250万円,2024000103,21,万円
負債,200～250万円,2024000406,48,万円
負債,200～250万円,2024000709,89,万円
負債,200～250万円,2024001012,53,万円
負債,200～250万円,2025000103,74,万円
負債,200～250万円,2025000406,52,万円
負債,200～250万円,2025000709,30,万円
負債,200～250万円,2025001012,34,万円
負債,250～300万円,2002000103,181,万円
負債,250～300万円,2002000406,193,万円
負債,250～300万円,2002000709,146,万円
負債,250～300万円,2002001012,89,万円
負債,250～300万円,2003000103,102,万円
負債,250～300万円,2003000406,117,万円
負債,250～300万円,2003000709,126,万円
負債,250～300万円,2003001012,184,万円
負債,250～300万円,2004000103,160,万円
負債,250～300万円,2004000406,102,万円
負債,250～300万円,2004000709,109,万円
負債,250～300万円,2004001012,119,万円
負債,250～300万円,2005000103,99,万円
負債,250～300万円,2005000406,86,万円
負債,250～300万円,2005000709,125,万円
負債,250～300万円,2005001012,148,万円
負債,250～300万円,2006000103,119,万円
負債,250～300万円,2006000406,84,万円
負債,250～300万円,2006000709,82,万円
負債,250～300万円,2006001012,158,万円
負債,250～300万円,2007000103,152,万円
負債,250～300万円,2007000406,158,万円
負債,250～300万円,2007000709,174,万円
負債,250～300万円,2007001012,252,万円
負債,250～300万円,2008000103,236,万円
負債,250～300万円,2008000406,137,万円
負債,250～300万円,2008000709,138,万円
負債,250～300万円,2008001012,151,万円
負債,250～300万円,2009000103,124,万円
負債,250～300万円,2009000406,97,万円
負債,250～300万円,2009000709,97,万円
負債,250～300万円,2009001012,114,万円
負債,250～300万円,2010000103,98,万円
負債,250～300万円,2010000406,82,万円
負債,250～300万円,2010000709,81,万円
負債,250～300万円,2010001012,148,万円
負債,250～300万円,2011000103,159,万円
負債,250～300万円,2011000406,110,万円
負債,250～300万円,2011000709,137,万円
負債,250～300万円,2011001012,137,万円
負債,250～300万円,2012000103,166,万円
負債,250～300万円,2012000406,197,万円
負債,250～300万円,2012000709,110,万円
負債,250～300万円,2012001012,93,万円
負債,250～300万円,2013000103,115,万円
負債,250～300万円,2013000406,130,万円
負債,250～300万円,2013000709,106,万円
負債,250～300万円,2013001012,93,万円
負債,250～300万円,2014000103,78,万円
負債,250～300万円,2014000406,75,万円
負債,250～300万円,2014000709,125,万円
負債,250～300万円,2014001012,148,万円
負債,250～300万円,2015000103,107,万円
負債,250～300万円,2015000406,89,万円
負債,250～300万円,2015000709,100,万円
負債,250～300万円,2015001012,85,万円
負債,250～300万円,2016000103,104,万円
負債,250～300万円,2016000406,91,万円
負債,250～300万円,2016000709,57,万円
負債,250～300万円,2016001012,44,万円
負債,250～300万円,2017000103,78,万円
負債,250～300万円,2017000406,109,万円
負債,250～300万円,2017000709,98,万円
負債,250～300万円,2017001012,90,万円
負債,250～300万円,2018000103,86,万円
負債,250～300万円,2018000406,142,万円
負債,250～300万円,2018000709,112,万円
負債,250～300万円,2018001012,88,万円
負債,250～300万円,2019000103,116,万円
負債,250～300万円,2019000406,155,万円
負債,250～300万円,2019000709,145,万円
負債,250～300万円,2019001012,69,万円
負債,250～300万円,2020000103,123,万円
負債,250～300万円,2020000406,113,万円
負債,250～300万円,2020000709,81,万円
負債,250～300万円,2020001012,120,万円
負債,250～300万円,2021000103,118,万円
負債,250～300万円,2021000406,69,万円
負債,250～300万円,2021000709,64,万円
負債,250～300万円,2021001012,92,万円
負債,250～300万円,2022000103,82,万円
負債,250～300万円,2022000406,72,万円
負債,250～300万円,2022000709,124,万円
負債,250～300万円,2022001012,140,万円
負債,250～300万円,2023000103,92,万円
負債,250～300万円,2023000406,63,万円
負債,250～300万円,2023000709,56,万円
負債,250～300万円,2023001012,58,万円
負債,250～300万円,2024000103,102,万円
負債,250～300万円,2024000406,103,万円
負債,250～300万円,2024000709,93,万円
負債,250～300万円,2024001012,74,万円
負債,250～300万円,2025000103,83,万円
負債,250～300万円,2025000406,59,万円
負債,250～300万円,2025000709,38,万円
負債,250～300万円,2025001012,47,万円
負債,300～350万円,2002000103,181,万円
負債,300～350万円,2002000406,186,万円
負債,300～350万円,2002000709,143,万円
負債,300～350万円,2002001012,145,万円
負債,300～350万円,2003000103,128,万円
負債,300～350万円,2003000406,165,万円
負債,300～350万円,2003000709,205,万円
負債,300～350万円,2003001012,146,万円
負債,300～350万円,2004000103,116,万円
負債,300～350万円,2004000406,133,万円
負債,300～350万円,2004000709,117,万円
負債,300～350万円,2004001012,145,万円
負債,300～350万円,2005000103,217,万円
負債,300～350万円,2005000406,155,万円
負債,300～350万円,2005000709,124,万円
負債,300～350万円,2005001012,148,万円
負債,300～350万円,2006000103,193,万円
負債,300～350万円,2006000406,207,万円
負債,300～350万円,2006000709,206,万円
負債,300～350万円,2006001012,168,万円
負債,300～350万円,2007000103,148,万円
負債,300～350万円,2007000406,166,万円
負債,300～350万円,2007000709,148,万円
負債,300～350万円,2007001012,162,万円
負債,300～350万円,2008000103,172,万円
負債,300～350万円,2008000406,155,万円
負債,300～350万円,2008000709,155,万円
負債,300～350万円,2008001012,124,万円
負債,300～350万円,2009000103,138,万円
負債,300～350万円,2009000406,145,万円
負債,300～350万円,2009000709,113,万円
負債,300～350万円,2009001012,117,万円
負債,300～350万円,2010000103,142,万円
負債,300～350万円,2010000406,184,万円
負債,300～350万円,2010000709,208,万円
負債,300～350万円,2010001012,185,万円
負債,300～350万円,2011000103,183,万円
負債,300～350万円,2011000406,176,万円
負債,300～350万円,2011000709,130,万円
負債,300～350万円,2011001012,105,万円
負債,300～350万円,2012000103,117,万円
負債,300～350万円,2012000406,138,万円
負債,300～350万円,2012000709,154,万円
負債,300～350万円,2012001012,167,万円
負債,300～350万円,2013000103,165,万円
負債,300～350万円,2013000406,139,万円
負債,300～350万円,2013000709,125,万円
負債,300～350万円,2013001012,149,万円
負債,300～350万円,2014000103,174,万円
負債,300～350万円,2014000406,154,万円
負債,300～350万円,2014000709,131,万円
負債,300～350万円,2014001012,105,万円
負債,300～350万円,2015000103,90,万円
負債,300～350万円,2015000406,102,万円
負債,300～350万円,2015000709,109,万円
負債,300～350万円,2015001012,90,万円
負債,300～350万円,2016000103,81,万円
負債,300～350万円,2016000406,116,万円
負債,300～350万円,2016000709,143,万円
負債,300～350万円,2016001012,150,万円
負債,300～350万円,2017000103,130,万円
負債,300～350万円,2017000406,104,万円
負債,300～350万円,2017000709,113,万円
負債,300～350万円,2017001012,149,万円
負債,300～350万円,2018000103,181,万円
負債,300～350万円,2018000406,167,万円
負債,300～350万円,2018000709,162,万円
負債,300～350万円,2018001012,177,万円
負債,300～350万円,2019000103,116,万円
負債,300～350万円,2019000406,100,万円
負債,300～350万円,2019000709,130,万円
負債,300～350万円,2019001012,133,万円
負債,300～350万円,2020000103,140,万円
負債,300～350万円,2020000406,90,万円
負債,300～350万円,2020000709,114,万円
負債,300～350万円,2020001012,130,万円
負債,300～350万円,2021000103,97,万円
負債,300～350万円,2021000406,103,万円
負債,300～350万円,2021000709,102,万円
負債,300～350万円,2021001012,116,万円
負債,300～350万円,2022000103,99,万円
負債,300～350万円,2022000406,73,万円
負債,300～350万円,2022000709,87,万円
負債,300～350万円,2022001012,84,万円
負債,300～350万円,2023000103,55,万円
負債,300～350万円,2023000406,64,万円
負債,300～350万円,2023000709,137,万円
負債,300～350万円,2023001012,166,万円
負債,300～350万円,2024000103,108,万円
負債,300～350万円,2024000406,126,万円
負債,300～350万円,2024000709,137,万円
負債,300～350万円,2024001012,89,万円
負債,300～350万円,2025000103,64,万円
負債,300～350万円,2025000406,62,万円
負債,300～350万円,2025000709,150,万円
負債,300～350万円,2025001012,199,万円
負債,350～400万円,2002000103,220,万円
負債,350～400万円,2002000406,168,万円
負債,350～400万円,2002000709,214,万円
負債,350～400万円,2002001012,266,万円
負債,350～400万円,2003000103,239,万円
負債,350～400万円,2003000406,206,万円
負債,350～400万円,2003000709,191,万円
負債,350～400万円,2003001012,171,万円
負債,350～400万円,2004000103,190,万円
負債,350～400万円,2004000406,245,万円
負債,350～400万円,2004000709,261,万円
負債,350～400万円,2004001012,238,万円
負債,350～400万円,2005000103,227,万円
負債,350～400万円,2005000406,193,万円
負債,350～400万円,2005000709,142,万円
負債,350～400万円,2005001012,215,万円
負債,350～400万円,2006000103,158,万円
負債,350～400万円,2006000406,147,万円
負債,350～400万円,2006000709,190,万円
負債,350～400万円,2006001012,249,万円
負債,350～400万円,2007000103,246,万円
負債,350～400万円,2007000406,210,万円
負債,350～400万円,2007000709,197,万円
負債,350～400万円,2007001012,268,万円
負債,350～400万円,2008000103,211,万円
負債,350～400万円,2008000406,208,万円
負債,350～400万円,2008000709,241,万円
負債,350～400万円,2008001012,222,万円
負債,350～400万円,2009000103,212,万円
負債,350～400万円,2009000406,186,万円
負債,350～400万円,2009000709,209,万円
負債,350～400万円,2009001012,203,万円
負債,350～400万円,2010000103,249,万円
負債,350～400万円,2010000406,218,万円
負債,350～400万円,2010000709,192,万円
負債,350～400万円,2010001012,237,万円
負債,350～400万円,2011000103,235,万円
負債,350～400万円,2011000406,172,万円
負債,350～400万円,2011000709,164,万円
負債,350～400万円,2011001012,169,万円
負債,350～400万円,2012000103,178,万円
負債,350～400万円,2012000406,217,万円
負債,350～400万円,2012000709,208,万円
負債,350～400万円,2012001012,211,万円
負債,350～400万円,2013000103,198,万円
負債,350～400万円,2013000406,155,万円
負債,350～400万円,2013000709,198,万円
負債,350～400万円,2013001012,206,万円
負債,350～400万円,2014000103,188,万円
負債,350～400万円,2014000406,170,万円
負債,350～400万円,2014000709,179,万円
負債,350～400万円,2014001012,154,万円
負債,350～400万円,2015000103,181,万円
負債,350～400万円,2015000406,223,万円
負債,350～400万円,2015000709,176,万円
負債,350～400万円,2015001012,186,万円
負債,350～400万円,2016000103,220,万円
負債,350～400万円,2016000406,185,万円
負債,350～400万円,2016000709,133,万円
負債,350～400万円,2016001012,139,万円
負債,350～400万円,2017000103,149,万円
負債,350～400万円,2017000406,191,万円
負債,350～400万円,2017000709,212,万円
負債,350～400万円,2017001012,194,万円
負債,350～400万円,2018000103,176,万円
負債,350～400万円,2018000406,163,万円
負債,350～400万円,2018000709,177,万円
負債,350～400万円,2018001012,170,万円
負債,350～400万円,2019000103,122,万円
負債,350～400万円,2019000406,158,万円
負債,350～400万円,2019000709,202,万円
負債,350～400万円,2019001012,206,万円
負債,350～400万円,2020000103,172,万円
負債,350～400万円,2020000406,164,万円
負債,350～400万円,2020000709,172,万円
負債,350～400万円,2020001012,151,万円
負債,350～400万円,2021000103,205,万円
負債,350～400万円,2021000406,192,万円
負債,350～400万円,2021000709,151,万円
負債,350～400万円,2021001012,111,万円
負債,350～400万円,2022000103,134,万円
負債,350～400万円,2022000406,144,万円
負債,350～400万円,2022000709,116,万円
負債,350～400万円,2022001012,143,万円
負債,350～400万円,2023000103,215,万円
負債,350～400万円,2023000406,254,万円
負債,350～400万円,2023000709,200,万円
負債,350～400万円,2023001012,215,万円
負債,350～400万円,2024000103,214,万円
負債,350～400万円,2024000406,152,万円
負債,350～400万円,2024000709,141,万円
負債,350～400万円,2024001012,153,万円
負債,350～400万円,2025000103,141,万円
負債,350～400万円,2025000406,215,万円
負債,350～400万円,2025000709,183,万円
負債,350～400万円,2025001012,108,万円
負債,400～450万円,2002000103,266,万円
負債,400～450万円,2002000406,294,万円
負債,400～450万円,2002000709,264,万円
負債,400～450万円,2002001012,286,万円
負債,400～450万円,2003000103,253,万円
負債,400～450万円,2003000406,233,万円
負債,400～450万円,2003000709,240,万円
負債,400～450万円,2003001012,271,万円
負債,400～450万円,2004000103,251,万円
負債,400～450万円,2004000406,259,万円
負債,400～450万円,2004000709,275,万円
負債,400～450万円,2004001012,282,万円
負債,400～450万円,2005000103,254,万円
負債,400～450万円,2005000406,258,万円
負債,400～450万円,2005000709,254,万円
負債,400～450万円,2005001012,269,万円
負債,400～450万円,2006000103,296,万円
負債,400～450万円,2006000406,346,万円
負債,400～450万円,2006000709,394,万円
負債,400～450万円,2006001012,347,万円
負債,400～450万円,2007000103,280,万円
負債,400～450万円,2007000406,239,万円
負債,400～450万円,2007000709,274,万円
負債,400～450万円,2007001012,352,万円
負債,400～450万円,2008000103,247,万円
負債,400～450万円,2008000406,231,万円
負債,400～450万円,2008000709,269,万円
負債,400～450万円,2008001012,321,万円
負債,400～450万円,2009000103,308,万円
負債,400～450万円,2009000406,272,万円
負債,400～450万円,2009000709,275,万円
負債,400～450万円,2009001012,347,万円
負債,400～450万円,2010000103,361,万円
負債,400～450万円,2010000406,320,万円
負債,400～450万円,2010000709,281,万円
負債,400～450万円,2010001012,281,万円
負債,400～450万円,2011000103,348,万円
負債,400～450万円,2011000406,312,万円
負債,400～450万円,2011000709,240,万円
負債,400～450万円,2011001012,251,万円
負債,400～450万円,2012000103,282,万円
負債,400～450万円,2012000406,302,万円
負債,400～450万円,2012000709,263,万円
負債,400～450万円,2012001012,275,万円
負債,400～450万円,2013000103,330,万円
負債,400～450万円,2013000406,315,万円
負債,400～450万円,2013000709,292,万円
負債,400～450万円,2013001012,295,万円
負債,400～450万円,2014000103,301,万円
負債,400～450万円,2014000406,345,万円
負債,400～450万円,2014000709,363,万円
負債,400～450万円,2014001012,294,万円
負債,400～450万円,2015000103,325,万円
負債,400～450万円,2015000406,319,万円
負債,400～450万円,2015000709,304,万円
負債,400～450万円,2015001012,274,万円
負債,400～450万円,2016000103,289,万円
負債,400～450万円,2016000406,299,万円
負債,400～450万円,2016000709,350,万円
負債,400～450万円,2016001012,406,万円
負債,400～450万円,2017000103,332,万円
負債,400～450万円,2017000406,302,万円
負債,400～450万円,2017000709,295,万円
負債,400～450万円,2017001012,290,万円
負債,400～450万円,2018000103,283,万円
負債,400～450万円,2018000406,291,万円
負債,400～450万円,2018000709,281,万円
負債,400～450万円,2018001012,257,万円
負債,400～450万円,2019000103,249,万円
負債,400～450万円,2019000406,294,万円
負債,400～450万円,2019000709,313,万円
負債,400～450万円,2019001012,334,万円
負債,400～450万円,2020000103,403,万円
負債,400～450万円,2020000406,399,万円
負債,400～450万円,2020000709,296,万円
負債,400～450万円,2020001012,323,万円
負債,400～450万円,2021000103,275,万円
負債,400～450万円,2021000406,256,万円
負債,400～450万円,2021000709,245,万円
負債,400～450万円,2021001012,342,万円
負債,400～450万円,2022000103,347,万円
負債,400～450万円,2022000406,283,万円
負債,400～450万円,2022000709,258,万円
負債,400～450万円,2022001012,283,万円
負債,400～450万円,2023000103,255,万円
負債,400～450万円,2023000406,292,万円
負債,400～450万円,2023000709,335,万円
負債,400～450万円,2023001012,321,万円
負債,400～450万円,2024000103,379,万円
負債,400～450万円,2024000406,391,万円
負債,400～450万円,2024000709,302,万円
負債,400～450万円,2024001012,261,万円
負債,400～450万円,2025000103,199,万円
負債,400～450万円,2025000406,171,万円
負債,400～450万円,2025000709,210,万円
負債,400～450万円,2025001012,225,万円
負債,450～500万円,2002000103,312,万円
負債,450～500万円,2002000406,241,万円
負債,450～500万円,2002000709,336,万円
負債,450～500万円,2002001012,388,万円
負債,450～500万円,2003000103,371,万円
負債,450～500万円,2003000406,321,万円
負債,450～500万円,2003000709,324,万円
負債,450～500万円,2003001012,373,万円
負債,450～500万円,2004000103,371,万円
負債,450～500万円,2004000406,359,万円
負債,450～500万円,2004000709,368,万円
負債,450～500万円,2004001012,349,万円
負債,450～500万円,2005000103,334,万円
負債,450～500万円,2005000406,341,万円
負債,450～500万円,2005000709,331,万円
負債,450～500万円,2005001012,415,万円
負債,450～500万円,2006000103,412,万円
負債,450～500万円,2006000406,393,万円
負債,450～500万円,2006000709,397,万円
負債,450～500万円,2006001012,331,万円
負債,450～500万円,2007000103,308,万円
負債,450～500万円,2007000406,293,万円
負債,450～500万円,2007000709,320,万円
負債,450～500万円,2007001012,392,万円
負債,450～500万円,2008000103,402,万円
負債,450～500万円,2008000406,438,万円
負債,450～500万円,2008000709,366,万円
負債,450～500万円,2008001012,330,万円
負債,450～500万円,2009000103,399,万円
負債,450～500万円,2009000406,381,万円
負債,450～500万円,2009000709,335,万円
負債,450～500万円,2009001012,386,万円
負債,450～500万円,2010000103,378,万円
負債,450～500万円,2010000406,375,万円
負債,450～500万円,2010000709,502,万円
負債,450～500万円,2010001012,451,万円
負債,450～500万円,2011000103,363,万円
負債,450～500万円,2011000406,400,万円
負債,450～500万円,2011000709,430,万円
負債,450～500万円,2011001012,481,万円
負債,450～500万円,2012000103,418,万円
負債,450～500万円,2012000406,366,万円
負債,450～500万円,2012000709,417,万円
負債,450～500万円,2012001012,473,万円
負債,450～500万円,2013000103,417,万円
負債,450～500万円,2013000406,386,万円
負債,450～500万円,2013000709,339,万円
負債,450～500万円,2013001012,305,万円
負債,450～500万円,2014000103,377,万円
負債,450～500万円,2014000406,384,万円
負債,450～500万円,2014000709,392,万円
負債,450～500万円,2014001012,390,万円
負債,450～500万円,2015000103,382,万円
負債,450～500万円,2015000406,504,万円
負債,450～500万円,2015000709,493,万円
負債,450～500万円,2015001012,449,万円
負債,450～500万円,2016000103,475,万円
負債,450～500万円,2016000406,507,万円
負債,450～500万円,2016000709,495,万円
負債,450～500万円,2016001012,397,万円
負債,450～500万円,2017000103,351,万円
負債,450～500万円,2017000406,370,万円
負債,450～500万円,2017000709,418,万円
負債,450～500万円,2017001012,449,万円
負債,450～500万円,2018000103,482,万円
負債,450～500万円,2018000406,411,万円
負債,450～500万円,2018000709,464,万円
負債,450～500万円,2018001012,540,万円
負債,450～500万円,2019000103,592,万円
負債,450～500万円,2019000406,466,万円
負債,450～500万円,2019000709,416,万円
負債,450～500万円,2019001012,472,万円
負債,450～500万円,2020000103,419,万円
負債,450～500万円,2020000406,382,万円
負債,450～500万円,2020000709,347,万円
負債,450～500万円,2020001012,410,万円
負債,450～500万円,2021000103,483,万円
負債,450～500万円,2021000406,442,万円
負債,450～500万円,2021000709,430,万円
負債,450～500万円,2021001012,536,万円
負債,450～500万円,2022000103,413,万円
負債,450～500万円,2022000406,321,万円
負債,450～500万円,2022000709,404,万円
負債,450～500万円,2022001012,496,万円
負債,450～500万円,2023000103,494,万円
負債,450～500万円,2023000406,355,万円
負債,450～500万円,2023000709,428,万円
負債,450～500万円,2023001012,584,万円
負債,450～500万円,2024000103,443,万円
負債,450～500万円,2024000406,340,万円
負債,450～500万円,2024000709,384,万円
負債,450～500万円,2024001012,534,万円
負債,450～500万円,2025000103,517,万円
負債,450～500万円,2025000406,393,万円
負債,450～500万円,2025000709,344,万円
負債,450～500万円,2025001012,319,万円
負債,500～550万円,2002000103,470,万円
負債,500～550万円,2002000406,383,万円
負債,500～550万円,2002000709,342,万円
負債,500～550万円,2002001012,327,万円
負債,500～550万円,2003000103,337,万円
負債,500～550万円,2003000406,448,万円
負債,500～550万円,2003000709,516,万円
負債,500～550万円,2003001012,420,万円
負債,500～550万円,2004000103,385,万円
負債,500～550万円,2004000406,451,万円
負債,500～550万円,2004000709,518,万円
負債,500～550万円,2004001012,564,万円
負債,500～550万円,2005000103,594,万円
負債,500～550万円,2005000406,552,万円
負債,500～550万円,2005000709,502,万円
負債,500～550万円,2005001012,460,万円
負債,500～550万円,2006000103,404,万円
負債,500～550万円,2006000406,387,万円
負債,500～550万円,2006000709,379,万円
負債,500～550万円,2006001012,433,万円
負債,500～550万円,2007000103,386,万円
負債,500～550万円,2007000406,421,万円
負債,500～550万円,2007000709,483,万円
負債,500～550万円,2007001012,443,万円
負債,500～550万円,2008000103,443,万円
負債,500～550万円,2008000406,502,万円
負債,500～550万円,2008000709,488,万円
負債,500～550万円,2008001012,485,万円
負債,500～550万円,2009000103,434,万円
負債,500～550万円,2009000406,473,万円
負債,500～550万円,2009000709,397,万円
負債,500～550万円,2009001012,422,万円
負債,500～550万円,2010000103,446,万円
負債,500～550万円,2010000406,335,万円
負債,500～550万円,2010000709,463,万円
負債,500～550万円,2010001012,578,万円
負債,500～550万円,2011000103,597,万円
負債,500～550万円,2011000406,619,万円
負債,500～550万円,2011000709,509,万円
負債,500～550万円,2011001012,450,万円
負債,500～550万円,2012000103,460,万円
負債,500～550万円,2012000406,468,万円
負債,500～550万円,2012000709,435,万円
負債,500～550万円,2012001012,451,万円
負債,500～550万円,2013000103,425,万円
負債,500～550万円,2013000406,436,万円
負債,500～550万円,2013000709,508,万円
負債,500～550万円,2013001012,457,万円
負債,500～550万円,2014000103,482,万円
負債,500～550万円,2014000406,524,万円
負債,500～550万円,2014000709,461,万円
負債,500～550万円,2014001012,448,万円
負債,500～550万円,2015000103,441,万円
負債,500～550万円,2015000406,486,万円
負債,500～550万円,2015000709,516,万円
負債,500～550万円,2015001012,517,万円
負債,500～550万円,2016000103,565,万円
負債,500～550万円,2016000406,574,万円
負債,500～550万円,2016000709,508,万円
負債,500～550万円,2016001012,415,万円
負債,500～550万円,2017000103,520,万円
負債,500～550万円,2017000406,580,万円
負債,500～550万円,2017000709,623,万円
負債,500～550万円,2017001012,564,万円
負債,500～550万円,2018000103,539,万円
負債,500～550万円,2018000406,533,万円
負債,500～550万円,2018000709,538,万円
負債,500～550万円,2018001012,609,万円
負債,500～550万円,2019000103,645,万円
負債,500～550万円,2019000406,645,万円
負債,500～550万円,2019000709,611,万円
負債,500～550万円,2019001012,620,万円
負債,500～550万円,2020000103,581,万円
負債,500～550万円,2020000406,535,万円
負債,500～550万円,2020000709,491,万円
負債,500～550万円,2020001012,581,万円
負債,500～550万円,2021000103,592,万円
負債,500～550万円,2021000406,551,万円
負債,500～550万円,2021000709,512,万円
負債,500～550万円,2021001012,431,万円
負債,500～550万円,2022000103,476,万円
負債,500～550万円,2022000406,507,万円
負債,500～550万円,2022000709,420,万円
負債,500～550万円,2022001012,455,万円
負債,500～550万円,2023000103,529,万円
負債,500～550万円,2023000406,486,万円
負債,500～550万円,2023000709,550,万円
負債,500～550万円,2023001012,689,万円
負債,500～550万円,2024000103,658,万円
負債,500～550万円,2024000406,711,万円
負債,500～550万円,2024000709,581,万円
負債,500～550万円,2024001012,495,万円
負債,500～550万円,2025000103,510,万円
負債,500～550万円,2025000406,574,万円
負債,500～550万円,2025000709,549,万円
負債,500～550万円,2025001012,540,万円
負債,550～600万円,2002000103,589,万円
負債,550～600万円,2002000406,704,万円
負債,550～600万円,2002000709,664,万円
負債,550～600万円,2002001012,536,万円
負債,550～600万円,2003000103,518,万円
負債,550～600万円,2003000406,555,万円
負債,550～600万円,2003000709,495,万円
負債,550～600万円,2003001012,406,万円
負債,550～600万円,2004000103,475,万円
負債,550～600万円,2004000406,562,万円
負債,550～600万円,2004000709,502,万円
負債,550～600万円,2004001012,532,万円
負債,550～600万円,2005000103,496,万円
負債,550～600万円,2005000406,431,万円
負債,550～600万円,2005000709,431,万円
負債,550～600万円,2005001012,555,万円
負債,550～600万円,2006000103,560,万円
負債,550～600万円,2006000406,559,万円
負債,550～600万円,2006000709,589,万円
負債,550～600万円,2006001012,539,万円
負債,550～600万円,2007000103,538,万円
負債,550～600万円,2007000406,416,万円
負債,550～600万円,2007000709,526,万円
負債,550～600万円,2007001012,609,万円
負債,550～600万円,2008000103,587,万円
負債,550～600万円,2008000406,616,万円
負債,550～600万円,2008000709,569,万円
負債,550～600万円,2008001012,469,万円
負債,550～600万円,2009000103,431,万円
負債,550～600万円,2009000406,433,万円
負債,550～600万円,2009000709,452,万円
負債,550～600万円,2009001012,425,万円
負債,550～600万円,2010000103,483,万円
負債,550～600万円,2010000406,548,万円
負債,550～600万円,2010000709,601,万円
負債,550～600万円,2010001012,511,万円
負債,550～600万円,2011000103,439,万円
負債,550～600万円,2011000406,466,万円
負債,550～600万円,2011000709,479,万円
負債,550～600万円,2011001012,533,万円
負債,550～600万円,2012000103,599,万円
負債,550～600万円,2012000406,579,万円
負債,550～600万円,2012000709,586,万円
負債,550～600万円,2012001012,646,万円
負債,550～600万円,2013000103,633,万円
負債,550～600万円,2013000406,488,万円
負債,550～600万円,2013000709,486,万円
負債,550～600万円,2013001012,550,万円
負債,550～600万円,2014000103,544,万円
負債,550～600万円,2014000406,628,万円
負債,550～600万円,2014000709,748,万円
負債,550～600万円,2014001012,624,万円
負債,550～600万円,2015000103,483,万円
負債,550～600万円,2015000406,421,万円
負債,550～600万円,2015000709,405,万円
負債,550～600万円,2015001012,397,万円
負債,550～600万円,2016000103,502,万円
負債,550～600万円,2016000406,478,万円
負債,550～600万円,2016000709,481,万円
負債,550～600万円,2016001012,594,万円
負債,550～600万円,2017000103,675,万円
負債,550～600万円,2017000406,659,万円
負債,550～600万円,2017000709,525,万円
負債,550～600万円,2017001012,584,万円
負債,550～600万円,2018000103,793,万円
負債,550～600万円,2018000406,709,万円
負債,550～600万円,2018000709,693,万円
負債,550～600万円,2018001012,721,万円
負債,550～600万円,2019000103,711,万円
負債,550～600万円,2019000406,582,万円
負債,550～600万円,2019000709,676,万円
負債,550～600万円,2019001012,710,万円
負債,550～600万円,2020000103,620,万円
負債,550～600万円,2020000406,617,万円
負債,550～600万円,2020000709,729,万円
負債,550～600万円,2020001012,720,万円
負債,550～600万円,2021000103,694,万円
負債,550～600万円,2021000406,722,万円
負債,550～600万円,2021000709,656,万円
負債,550～600万円,2021001012,590,万円
負債,550～600万円,2022000103,641,万円
負債,550～600万円,2022000406,617,万円
負債,550～600万円,2022000709,660,万円
負債,550～600万円,2022001012,591,万円
負債,550～600万円,2023000103,754,万円
負債,550～600万円,2023000406,770,万円
負債,550～600万円,2023000709,691,万円
負債,550～600万円,2023001012,801,万円
負債,550～600万円,2024000103,714,万円
負債,550～600万円,2024000406,758,万円
負債,550～600万円,2024000709,711,万円
負債,550～600万円,2024001012,626,万円
負債,550～600万円,2025000103,668,万円
負債,550～600万円,2025000406,786,万円
負債,550～600万円,2025000709,657,万円
負債,550～600万円,2025001012,619,万円
負債,600～650万円,2002000103,479,万円
負債,600～650万円,2002000406,551,万円
負債,600～650万円,2002000709,643,万円
負債,600～650万円,2002001012,656,万円
負債,600～650万円,2003000103,629,万円
負債,600～650万円,2003000406,662,万円
負債,600～650万円,2003000709,652,万円
負債,600～650万円,2003001012,558,万円
負債,600～650万円,2004000103,544,万円
負債,600～650万円,2004000406,549,万円
負債,600～650万円,2004000709,599,万円
負債,600～650万円,2004001012,680,万円
負債,600～650万円,2005000103,717,万円
負債,600～650万円,2005000406,631,万円
負債,600～650万円,2005000709,559,万円
負債,600～650万円,2005001012,599,万円
負債,600～650万円,2006000103,610,万円
負債,600～650万円,2006000406,579,万円
負債,600～650万円,2006000709,624,万円
負債,600～650万円,2006001012,572,万円
負債,600～650万円,2007000103,551,万円
負債,600～650万円,2007000406,545,万円
負債,600～650万円,2007000709,616,万円
負債,600～650万円,2007001012,674,万円
負債,600～650万円,2008000103,588,万円
負債,600～650万円,2008000406,602,万円
負債,600～650万円,2008000709,578,万円
負債,600～650万円,2008001012,607,万円
負債,600～650万円,2009000103,671,万円
負債,600～650万円,2009000406,633,万円
負債,600～650万円,2009000709,665,万円
負債,600～650万円,2009001012,653,万円
負債,600～650万円,2010000103,559,万円
負債,600～650万円,2010000406,614,万円
負債,600～650万円,2010000709,683,万円
負債,600～650万円,2010001012,677,万円
負債,600～650万円,2011000103,657,万円
負債,600～650万円,2011000406,578,万円
負債,600～650万円,2011000709,617,万円
負債,600～650万円,2011001012,666,万円
負債,600～650万円,2012000103,658,万円
負債,600～650万円,2012000406,609,万円
負債,600～650万円,2012000709,623,万円
負債,600～650万円,2012001012,679,万円
負債,600～650万円,2013000103,733,万円
負債,600～650万円,2013000406,729,万円
負債,600～650万円,2013000709,736,万円
負債,600～650万円,2013001012,737,万円
負債,600～650万円,2014000103,838,万円
負債,600～650万円,2014000406,846,万円
負債,600～650万円,2014000709,672,万円
負債,600～650万円,2014001012,633,万円
負債,600～650万円,2015000103,653,万円
負債,600～650万円,2015000406,630,万円
負債,600～650万円,2015000709,651,万円
負債,600～650万円,2015001012,636,万円
負債,600～650万円,2016000103,734,万円
負債,600～650万円,2016000406,778,万円
負債,600～650万円,2016000709,747,万円
負債,600～650万円,2016001012,752,万円
負債,600～650万円,2017000103,708,万円
負債,600～650万円,2017000406,663,万円
負債,600～650万円,2017000709,687,万円
負債,600～650万円,2017001012,788,万円
負債,600～650万円,2018000103,861,万円
負債,600～650万円,2018000406,716,万円
負債,600～650万円,2018000709,711,万円
負債,600～650万円,2018001012,727,万円
負債,600～650万円,2019000103,815,万円
負債,600～650万円,2019000406,902,万円
負債,600～650万円,2019000709,915,万円
負債,600～650万円,2019001012,749,万円
負債,600～650万円,2020000103,773,万円
負債,600～650万円,2020000406,791,万円
負債,600～650万円,2020000709,787,万円
負債,600～650万円,2020001012,729,万円
負債,600～650万円,2021000103,725,万円
負債,600～650万円,2021000406,726,万円
負債,600～650万円,2021000709,726,万円
負債,600～650万円,2021001012,746,万円
負債,600～650万円,2022000103,697,万円
負債,600～650万円,2022000406,676,万円
負債,600～650万円,2022000709,641,万円
負債,600～650万円,2022001012,741,万円
負債,600～650万円,2023000103,784,万円
負債,600～650万円,2023000406,731,万円
負債,600～650万円,2023000709,689,万円
負債,600～650万円,2023001012,777,万円
負債,600～650万円,2024000103,749,万円
負債,600～650万円,2024000406,765,万円
負債,600～650万円,2024000709,735,万円
負債,600～650万円,2024001012,783,万円
負債,600～650万円,2025000103,713,万円
負債,600～650万円,2025000406,664,万円
負債,600～650万円,2025000709,684,万円
負債,600～650万円,2025001012,600,万円
負債,650～700万円,2002000103,571,万円
負債,650～700万円,2002000406,704,万円
負債,650～700万円,2002000709,814,万円
負債,650～700万円,2002001012,670,万円
負債,650～700万円,2003000103,502,万円
負債,650～700万円,2003000406,651,万円
負債,650～700万円,2003000709,677,万円
負債,650～700万円,2003001012,600,万円
負債,650～700万円,2004000103,738,万円
負債,650～700万円,2004000406,582,万円
負債,650～700万円,2004000709,517,万円
負債,650～700万円,2004001012,515,万円
負債,650～700万円,2005000103,499,万円
負債,650～700万円,2005000406,547,万円
負債,650～700万円,2005000709,575,万円
負債,650～700万円,2005001012,586,万円
負債,650～700万円,2006000103,754,万円
負債,650～700万円,2006000406,736,万円
負債,650～700万円,2006000709,718,万円
負債,650～700万円,2006001012,697,万円
負債,650～700万円,2007000103,567,万円
負債,650～700万円,2007000406,635,万円
負債,650～700万円,2007000709,665,万円
負債,650～700万円,2007001012,643,万円
負債,650～700万円,2008000103,636,万円
負債,650～700万円,2008000406,662,万円
負債,650～700万円,2008000709,734,万円
負債,650～700万円,2008001012,767,万円
負債,650～700万円,2009000103,830,万円
負債,650～700万円,2009000406,733,万円
負債,650～700万円,2009000709,658,万円
負債,650～700万円,2009001012,635,万円
負債,650～700万円,2010000103,747,万円
負債,650～700万円,2010000406,710,万円
負債,650～700万円,2010000709,636,万円
負債,650～700万円,2010001012,626,万円
負債,650～700万円,2011000103,631,万円
負債,650～700万円,2011000406,639,万円
負債,650～700万円,2011000709,803,万円
負債,650～700万円,2011001012,909,万円
負債,650～700万円,2012000103,694,万円
負債,650～700万円,2012000406,575,万円
負債,650～700万円,2012000709,676,万円
負債,650～700万円,2012001012,607,万円
負債,650～700万円,2013000103,557,万円
負債,650～700万円,2013000406,655,万円
負債,650～700万円,2013000709,763,万円
負債,650～700万円,2013001012,658,万円
負債,650～700万円,2014000103,659,万円
負債,650～700万円,2014000406,631,万円
負債,650～700万円,2014000709,646,万円
負債,650～700万円,2014001012,681,万円
負債,650～700万円,2015000103,695,万円
負債,650～700万円,2015000406,740,万円
負債,650～700万円,2015000709,773,万円
負債,650～700万円,2015001012,734,万円
負債,650～700万円,2016000103,648,万円
負債,650～700万円,2016000406,685,万円
負債,650～700万円,2016000709,764,万円
負債,650～700万円,2016001012,784,万円
負債,650～700万円,2017000103,787,万円
負債,650～700万円,2017000406,728,万円
負債,650～700万円,2017000709,684,万円
負債,650～700万円,2017001012,705,万円
負債,650～700万円,2018000103,778,万円
負債,650～700万円,2018000406,815,万円
負債,650～700万円,2018000709,858,万円
負債,650～700万円,2018001012,809,万円
負債,650～700万円,2019000103,687,万円
負債,650～700万円,2019000406,671,万円
負債,650～700万円,2019000709,768,万円
負債,650～700万円,2019001012,798,万円
負債,650～700万円,2020000103,705,万円
負債,650～700万円,2020000406,839,万円
負債,650～700万円,2020000709,845,万円
負債,650～700万円,2020001012,714,万円
負債,650～700万円,2021000103,696,万円
負債,650～700万円,2021000406,670,万円
負債,650～700万円,2021000709,756,万円
負債,650～700万円,2021001012,690,万円
負債,650～700万円,2022000103,574,万円
負債,650～700万円,2022000406,774,万円
負債,650～700万円,2022000709,806,万円
負債,650～700万円,2022001012,830,万円
負債,650～700万円,2023000103,921,万円
負債,650～700万円,2023000406,940,万円
負債,650～700万円,2023000709,1038,万円
負債,650～700万円,2023001012,895,万円
負債,650～700万円,2024000103,755,万円
負債,650～700万円,2024000406,844,万円
負債,650～700万円,2024000709,749,万円
負債,650～700万円,2024001012,727,万円
負債,650～700万円,2025000103,749,万円
負債,650～700万円,2025000406,971,万円
負債,650～700万円,2025000709,1002,万円
負債,650～700万円,2025001012,912,万円
負債,700～750万円,2002000103,747,万円
負債,700～750万円,2002000406,645,万円
負債,700～750万円,2002000709,493,万円
負債,700～750万円,2002001012,456,万円
負債,700～750万円,2003000103,493,万円
負債,700～750万円,2003000406,634,万円
負債,700～750万円,2003000709,733,万円
負債,700～750万円,2003001012,660,万円
負債,700～750万円,2004000103,718,万円
負債,700～750万円,2004000406,786,万円
負債,700～750万円,2004000709,798,万円
負債,700～750万円,2004001012,638,万円
負債,700～750万円,2005000103,524,万円
負債,700～750万円,2005000406,592,万円
負債,700～750万円,2005000709,757,万円
負債,700～750万円,2005001012,700,万円
負債,700～750万円,2006000103,574,万円
負債,700～750万円,2006000406,629,万円
負債,700～750万円,2006000709,597,万円
負債,700～750万円,2006001012,664,万円
負債,700～750万円,2007000103,597,万円
負債,700～750万円,2007000406,529,万円
負債,700～750万円,2007000709,645,万円
負債,700～750万円,2007001012,639,万円
負債,700～750万円,2008000103,697,万円
負債,700～750万円,2008000406,681,万円
負債,700～750万円,2008000709,719,万円
負債,700～750万円,2008001012,679,万円
負債,700～750万円,2009000103,666,万円
負債,700～750万円,2009000406,737,万円
負債,700～750万円,2009000709,798,万円
負債,700～750万円,2009001012,822,万円
負債,700～750万円,2010000103,735,万円
負債,700～750万円,2010000406,697,万円
負債,700～750万円,2010000709,669,万円
負債,700～750万円,2010001012,694,万円
負債,700～750万円,2011000103,681,万円
負債,700～750万円,2011000406,671,万円
負債,700～750万円,2011000709,695,万円
負債,700～750万円,2011001012,746,万円
負債,700～750万円,2012000103,706,万円
負債,700～750万円,2012000406,727,万円
負債,700～750万円,2012000709,723,万円
負債,700～750万円,2012001012,748,万円
負債,700～750万円,2013000103,790,万円
負債,700～750万円,2013000406,862,万円
負債,700～750万円,2013000709,834,万円
負債,700～750万円,2013001012,867,万円
負債,700～750万円,2014000103,935,万円
負債,700～750万円,2014000406,977,万円
負債,700～750万円,2014000709,852,万円
負債,700～750万円,2014001012,654,万円
負債,700～750万円,2015000103,647,万円
負債,700～750万円,2015000406,812,万円
負債,700～750万円,2015000709,879,万円
負債,700～750万円,2015001012,795,万円
負債,700～750万円,2016000103,750,万円
負債,700～750万円,2016000406,846,万円
負債,700～750万円,2016000709,860,万円
負債,700～750万円,2016001012,772,万円
負債,700～750万円,2017000103,730,万円
負債,700～750万円,2017000406,690,万円
負債,700～750万円,2017000709,813,万円
負債,700～750万円,2017001012,763,万円
負債,700～750万円,2018000103,620,万円
負債,700～750万円,2018000406,893,万円
負債,700～750万円,2018000709,997,万円
負債,700～750万円,2018001012,919,万円
負債,700～750万円,2019000103,852,万円
負債,700～750万円,2019000406,834,万円
負債,700～750万円,2019000709,848,万円
負債,700～750万円,2019001012,784,万円
負債,700～750万円,2020000103,799,万円
負債,700～750万円,2020000406,903,万円
負債,700～750万円,2020000709,836,万円
負債,700～750万円,2020001012,972,万円
負債,700～750万円,2021000103,912,万円
負債,700～750万円,2021000406,865,万円
負債,700～750万円,2021000709,872,万円
負債,700～750万円,2021001012,873,万円
負債,700～750万円,2022000103,843,万円
負債,700～750万円,2022000406,1020,万円
負債,700～750万円,2022000709,1035,万円
負債,700～750万円,2022001012,1069,万円
負債,700～750万円,2023000103,1198,万円
負債,700～750万円,2023000406,1080,万円
負債,700～750万円,2023000709,990,万円
負債,700～750万円,2023001012,888,万円
負債,700～750万円,2024000103,955,万円
負債,700～750万円,2024000406,812,万円
負債,700～750万円,2024000709,976,万円
負債,700～750万円,2024001012,870,万円
負債,700～750万円,2025000103,920,万円
負債,700～750万円,2025000406,1022,万円
負債,700～750万円,2025000709,1009,万円
負債,700～750万円,2025001012,945,万円
負債,750～800万円,2002000103,617,万円
負債,750～800万円,2002000406,643,万円
負債,750～800万円,2002000709,625,万円
負債,750～800万円,2002001012,720,万円
負債,750～800万円,2003000103,850,万円
負債,750～800万円,2003000406,774,万円
負債,750～800万円,2003000709,687,万円
負債,750～800万円,2003001012,686,万円
負債,750～800万円,2004000103,701,万円
負債,750～800万円,2004000406,764,万円
負債,750～800万円,2004000709,748,万円
負債,750～800万円,2004001012,783,万円
負債,750～800万円,2005000103,632,万円
負債,750～800万円,2005000406,639,万円
負債,750～800万円,2005000709,766,万円
負債,750～800万円,2005001012,675,万円
負債,750～800万円,2006000103,756,万円
負債,750～800万円,2006000406,841,万円
負債,750～800万円,2006000709,613,万円
負債,750～800万円,2006001012,583,万円
負債,750～800万円,2007000103,731,万円
負債,750～800万円,2007000406,868,万円
負債,750～800万円,2007000709,912,万円
負債,750～800万円,2007001012,703,万円
負債,750～800万円,2008000103,617,万円
負債,750～800万円,2008000406,632,万円
負債,750～800万円,2008000709,573,万円
負債,750～800万円,2008001012,564,万円
負債,750～800万円,2009000103,646,万円
負債,750～800万円,2009000406,665,万円
負債,750～800万円,2009000709,600,万円
負債,750～800万円,2009001012,650,万円
負債,750～800万円,2010000103,783,万円
負債,750～800万円,2010000406,665,万円
負債,750～800万円,2010000709,710,万円
負債,750～800万円,2010001012,801,万円
負債,750～800万円,2011000103,620,万円
負債,750～800万円,2011000406,655,万円
負債,750～800万円,2011000709,677,万円
負債,750～800万円,2011001012,657,万円
負債,750～800万円,2012000103,809,万円
負債,750～800万円,2012000406,803,万円
負債,750～800万円,2012000709,755,万円
負債,750～800万円,2012001012,824,万円
負債,750～800万円,2013000103,979,万円
負債,750～800万円,2013000406,750,万円
負債,750～800万円,2013000709,700,万円
負債,750～800万円,2013001012,789,万円
負債,750～800万円,2014000103,891,万円
負債,750～800万円,2014000406,946,万円
負債,750～800万円,2014000709,870,万円
負債,750～800万円,2014001012,777,万円
負債,750～800万円,2015000103,749,万円
負債,750～800万円,2015000406,866,万円
負債,750～800万円,2015000709,856,万円
負債,750～800万円,2015001012,716,万円
負債,750～800万円,2016000103,776,万円
負債,750～800万円,2016000406,866,万円
負債,750～800万円,2016000709,787,万円
負債,750～800万円,2016001012,851,万円
負債,750～800万円,2017000103,795,万円
負債,750～800万円,2017000406,742,万円
負債,750～800万円,2017000709,705,万円
負債,750～800万円,2017001012,736,万円
負債,750～800万円,2018000103,850,万円
負債,750～800万円,2018000406,898,万円
負債,750～800万円,2018000709,890,万円
負債,750～800万円,2018001012,845,万円
負債,750～800万円,2019000103,873,万円
負債,750～800万円,2019000406,919,万円
負債,750～800万円,2019000709,915,万円
負債,750～800万円,2019001012,970,万円
負債,750～800万円,2020000103,891,万円
負債,750～800万円,2020000406,918,万円
負債,750～800万円,2020000709,914,万円
負債,750～800万円,2020001012,876,万円
負債,750～800万円,2021000103,932,万円
負債,750～800万円,2021000406,902,万円
負債,750～800万円,2021000709,920,万円
負債,750～800万円,2021001012,1003,万円
負債,750～800万円,2022000103,927,万円
負債,750～800万円,2022000406,866,万円
負債,750～800万円,2022000709,981,万円
負債,750～800万円,2022001012,1080,万円
負債,750～800万円,2023000103,1169,万円
負債,750～800万円,2023000406,1116,万円
負債,750～800万円,2023000709,1080,万円
負債,750～800万円,2023001012,933,万円
負債,750～800万円,2024000103,979,万円
負債,750～800万円,2024000406,951,万円
負債,750～800万円,2024000709,968,万円
負債,750～800万円,2024001012,1177,万円
負債,750～800万円,2025000103,930,万円
負債,750～800万円,2025000406,853,万円
負債,750～800万円,2025000709,871,万円
負債,750～800万円,2025001012,1037,万円
負債,800～900万円,2002000103,866,万円
負債,800～900万円,2002000406,870,万円
負債,800～900万円,2002000709,718,万円
負債,800～900万円,2002001012,720,万円
負債,800～900万円,2003000103,686,万円
負債,800～900万円,2003000406,790,万円
負債,800～900万円,2003000709,892,万円
負債,800～900万円,2003001012,940,万円
負債,800～900万円,2004000103,824,万円
負債,800～900万円,2004000406,641,万円
負債,800～900万円,2004000709,683,万円
負債,800～900万円,2004001012,818,万円
負債,800～900万円,2005000103,776,万円
負債,800～900万円,2005000406,734,万円
負債,800～900万円,2005000709,821,万円
負債,800～900万円,2005001012,814,万円
負債,800～900万円,2006000103,812,万円
負債,800～900万円,2006000406,750,万円
負債,800～900万円,2006000709,767,万円
負債,800～900万円,2006001012,690,万円
負債,800～900万円,2007000103,632,万円
負債,800～900万円,2007000406,714,万円
負債,800～900万円,2007000709,775,万円
負債,800～900万円,2007001012,739,万円
負債,800～900万円,2008000103,715,万円
負債,800～900万円,2008000406,809,万円
負債,800～900万円,2008000709,887,万円
負債,800～900万円,2008001012,742,万円
負債,800～900万円,2009000103,770,万円
負債,800～900万円,2009000406,774,万円
負債,800～900万円,2009000709,737,万円
負債,800～900万円,2009001012,759,万円
負債,800～900万円,2010000103,684,万円
負債,800～900万円,2010000406,698,万円
負債,800～900万円,2010000709,856,万円
負債,800～900万円,2010001012,848,万円
負債,800～900万円,2011000103,792,万円
負債,800～900万円,2011000406,741,万円
負債,800～900万円,2011000709,794,万円
負債,800～900万円,2011001012,734,万円
負債,800～900万円,2012000103,742,万円
負債,800～900万円,2012000406,905,万円
負債,800～900万円,2012000709,901,万円
負債,800～900万円,2012001012,767,万円
負債,800～900万円,2013000103,903,万円
負債,800～900万円,2013000406,861,万円
負債,800～900万円,2013000709,718,万円
負債,800～900万円,2013001012,678,万円
負債,800～900万円,2014000103,824,万円
負債,800～900万円,2014000406,836,万円
負債,800～900万円,2014000709,873,万円
負債,800～900万円,2014001012,857,万円
負債,800～900万円,2015000103,899,万円
負債,800～900万円,2015000406,891,万円
負債,800～900万円,2015000709,835,万円
負債,800～900万円,2015001012,883,万円
負債,800～900万円,2016000103,873,万円
負債,800～900万円,2016000406,769,万円
負債,800～900万円,2016000709,744,万円
負債,800～900万円,2016001012,823,万円
負債,800～900万円,2017000103,791,万円
負債,800～900万円,2017000406,777,万円
負債,800～900万円,2017000709,893,万円
負債,800～900万円,2017001012,978,万円
負債,800～900万円,2018000103,864,万円
負債,800～900万円,2018000406,832,万円
負債,800～900万円,2018000709,913,万円
負債,800～900万円,2018001012,883,万円
負債,800～900万円,2019000103,933,万円
負債,800～900万円,2019000406,1053,万円
負債,800～900万円,2019000709,985,万円
負債,800～900万円,2019001012,970,万円
負債,800～900万円,2020000103,1007,万円
負債,800～900万円,2020000406,953,万円
負債,800～900万円,2020000709,991,万円
負債,800～900万円,2020001012,958,万円
負債,800～900万円,2021000103,851,万円
負債,800～900万円,2021000406,859,万円
負債,800～900万円,2021000709,994,万円
負債,800～900万円,2021001012,1093,万円
負債,800～900万円,2022000103,999,万円
負債,800～900万円,2022000406,1001,万円
負債,800～900万円,2022000709,935,万円
負債,800～900万円,2022001012,873,万円
負債,800～900万円,2023000103,902,万円
負債,800～900万円,2023000406,1055,万円
負債,800～900万円,2023000709,1083,万円
負債,800～900万円,2023001012,1057,万円
負債,800～900万円,2024000103,1044,万円
負債,800～900万円,2024000406,1076,万円
負債,800～900万円,2024000709,1066,万円
負債,800～900万円,2024001012,1030,万円
負債,800～900万円,2025000103,978,万円
負債,800～900万円,2025000406,1079,万円
負債,800～900万円,2025000709,1119,万円
負債,800～900万円,2025001012,921,万円
負債,900～1000万円,2002000103,834,万円
負債,900～1000万円,2002000406,761,万円
負債,900～1000万円,2002000709,768,万円
負債,900～1000万円,2002001012,761,万円
負債,900～1000万円,2003000103,764,万円
負債,900～1000万円,2003000406,712,万円
負債,900～1000万円,2003000709,706,万円
負債,900～1000万円,2003001012,865,万円
負債,900～1000万円,2004000103,895,万円
負債,900～1000万円,2004000406,984,万円
負債,900～1000万円,2004000709,1053,万円
負債,900～1000万円,2004001012,884,万円
負債,900～1000万円,2005000103,755,万円
負債,900～1000万円,2005000406,780,万円
負債,900～1000万円,2005000709,805,万円
負債,900～1000万円,2005001012,772,万円
負債,900～1000万円,2006000103,866,万円
負債,900～1000万円,2006000406,938,万円
負債,900～1000万円,2006000709,806,万円
負債,900～1000万円,2006001012,782,万円
負債,900～1000万円,2007000103,760,万円
負債,900～1000万円,2007000406,751,万円
負債,900～1000万円,2007000709,789,万円
負債,900～1000万円,2007001012,752,万円
負債,900～1000万円,2008000103,753,万円
負債,900～1000万円,2008000406,793,万円
負債,900～1000万円,2008000709,904,万円
負債,900～1000万円,2008001012,877,万円
負債,900～1000万円,2009000103,826,万円
負債,900～1000万円,2009000406,816,万円
負債,900～1000万円,2009000709,711,万円
負債,900～1000万円,2009001012,744,万円
負債,900～1000万円,2010000103,774,万円
負債,900～1000万円,2010000406,714,万円
負債,900～1000万円,2010000709,800,万円
負債,900～1000万円,2010001012,912,万円
負債,900～1000万円,2011000103,893,万円
負債,900～1000万円,2011000406,759,万円
負債,900～1000万円,2011000709,726,万円
負債,900～1000万円,2011001012,815,万円
負債,900～1000万円,2012000103,824,万円
負債,900～1000万円,2012000406,840,万円
負債,900～1000万円,2012000709,725,万円
負債,900～1000万円,2012001012,823,万円
負債,900～1000万円,2013000103,976,万円
負債,900～1000万円,2013000406,905,万円
負債,900～1000万円,2013000709,1036,万円
負債,900～1000万円,2013001012,926,万円
負債,900～1000万円,2014000103,813,万円
負債,900～1000万円,2014000406,846,万円
負債,900～1000万円,2014000709,860,万円
負債,900～1000万円,2014001012,975,万円
負債,900～1000万円,2015000103,916,万円
負債,900～1000万円,2015000406,815,万円
負債,900～1000万円,2015000709,839,万円
負債,900～1000万円,2015001012,913,万円
負債,900～1000万円,2016000103,893,万円
負債,900～1000万円,2016000406,740,万円
負債,900～1000万円,2016000709,883,万円
負債,900～1000万円,2016001012,930,万円
負債,900～1000万円,2017000103,1053,万円
負債,900～1000万円,2017000406,1048,万円
負債,900～1000万円,2017000709,901,万円
負債,900～1000万円,2017001012,966,万円
負債,900～1000万円,2018000103,1001,万円
負債,900～1000万円,2018000406,931,万円
負債,900～1000万円,2018000709,1015,万円
負債,900～1000万円,2018001012,1107,万円
負債,900～1000万円,2019000103,1120,万円
負債,900～1000万円,2019000406,994,万円
負債,900～1000万円,2019000709,933,万円
負債,900～1000万円,2019001012,980,万円
負債,900～1000万円,2020000103,1073,万円
負債,900～1000万円,2020000406,1064,万円
負債,900～1000万円,2020000709,979,万円
負債,900～1000万円,2020001012,916,万円
負債,900～1000万円,2021000103,852,万円
負債,900～1000万円,2021000406,1013,万円
負債,900～1000万円,2021000709,1183,万円
負債,900～1000万円,2021001012,1077,万円
負債,900～1000万円,2022000103,890,万円
負債,900～1000万円,2022000406,834,万円
負債,900～1000万円,2022000709,949,万円
負債,900～1000万円,2022001012,1020,万円
負債,900～1000万円,2023000103,1057,万円
負債,900～1000万円,2023000406,1047,万円
負債,900～1000万円,2023000709,1160,万円
負債,900～1000万円,2023001012,1270,万円
負債,900～1000万円,2024000103,1192,万円
負債,900～1000万円,2024000406,1373,万円
負債,900～1000万円,2024000709,1353,万円
負債,900～1000万円,2024001012,1336,万円
負債,900～1000万円,2025000103,1233,万円
負債,900～1000万円,2025000406,1164,万円
負債,900～1000万円,2025000709,1363,万円
負債,900～1000万円,2025001012,1481,万円
負債,1000～1250万円,2002000103,890,万円
負債,1000～1250万円,2002000406,857,万円
負債,1000～1250万円,2002000709,882,万円
負債,1000～1250万円,2002001012,871,万円
負債,1000～1250万円,2003000103,787,万円
負債,1000～1250万円,2003000406,754,万円
負債,1000～1250万円,2003000709,734,万円
負債,1000～1250万円,2003001012,853,万円
負債,1000～1250万円,2004000103,915,万円
負債,1000～1250万円,2004000406,947,万円
負債,1000～1250万円,2004000709,958,万円
負債,1000～1250万円,2004001012,886,万円
負債,1000～1250万円,2005000103,959,万円
負債,1000～1250万円,2005000406,923,万円
負債,1000～1250万円,2005000709,818,万円
負債,1000～1250万円,2005001012,838,万円
負債,1000～1250万円,2006000103,927,万円
負債,1000～1250万円,2006000406,976,万円
負債,1000～1250万円,2006000709,772,万円
負債,1000～1250万円,2006001012,727,万円
負債,1000～1250万円,2007000103,900,万円
負債,1000～1250万円,2007000406,958,万円
負債,1000～1250万円,2007000709,868,万円
負債,1000～1250万円,2007001012,919,万円
負債,1000～1250万円,2008000103,887,万円
負債,1000～1250万円,2008000406,824,万円
負債,1000～1250万円,2008000709,804,万円
負債,1000～1250万円,2008001012,828,万円
負債,1000～1250万円,2009000103,918,万円
負債,1000～1250万円,2009000406,921,万円
負債,1000～1250万円,2009000709,843,万円
負債,1000～1250万円,2009001012,980,万円
負債,1000～1250万円,2010000103,973,万円
負債,1000～1250万円,2010000406,861,万円
負債,1000～1250万円,2010000709,783,万円
負債,1000～1250万円,2010001012,637,万円
負債,1000～1250万円,2011000103,708,万円
負債,1000～1250万円,2011000406,788,万円
負債,1000～1250万円,2011000709,693,万円
負債,1000～1250万円,2011001012,648,万円
負債,1000～1250万円,2012000103,788,万円
負債,1000～1250万円,2012000406,839,万円
負債,1000～1250万円,2012000709,733,万円
負債,1000～1250万円,2012001012,845,万円
負債,1000～1250万円,2013000103,1025,万円
負債,1000～1250万円,2013000406,962,万円
負債,1000～1250万円,2013000709,934,万円
負債,1000～1250万円,2013001012,857,万円
負債,1000～1250万円,2014000103,770,万円
負債,1000～1250万円,2014000406,856,万円
負債,1000～1250万円,2014000709,887,万円
負債,1000～1250万円,2014001012,832,万円
負債,1000～1250万円,2015000103,826,万円
負債,1000～1250万円,2015000406,955,万円
負債,1000～1250万円,2015000709,888,万円
負債,1000～1250万円,2015001012,892,万円
負債,1000～1250万円,2016000103,925,万円
負債,1000～1250万円,2016000406,960,万円
負債,1000～1250万円,2016000709,856,万円
負債,1000～1250万円,2016001012,774,万円
負債,1000～1250万円,2017000103,853,万円
負債,1000～1250万円,2017000406,889,万円
負債,1000～1250万円,2017000709,865,万円
負債,1000～1250万円,2017001012,931,万円
負債,1000～1250万円,2018000103,1026,万円
負債,1000～1250万円,2018000406,1007,万円
負債,1000～1250万円,2018000709,959,万円
負債,1000～1250万円,2018001012,914,万円
負債,1000～1250万円,2019000103,895,万円
負債,1000～1250万円,2019000406,932,万円
負債,1000～1250万円,2019000709,953,万円
負債,1000～1250万円,2019001012,1018,万円
負債,1000～1250万円,2020000103,1075,万円
負債,1000～1250万円,2020000406,1093,万円
負債,1000～1250万円,2020000709,995,万円
負債,1000～1250万円,2020001012,971,万円
負債,1000～1250万円,2021000103,1029,万円
負債,1000～1250万円,2021000406,959,万円
負債,1000～1250万円,2021000709,1012,万円
負債,1000～1250万円,2021001012,1129,万円
負債,1000～1250万円,2022000103,989,万円
負債,1000～1250万円,2022000406,965,万円
負債,1000～1250万円,2022000709,1098,万円
負債,1000～1250万円,2022001012,1311,万円
負債,1000～1250万円,2023000103,1327,万円
負債,1000～1250万円,2023000406,1184,万円
負債,1000～1250万円,2023000709,1185,万円
負債,1000～1250万円,2023001012,1288,万円
負債,1000～1250万円,2024000103,1238,万円
負債,1000～1250万円,2024000406,1149,万円
負債,1000～1250万円,2024000709,1243,万円
負債,1000～1250万円,2024001012,1139,万円
負債,1000～1250万円,2025000103,1189,万円
負債,1000～1250万円,2025000406,1163,万円
負債,1000～1250万円,2025000709,1279,万円
負債,1000～1250万円,2025001012,1264,万円
負債,1250～1500万円,2002000103,876,万円
負債,1250～1500万円,2002000406,834,万円
負債,1250～1500万円,2002000709,687,万円
負債,1250～1500万円,2002001012,756,万円
負債,1250～1500万円,2003000103,977,万円
負債,1250～1500万円,2003000406,891,万円
負債,1250～1500万円,2003000709,872,万円
負債,1250～1500万円,2003001012,938,万円
負債,1250～1500万円,2004000103,928,万円
負債,1250～1500万円,2004000406,917,万円
負債,1250～1500万円,2004000709,1026,万円
負債,1250～1500万円,2004001012,1085,万円
負債,1250～1500万円,2005000103,1027,万円
負債,1250～1500万円,2005000406,1138,万円
負債,1250～1500万円,2005000709,1079,万円
負債,1250～1500万円,2005001012,643,万円
負債,1250～1500万円,2006000103,772,万円
負債,1250～1500万円,2006000406,880,万円
負債,1250～1500万円,2006000709,889,万円
負債,1250～1500万円,2006001012,864,万円
負債,1250～1500万円,2007000103,1067,万円
負債,1250～1500万円,2007000406,907,万円
負債,1250～1500万円,2007000709,825,万円
負債,1250～1500万円,2007001012,820,万円
負債,1250～1500万円,2008000103,752,万円
負債,1250～1500万円,2008000406,914,万円
負債,1250～1500万円,2008000709,970,万円
負債,1250～1500万円,2008001012,821,万円
負債,1250～1500万円,2009000103,795,万円
負債,1250～1500万円,2009000406,794,万円
負債,1250～1500万円,2009000709,784,万円
負債,1250～1500万円,2009001012,800,万円
負債,1250～1500万円,2010000103,890,万円
負債,1250～1500万円,2010000406,902,万円
負債,1250～1500万円,2010000709,888,万円
負債,1250～1500万円,2010001012,913,万円
負債,1250～1500万円,2011000103,798,万円
負債,1250～1500万円,2011000406,816,万円
負債,1250～1500万円,2011000709,1022,万円
負債,1250～1500万円,2011001012,1107,万円
負債,1250～1500万円,2012000103,887,万円
負債,1250～1500万円,2012000406,614,万円
負債,1250～1500万円,2012000709,576,万円
負債,1250～1500万円,2012001012,712,万円
負債,1250～1500万円,2013000103,772,万円
負債,1250～1500万円,2013000406,726,万円
負債,1250～1500万円,2013000709,850,万円
負債,1250～1500万円,2013001012,903,万円
負債,1250～1500万円,2014000103,938,万円
負債,1250～1500万円,2014000406,892,万円
負債,1250～1500万円,2014000709,1004,万円
負債,1250～1500万円,2014001012,1075,万円
負債,1250～1500万円,2015000103,1069,万円
負債,1250～1500万円,2015000406,1277,万円
負債,1250～1500万円,2015000709,1203,万円
負債,1250～1500万円,2015001012,1117,万円
負債,1250～1500万円,2016000103,1095,万円
負債,1250～1500万円,2016000406,1186,万円
負債,1250～1500万円,2016000709,943,万円
負債,1250～1500万円,2016001012,834,万円
負債,1250～1500万円,2017000103,965,万円
負債,1250～1500万円,2017000406,974,万円
負債,1250～1500万円,2017000709,1049,万円
負債,1250～1500万円,2017001012,943,万円
負債,1250～1500万円,2018000103,703,万円
負債,1250～1500万円,2018000406,824,万円
負債,1250～1500万円,2018000709,928,万円
負債,1250～1500万円,2018001012,1045,万円
負債,1250～1500万円,2019000103,1153,万円
負債,1250～1500万円,2019000406,1181,万円
負債,1250～1500万円,2019000709,1081,万円
負債,1250～1500万円,2019001012,975,万円
負債,1250～1500万円,2020000103,1200,万円
負債,1250～1500万円,2020000406,1036,万円
負債,1250～1500万円,2020000709,1020,万円
負債,1250～1500万円,2020001012,979,万円
負債,1250～1500万円,2021000103,972,万円
負債,1250～1500万円,2021000406,1155,万円
負債,1250～1500万円,2021000709,1302,万円
負債,1250～1500万円,2021001012,1119,万円
負債,1250～1500万円,2022000103,1055,万円
負債,1250～1500万円,2022000406,1256,万円
負債,1250～1500万円,2022000709,1236,万円
負債,1250～1500万円,2022001012,1141,万円
負債,1250～1500万円,2023000103,1246,万円
負債,1250～1500万円,2023000406,1353,万円
負債,1250～1500万円,2023000709,1321,万円
負債,1250～1500万円,2023001012,1293,万円
負債,1250～1500万円,2024000103,1322,万円
負債,1250～1500万円,2024000406,1271,万円
負債,1250～1500万円,2024000709,1461,万円
負債,1250～1500万円,2024001012,1511,万円
負債,1250～1500万円,2025000103,1451,万円
負債,1250～1500万円,2025000406,1425,万円
負債,1250～1500万円,2025000709,1296,万円
負債,1250～1500万円,2025001012,1341,万円
負債,1500万円以上,2002000103,1492,万円
負債,1500万円以上,2002000406,1645,万円
負債,1500万円以上,2002000709,1601,万円
負債,1500万円以上,2002001012,1481,万円
負債,1500万円以上,2003000103,1358,万円
負債,1500万円以上,2003000406,1426,万円
負債,1500万円以上,2003000709,1248,万円
負債,1500万円以上,2003001012,1107,万円
負債,1500万円以上,2004000103,1119,万円
負債,1500万円以上,2004000406,1225,万円
負債,1500万円以上,2004000709,1039,万円
負債,1500万円以上,2004001012,886,万円
負債,1500万円以上,2005000103,1044,万円
負債,1500万円以上,2005000406,1282,万円
負債,1500万円以上,2005000709,1181,万円
負債,1500万円以上,2005001012,924,万円
負債,1500万円以上,2006000103,994,万円
負債,1500万円以上,2006000406,1083,万円
負債,1500万円以上,2006000709,1248,万円
負債,1500万円以上,2006001012,1479,万円
負債,1500万円以上,2007000103,1529,万円
負債,1500万円以上,2007000406,1547,万円
負債,1500万円以上,2007000709,1503,万円
負債,1500万円以上,2007001012,1162,万円
負債,1500万円以上,2008000103,977,万円
負債,1500万円以上,2008000406,973,万円
負債,1500万円以上,2008000709,1181,万円
負債,1500万円以上,2008001012,1299,万円
負債,1500万円以上,2009000103,894,万円
負債,1500万円以上,2009000406,1117,万円
負債,1500万円以上,2009000709,1116,万円
負債,1500万円以上,2009001012,919,万円
負債,1500万円以上,2010000103,1053,万円
負債,1500万円以上,2010000406,1232,万円
負債,1500万円以上,2010000709,1221,万円
負債,1500万円以上,2010001012,1124,万円
負債,1500万円以上,2011000103,1042,万円
負債,1500万円以上,2011000406,979,万円
負債,1500万円以上,2011000709,974,万円
負債,1500万円以上,2011001012,894,万円
負債,1500万円以上,2012000103,1016,万円
負債,1500万円以上,2012000406,978,万円
負債,1500万円以上,2012000709,1082,万円
負債,1500万円以上,2012001012,1097,万円
負債,1500万円以上,2013000103,1038,万円
負債,1500万円以上,2013000406,1123,万円
負債,1500万円以上,2013000709,1081,万円
負債,1500万円以上,2013001012,1220,万円
負債,1500万円以上,2014000103,1463,万円
負債,1500万円以上,2014000406,1511,万円
負債,1500万円以上,2014000709,1384,万円
負債,1500万円以上,2014001012,1267,万円
負債,1500万円以上,2015000103,1186,万円
負債,1500万円以上,2015000406,1227,万円
負債,1500万円以上,2015000709,1175,万円
負債,1500万円以上,2015001012,1153,万円
負債,1500万円以上,2016000103,1366,万円
負債,1500万円以上,2016000406,1407,万円
負債,1500万円以上,2016000709,1189,万円
負債,1500万円以上,2016001012,1052,万円
負債,1500万円以上,2017000103,1136,万円
負債,1500万円以上,2017000406,1388,万円
負債,1500万円以上,2017000709,1364,万円
負債,1500万円以上,2017001012,1204,万円
負債,1500万円以上,2018000103,1318,万円
負債,1500万円以上,2018000406,1342,万円
負債,1500万円以上,2018000709,1123,万円
負債,1500万円以上,2018001012,1412,万円
負債,1500万円以上,2019000103,1268,万円
負債,1500万円以上,2019000406,1009,万円
負債,1500万円以上,2019000709,898,万円
負債,1500万円以上,2019001012,1219,万円
負債,1500万円以上,2020000103,1368,万円
負債,1500万円以上,2020000406,1403,万円
負債,1500万円以上,2020000709,1132,万円
負債,1500万円以上,2020001012,1116,万円
負債,1500万円以上,2021000103,1195,万円
負債,1500万円以上,2021000406,1420,万円
負債,1500万円以上,2021000709,1465,万円
負債,1500万円以上,2021001012,1365,万円
負債,1500万円以上,2022000103,1356,万円
負債,1500万円以上,2022000406,1400,万円
負債,1500万円以上,2022000709,1311,万円
負債,1500万円以上,2022001012,1319,万円
負債,1500万円以上,2023000103,1240,万円
負債,1500万円以上,2023000406,1510,万円
負債,1500万円以上,2023000709,1589,万円
負債,1500万円以上,2023001012,1302,万円
負債,1500万円以上,2024000103,1345,万円
負債,1500万円以上,2024000406,1522,万円
負債,1500万円以上,2024000709,1383,万円
負債,1500万円以上,2024001012,1585,万円
負債,1500万円以上,2025000103,1796,万円
負債,1500万円以上,2025000406,1533,万円
負債,1500万円以上,2025000709,1284,万円
負債,1500万円以上,2025001012,1690,万円
