項目,年齢階級,時期,値,単位
実収入,24歳以下,2000000101,273747,円
実収入,24歳以下,2000000202,301677,円
実収入,24歳以下,2000000303,338789,円
実収入,24歳以下,2000000404,319779,円
実収入,24歳以下,2000000505,297079,円
実収入,24歳以下,2000000606,307949,円
実収入,24歳以下,2000000707,354541,円
実収入,24歳以下,2000000808,339474,円
実収入,24歳以下,2000000909,274807,円
実収入,24歳以下,2000001010,287095,円
実収入,24歳以下,2000001111,304954,円
実収入,24歳以下,2000001212,435623,円
実収入,24歳以下,2001000101,290659,円
実収入,24歳以下,2001000202,292745,円
実収入,24歳以下,2001000303,283410,円
実収入,24歳以下,2001000404,337900,円
実収入,24歳以下,2001000505,346157,円
実収入,24歳以下,2001000606,535792,円
実収入,24歳以下,2001000707,417547,円
実収入,24歳以下,2001000808,411904,円
実収入,24歳以下,2001000909,313985,円
実収入,24歳以下,2001001010,240089,円
実収入,24歳以下,2001001111,256787,円
実収入,24歳以下,2001001212,409239,円
実収入,24歳以下,2002000101,236940,円
実収入,24歳以下,2002000202,243989,円
実収入,24歳以下,2002000303,300121,円
実収入,24歳以下,2002000404,292088,円
実収入,24歳以下,2002000505,323341,円
実収入,24歳以下,2002000606,341179,円
実収入,24歳以下,2002000707,338973,円
実収入,24歳以下,2002000808,311160,円
実収入,24歳以下,2002000909,293137,円
実収入,24歳以下,2002001010,285831,円
実収入,24歳以下,2002001111,280807,円
実収入,24歳以下,2002001212,430475,円
実収入,24歳以下,2003000101,280381,円
実収入,24歳以下,2003000202,286797,円
実収入,24歳以下,2003000303,256799,円
実収入,24歳以下,2003000404,283780,円
実収入,24歳以下,2003000505,252239,円
実収入,24歳以下,2003000606,474485,円
実収入,24歳以下,2003000707,429802,円
実収入,24歳以下,2003000808,271940,円
実収入,24歳以下,2003000909,363922,円
実収入,24歳以下,2003001010,296651,円
実収入,24歳以下,2003001111,309131,円
実収入,24歳以下,2003001212,520045,円
実収入,24歳以下,2004000101,325324,円
実収入,24歳以下,2004000202,303496,円
実収入,24歳以下,2004000303,276449,円
実収入,24歳以下,2004000404,303214,円
実収入,24歳以下,2004000505,269350,円
実収入,24歳以下,2004000606,339911,円
実収入,24歳以下,2004000707,319875,円
実収入,24歳以下,2004000808,228934,円
実収入,24歳以下,2004000909,238650,円
実収入,24歳以下,2004001010,255924,円
実収入,24歳以下,2004001111,275046,円
実収入,24歳以下,2004001212,371566,円
実収入,24歳以下,2005000101,280159,円
実収入,24歳以下,2005000202,288340,円
実収入,24歳以下,2005000303,298331,円
実収入,24歳以下,2005000404,277617,円
実収入,24歳以下,2005000505,250296,円
実収入,24歳以下,2005000606,280637,円
実収入,24歳以下,2005000707,305775,円
実収入,24歳以下,2005000808,302448,円
実収入,24歳以下,2005000909,245694,円
実収入,24歳以下,2005001010,254016,円
実収入,24歳以下,2005001111,250976,円
実収入,24歳以下,2005001212,446611,円
実収入,24歳以下,2006000101,273860,円
実収入,24歳以下,2006000202,253831,円
実収入,24歳以下,2006000303,280535,円
実収入,24歳以下,2006000404,356779,円
実収入,24歳以下,2006000505,339986,円
実収入,24歳以下,2006000606,353798,円
実収入,24歳以下,2006000707,440690,円
実収入,24歳以下,2006000808,402555,円
実収入,24歳以下,2006000909,265691,円
実収入,24歳以下,2006001010,240338,円
実収入,24歳以下,2006001111,238805,円
実収入,24歳以下,2006001212,330090,円
実収入,24歳以下,2007000101,290896,円
実収入,24歳以下,2007000202,252108,円
実収入,24歳以下,2007000303,273839,円
実収入,24歳以下,2007000404,283164,円
実収入,24歳以下,2007000505,220805,円
実収入,24歳以下,2007000606,334593,円
実収入,24歳以下,2007000707,258286,円
実収入,24歳以下,2007000808,298883,円
実収入,24歳以下,2007000909,277789,円
実収入,24歳以下,2007001010,281955,円
実収入,24歳以下,2007001111,276632,円
実収入,24歳以下,2007001212,458130,円
実収入,24歳以下,2008000101,324334,円
実収入,24歳以下,2008000202,309985,円
実収入,24歳以下,2008000303,283781,円
実収入,24歳以下,2008000404,231013,円
実収入,24歳以下,2008000505,253998,円
実収入,24歳以下,2008000606,235271,円
実収入,24歳以下,2008000707,250944,円
実収入,24歳以下,2008000808,224209,円
実収入,24歳以下,2008000909,226110,円
実収入,24歳以下,2008001010,235879,円
実収入,24歳以下,2008001111,214729,円
実収入,24歳以下,2008001212,291367,円
実収入,24歳以下,2009000101,220069,円
実収入,24歳以下,2009000202,281347,円
実収入,24歳以下,2009000303,198366,円
実収入,24歳以下,2009000404,248738,円
実収入,24歳以下,2009000505,232274,円
実収入,24歳以下,2009000606,334719,円
実収入,24歳以下,2009000707,312610,円
実収入,24歳以下,2009000808,285329,円
実収入,24歳以下,2009000909,277544,円
実収入,24歳以下,2009001010,287740,円
実収入,24歳以下,2009001111,280557,円
実収入,24歳以下,2009001212,483569,円
実収入,24歳以下,2010000101,297724,円
実収入,24歳以下,2010000202,272194,円
実収入,24歳以下,2010000303,278459,円
実収入,24歳以下,2010000404,280259,円
実収入,24歳以下,2010000505,264137,円
実収入,24歳以下,2010000606,358541,円
実収入,24歳以下,2010000707,343820,円
実収入,24歳以下,2010000808,254996,円
実収入,24歳以下,2010000909,306069,円
実収入,24歳以下,2010001010,287065,円
実収入,24歳以下,2010001111,281443,円
実収入,24歳以下,2010001212,470114,円
実収入,24歳以下,2011000101,272423,円
実収入,24歳以下,2011000202,379893,円
実収入,24歳以下,2011000303,290709,円
実収入,24歳以下,2011000404,323703,円
実収入,24歳以下,2011000505,280467,円
実収入,24歳以下,2011000606,315954,円
実収入,24歳以下,2011000707,380799,円
実収入,24歳以下,2011000808,207120,円
実収入,24歳以下,2011000909,187546,円
実収入,24歳以下,2011001010,192460,円
実収入,24歳以下,2011001111,224026,円
実収入,24歳以下,2011001212,387283,円
実収入,24歳以下,2012000101,295132,円
実収入,24歳以下,2012000202,320345,円
実収入,24歳以下,2012000303,417001,円
実収入,24歳以下,2012000404,265385,円
実収入,24歳以下,2012000505,285469,円
実収入,24歳以下,2012000606,291005,円
実収入,24歳以下,2012000707,289049,円
実収入,24歳以下,2012000808,264484,円
実収入,24歳以下,2012000909,278038,円
実収入,24歳以下,2012001010,344493,円
実収入,24歳以下,2012001111,274616,円
実収入,24歳以下,2012001212,371391,円
実収入,24歳以下,2013000101,298227,円
実収入,24歳以下,2013000202,260517,円
実収入,24歳以下,2013000303,313582,円
実収入,24歳以下,2013000404,272051,円
実収入,24歳以下,2013000505,258897,円
実収入,24歳以下,2013000606,484767,円
実収入,24歳以下,2013000707,280323,円
実収入,24歳以下,2013000808,249017,円
実収入,24歳以下,2013000909,233314,円
実収入,24歳以下,2013001010,232581,円
実収入,24歳以下,2013001111,227098,円
実収入,24歳以下,2013001212,481792,円
実収入,24歳以下,2014000101,258390,円
実収入,24歳以下,2014000202,269488,円
実収入,24歳以下,2014000303,302051,円
実収入,24歳以下,2014000404,319067,円
実収入,24歳以下,2014000505,285467,円
実収入,24歳以下,2014000606,277334,円
実収入,24歳以下,2014000707,346504,円
実収入,24歳以下,2014000808,186765,円
実収入,24歳以下,2014000909,240900,円
実収入,24歳以下,2014001010,256966,円
実収入,24歳以下,2014001111,303660,円
実収入,24歳以下,2014001212,624442,円
実収入,34歳以下,2015000101,368911,円
実収入,34歳以下,2015000202,387627,円
実収入,34歳以下,2015000303,394052,円
実収入,34歳以下,2015000404,410102,円
実収入,34歳以下,2015000505,399832,円
実収入,34歳以下,2015000606,659325,円
実収入,34歳以下,2015000707,526167,円
実収入,34歳以下,2015000808,389559,円
実収入,34歳以下,2015000909,377623,円
実収入,34歳以下,2015001010,423887,円
実収入,34歳以下,2015001111,364206,円
実収入,34歳以下,2015001212,720927,円
実収入,34歳以下,2016000101,378593,円
実収入,34歳以下,2016000202,412148,円
実収入,34歳以下,2016000303,422663,円
実収入,34歳以下,2016000404,398397,円
実収入,34歳以下,2016000505,377855,円
実収入,34歳以下,2016000606,616516,円
実収入,34歳以下,2016000707,481180,円
実収入,34歳以下,2016000808,394823,円
実収入,34歳以下,2016000909,375771,円
実収入,34歳以下,2016001010,414635,円
実収入,34歳以下,2016001111,369337,円
実収入,34歳以下,2016001212,724152,円
実収入,34歳以下,2017000101,396365,円
実収入,34歳以下,2017000202,393185,円
実収入,34歳以下,2017000303,380172,円
実収入,34歳以下,2017000404,398598,円
実収入,34歳以下,2017000505,385878,円
実収入,34歳以下,2017000606,628717,円
実収入,34歳以下,2017000707,519984,円
実収入,34歳以下,2017000808,409705,円
実収入,34歳以下,2017000909,382818,円
実収入,34歳以下,2017001010,428481,円
実収入,34歳以下,2017001111,393194,円
実収入,34歳以下,2017001212,770825,円
実収入,34歳以下,2018000101,389862,円
実収入,34歳以下,2018000202,450001,円
実収入,34歳以下,2018000303,411463,円
実収入,34歳以下,2018000404,404733,円
実収入,34歳以下,2018000505,396394,円
実収入,34歳以下,2018000606,663180,円
実収入,34歳以下,2018000707,551161,円
実収入,34歳以下,2018000808,396818,円
実収入,34歳以下,2018000909,393027,円
実収入,34歳以下,2018001010,464625,円
実収入,34歳以下,2018001111,399373,円
実収入,34歳以下,2018001212,831237,円
実収入,34歳以下,2019000101,436363,円
実収入,34歳以下,2019000202,467513,円
実収入,34歳以下,2019000303,427909,円
実収入,34歳以下,2019000404,456006,円
実収入,34歳以下,2019000505,419438,円
実収入,34歳以下,2019000606,713311,円
実収入,34歳以下,2019000707,569276,円
実収入,34歳以下,2019000808,423796,円
実収入,34歳以下,2019000909,412594,円
実収入,34歳以下,2019001010,498174,円
実収入,34歳以下,2019001111,444943,円
実収入,34歳以下,2019001212,978467,円
実収入,34歳以下,2020000101,457210,円
実収入,34歳以下,2020000202,475885,円
実収入,34歳以下,2020000303,451644,円
実収入,34歳以下,2020000404,442001,円
実収入,34歳以下,2020000505,444493,円
実収入,34歳以下,2020000606,970899,円
実収入,34歳以下,2020000707,653315,円
実収入,34歳以下,2020000808,440700,円
実収入,34歳以下,2020000909,431593,円
実収入,34歳以下,2020001010,492644,円
実収入,34歳以下,2020001111,444586,円
実収入,34歳以下,2020001212,913851,円
実収入,34歳以下,2021000101,438536,円
実収入,34歳以下,2021000202,477263,円
実収入,34歳以下,2021000303,468624,円
実収入,34歳以下,2021000404,460893,円
実収入,34歳以下,2021000505,461792,円
実収入,34歳以下,2021000606,778339,円
実収入,34歳以下,2021000707,594085,円
実収入,34歳以下,2021000808,467416,円
実収入,34歳以下,2021000909,449523,円
実収入,34歳以下,2021001010,495353,円
実収入,34歳以下,2021001111,464415,円
実収入,34歳以下,2021001212,1040212,円
実収入,34歳以下,2022000101,461773,円
実収入,34歳以下,2022000202,468886,円
実収入,34歳以下,2022000303,489685,円
実収入,34歳以下,2022000404,457399,円
実収入,34歳以下,2022000505,447000,円
実収入,34歳以下,2022000606,787219,円
実収入,34歳以下,2022000707,606981,円
実収入,34歳以下,2022000808,468344,円
実収入,34歳以下,2022000909,449071,円
実収入,34歳以下,2022001010,503340,円
実収入,34歳以下,2022001111,467408,円
実収入,34歳以下,2022001212,1114065,円
実収入,34歳以下,2023000101,474925,円
実収入,34歳以下,2023000202,492489,円
実収入,34歳以下,2023000303,500424,円
実収入,34歳以下,2023000404,489540,円
実収入,34歳以下,2023000505,457208,円
実収入,34歳以下,2023000606,792369,円
実収入,34歳以下,2023000707,554385,円
実収入,34歳以下,2023000808,457792,円
実収入,34歳以下,2023000909,463602,円
実収入,34歳以下,2023001010,477208,円
実収入,34歳以下,2023001111,455821,円
実収入,34歳以下,2023001212,988495,円
実収入,34歳以下,2024000101,479328,円
実収入,34歳以下,2024000202,491760,円
実収入,34歳以下,2024000303,457664,円
実収入,34歳以下,2024000404,492913,円
実収入,34歳以下,2024000505,475106,円
実収入,34歳以下,2024000606,843605,円
実収入,34歳以下,2024000707,632004,円
実収入,34歳以下,2024000808,491592,円
実収入,34歳以下,2024000909,502429,円
実収入,34歳以下,2024001010,537107,円
実収入,34歳以下,2024001111,525192,円
実収入,34歳以下,2024001212,1018144,円
実収入,34歳以下,2025000101,552417,円
実収入,34歳以下,2025000202,539729,円
実収入,34歳以下,2025000303,536986,円
実収入,34歳以下,2025000404,538284,円
実収入,34歳以下,2025000505,539070,円
実収入,34歳以下,2025000606,915394,円
実収入,34歳以下,2025000707,565924,円
実収入,34歳以下,2025000808,527627,円
実収入,34歳以下,2025000909,504286,円
実収入,34歳以下,2025001010,527541,円
実収入,34歳以下,2025001111,532379,円
実収入,34歳以下,2025001212,1189479,円
実収入,34歳以下,2026000101,566870,円
実収入,34歳以下,2026000202,550542,円
実収入,34歳以下,2026000303,541182,円
実収入,34歳以下,2026000404,558103,円
実収入,34歳以下,2026000505,522849,円
実収入,25～29歳,2000000101,360387,円
実収入,25～29歳,2000000202,351516,円
実収入,25～29歳,2000000303,374595,円
実収入,25～29歳,2000000404,347451,円
実収入,25～29歳,2000000505,357561,円
実収入,25～29歳,2000000606,513383,円
実収入,25～29歳,2000000707,500803,円
実収入,25～29歳,2000000808,380591,円
実収入,25～29歳,2000000909,344053,円
実収入,25～29歳,2000001010,353291,円
実収入,25～29歳,2000001111,350629,円
実収入,25～29歳,2000001212,691327,円
実収入,25～29歳,2001000101,345055,円
実収入,25～29歳,2001000202,334632,円
実収入,25～29歳,2001000303,365155,円
実収入,25～29歳,2001000404,357376,円
実収入,25～29歳,2001000505,329059,円
実収入,25～29歳,2001000606,458150,円
実収入,25～29歳,2001000707,445854,円
実収入,25～29歳,2001000808,341527,円
実収入,25～29歳,2001000909,322189,円
実収入,25～29歳,2001001010,321968,円
実収入,25～29歳,2001001111,332144,円
実収入,25～29歳,2001001212,675688,円
実収入,25～29歳,2002000101,350154,円
実収入,25～29歳,2002000202,331988,円
実収入,25～29歳,2002000303,353706,円
実収入,25～29歳,2002000404,337913,円
実収入,25～29歳,2002000505,337436,円
実収入,25～29歳,2002000606,434099,円
実収入,25～29歳,2002000707,434422,円
実収入,25～29歳,2002000808,374320,円
実収入,25～29歳,2002000909,342983,円
実収入,25～29歳,2002001010,334949,円
実収入,25～29歳,2002001111,329138,円
実収入,25～29歳,2002001212,626944,円
実収入,25～29歳,2003000101,345662,円
実収入,25～29歳,2003000202,332017,円
実収入,25～29歳,2003000303,331688,円
実収入,25～29歳,2003000404,331768,円
実収入,25～29歳,2003000505,321806,円
実収入,25～29歳,2003000606,515201,円
実収入,25～29歳,2003000707,420616,円
実収入,25～29歳,2003000808,339007,円
実収入,25～29歳,2003000909,350318,円
実収入,25～29歳,2003001010,341561,円
実収入,25～29歳,2003001111,338859,円
実収入,25～29歳,2003001212,617611,円
実収入,25～29歳,2004000101,357482,円
実収入,25～29歳,2004000202,354403,円
実収入,25～29歳,2004000303,357340,円
実収入,25～29歳,2004000404,365576,円
実収入,25～29歳,2004000505,347763,円
実収入,25～29歳,2004000606,517775,円
実収入,25～29歳,2004000707,466155,円
実収入,25～29歳,2004000808,368711,円
実収入,25～29歳,2004000909,344412,円
実収入,25～29歳,2004001010,340262,円
実収入,25～29歳,2004001111,332135,円
実収入,25～29歳,2004001212,641193,円
実収入,25～29歳,2005000101,358852,円
実収入,25～29歳,2005000202,358966,円
実収入,25～29歳,2005000303,349101,円
実収入,25～29歳,2005000404,341489,円
実収入,25～29歳,2005000505,332846,円
実収入,25～29歳,2005000606,518369,円
実収入,25～29歳,2005000707,393446,円
実収入,25～29歳,2005000808,336437,円
実収入,25～29歳,2005000909,320938,円
実収入,25～29歳,2005001010,327586,円
実収入,25～29歳,2005001111,342128,円
実収入,25～29歳,2005001212,573035,円
実収入,25～29歳,2006000101,330156,円
実収入,25～29歳,2006000202,329959,円
実収入,25～29歳,2006000303,317365,円
実収入,25～29歳,2006000404,343325,円
実収入,25～29歳,2006000505,335598,円
実収入,25～29歳,2006000606,409091,円
実収入,25～29歳,2006000707,451130,円
実収入,25～29歳,2006000808,353828,円
実収入,25～29歳,2006000909,325951,円
実収入,25～29歳,2006001010,339633,円
実収入,25～29歳,2006001111,333451,円
実収入,25～29歳,2006001212,645012,円
実収入,25～29歳,2007000101,363313,円
実収入,25～29歳,2007000202,347090,円
実収入,25～29歳,2007000303,344198,円
実収入,25～29歳,2007000404,339487,円
実収入,25～29歳,2007000505,354926,円
実収入,25～29歳,2007000606,452125,円
実収入,25～29歳,2007000707,498491,円
実収入,25～29歳,2007000808,393464,円
実収入,25～29歳,2007000909,366540,円
実収入,25～29歳,2007001010,365098,円
実収入,25～29歳,2007001111,351104,円
実収入,25～29歳,2007001212,672178,円
実収入,25～29歳,2008000101,368004,円
実収入,25～29歳,2008000202,340179,円
実収入,25～29歳,2008000303,341538,円
実収入,25～29歳,2008000404,327673,円
実収入,25～29歳,2008000505,347177,円
実収入,25～29歳,2008000606,518999,円
実収入,25～29歳,2008000707,516525,円
実収入,25～29歳,2008000808,347431,円
実収入,25～29歳,2008000909,377801,円
実収入,25～29歳,2008001010,348459,円
実収入,25～29歳,2008001111,361219,円
実収入,25～29歳,2008001212,671154,円
実収入,25～29歳,2009000101,344761,円
実収入,25～29歳,2009000202,351903,円
実収入,25～29歳,2009000303,327343,円
実収入,25～29歳,2009000404,332075,円
実収入,25～29歳,2009000505,340853,円
実収入,25～29歳,2009000606,467133,円
実収入,25～29歳,2009000707,411156,円
実収入,25～29歳,2009000808,339761,円
実収入,25～29歳,2009000909,322976,円
実収入,25～29歳,2009001010,332711,円
実収入,25～29歳,2009001111,328450,円
実収入,25～29歳,2009001212,699434,円
実収入,25～29歳,2010000101,376338,円
実収入,25～29歳,2010000202,346177,円
実収入,25～29歳,2010000303,333312,円
実収入,25～29歳,2010000404,329148,円
実収入,25～29歳,2010000505,333018,円
実収入,25～29歳,2010000606,469284,円
実収入,25～29歳,2010000707,352138,円
実収入,25～29歳,2010000808,341312,円
実収入,25～29歳,2010000909,324532,円
実収入,25～29歳,2010001010,364383,円
実収入,25～29歳,2010001111,335077,円
実収入,25～29歳,2010001212,629119,円
実収入,25～29歳,2011000101,358423,円
実収入,25～29歳,2011000202,382221,円
実収入,25～29歳,2011000303,324722,円
実収入,25～29歳,2011000404,387059,円
実収入,25～29歳,2011000505,340193,円
実収入,25～29歳,2011000606,467592,円
実収入,25～29歳,2011000707,434089,円
実収入,25～29歳,2011000808,352389,円
実収入,25～29歳,2011000909,333119,円
実収入,25～29歳,2011001010,359870,円
実収入,25～29歳,2011001111,336262,円
実収入,25～29歳,2011001212,587962,円
実収入,25～29歳,2012000101,323033,円
実収入,25～29歳,2012000202,371102,円
実収入,25～29歳,2012000303,341787,円
実収入,25～29歳,2012000404,330521,円
実収入,25～29歳,2012000505,326936,円
実収入,25～29歳,2012000606,578219,円
実収入,25～29歳,2012000707,405290,円
実収入,25～29歳,2012000808,338125,円
実収入,25～29歳,2012000909,320817,円
実収入,25～29歳,2012001010,372955,円
実収入,25～29歳,2012001111,328007,円
実収入,25～29歳,2012001212,603564,円
実収入,25～29歳,2013000101,353424,円
実収入,25～29歳,2013000202,393795,円
実収入,25～29歳,2013000303,355756,円
実収入,25～29歳,2013000404,383516,円
実収入,25～29歳,2013000505,359207,円
実収入,25～29歳,2013000606,635098,円
実収入,25～29歳,2013000707,435399,円
実収入,25～29歳,2013000808,363187,円
実収入,25～29歳,2013000909,389929,円
実収入,25～29歳,2013001010,391595,円
実収入,25～29歳,2013001111,348557,円
実収入,25～29歳,2013001212,586403,円
実収入,25～29歳,2014000101,331826,円
実収入,25～29歳,2014000202,383040,円
実収入,25～29歳,2014000303,326249,円
実収入,25～29歳,2014000404,333948,円
実収入,25～29歳,2014000505,343009,円
実収入,25～29歳,2014000606,552600,円
実収入,25～29歳,2014000707,502868,円
実収入,25～29歳,2014000808,356206,円
実収入,25～29歳,2014000909,319124,円
実収入,25～29歳,2014001010,372763,円
実収入,25～29歳,2014001111,342135,円
実収入,25～29歳,2014001212,631646,円
実収入,30～34歳,2000000101,415411,円
実収入,30～34歳,2000000202,404735,円
実収入,30～34歳,2000000303,421473,円
実収入,30～34歳,2000000404,414228,円
実収入,30～34歳,2000000505,404260,円
実収入,30～34歳,2000000606,611882,円
実収入,30～34歳,2000000707,565201,円
実収入,30～34歳,2000000808,401671,円
実収入,30～34歳,2000000909,379208,円
実収入,30～34歳,2000001010,397184,円
実収入,30～34歳,2000001111,394864,円
実収入,30～34歳,2000001212,851514,円
実収入,30～34歳,2001000101,408622,円
実収入,30～34歳,2001000202,387346,円
実収入,30～34歳,2001000303,407915,円
実収入,30～34歳,2001000404,414437,円
実収入,30～34歳,2001000505,392527,円
実収入,30～34歳,2001000606,653235,円
実収入,30～34歳,2001000707,512206,円
実収入,30～34歳,2001000808,408091,円
実収入,30～34歳,2001000909,404163,円
実収入,30～34歳,2001001010,406943,円
実収入,30～34歳,2001001111,395721,円
実収入,30～34歳,2001001212,898577,円
実収入,30～34歳,2002000101,409831,円
実収入,30～34歳,2002000202,406165,円
実収入,30～34歳,2002000303,433757,円
実収入,30～34歳,2002000404,401824,円
実収入,30～34歳,2002000505,390778,円
実収入,30～34歳,2002000606,616098,円
実収入,30～34歳,2002000707,517831,円
実収入,30～34歳,2002000808,401089,円
実収入,30～34歳,2002000909,388037,円
実収入,30～34歳,2002001010,430895,円
実収入,30～34歳,2002001111,391860,円
実収入,30～34歳,2002001212,820504,円
実収入,30～34歳,2003000101,381021,円
実収入,30～34歳,2003000202,389457,円
実収入,30～34歳,2003000303,387338,円
実収入,30～34歳,2003000404,393315,円
実収入,30～34歳,2003000505,384274,円
実収入,30～34歳,2003000606,605559,円
実収入,30～34歳,2003000707,519079,円
実収入,30～34歳,2003000808,406997,円
実収入,30～34歳,2003000909,378561,円
実収入,30～34歳,2003001010,392299,円
実収入,30～34歳,2003001111,405612,円
実収入,30～34歳,2003001212,829377,円
実収入,30～34歳,2004000101,393510,円
実収入,30～34歳,2004000202,390186,円
実収入,30～34歳,2004000303,395740,円
実収入,30～34歳,2004000404,410850,円
実収入,30～34歳,2004000505,391488,円
実収入,30～34歳,2004000606,588688,円
実収入,30～34歳,2004000707,528252,円
実収入,30～34歳,2004000808,397942,円
実収入,30～34歳,2004000909,386006,円
実収入,30～34歳,2004001010,415423,円
実収入,30～34歳,2004001111,386391,円
実収入,30～34歳,2004001212,758636,円
実収入,30～34歳,2005000101,395590,円
実収入,30～34歳,2005000202,414287,円
実収入,30～34歳,2005000303,396888,円
実収入,30～34歳,2005000404,406468,円
実収入,30～34歳,2005000505,400899,円
実収入,30～34歳,2005000606,640099,円
実収入,30～34歳,2005000707,508463,円
実収入,30～34歳,2005000808,380349,円
実収入,30～34歳,2005000909,364706,円
実収入,30～34歳,2005001010,383760,円
実収入,30～34歳,2005001111,382117,円
実収入,30～34歳,2005001212,734818,円
実収入,30～34歳,2006000101,383517,円
実収入,30～34歳,2006000202,384641,円
実収入,30～34歳,2006000303,374580,円
実収入,30～34歳,2006000404,388353,円
実収入,30～34歳,2006000505,385517,円
実収入,30～34歳,2006000606,552547,円
実収入,30～34歳,2006000707,524800,円
実収入,30～34歳,2006000808,393733,円
実収入,30～34歳,2006000909,382242,円
実収入,30～34歳,2006001010,387531,円
実収入,30～34歳,2006001111,388653,円
実収入,30～34歳,2006001212,826748,円
実収入,30～34歳,2007000101,398287,円
実収入,30～34歳,2007000202,386391,円
実収入,30～34歳,2007000303,386468,円
実収入,30～34歳,2007000404,376642,円
実収入,30～34歳,2007000505,366444,円
実収入,30～34歳,2007000606,581255,円
実収入,30～34歳,2007000707,503562,円
実収入,30～34歳,2007000808,380252,円
実収入,30～34歳,2007000909,370555,円
実収入,30～34歳,2007001010,379372,円
実収入,30～34歳,2007001111,378133,円
実収入,30～34歳,2007001212,736994,円
実収入,30～34歳,2008000101,354792,円
実収入,30～34歳,2008000202,392732,円
実収入,30～34歳,2008000303,386000,円
実収入,30～34歳,2008000404,393012,円
実収入,30～34歳,2008000505,384023,円
実収入,30～34歳,2008000606,579931,円
実収入,30～34歳,2008000707,506351,円
実収入,30～34歳,2008000808,408802,円
実収入,30～34歳,2008000909,383456,円
実収入,30～34歳,2008001010,400687,円
実収入,30～34歳,2008001111,388362,円
実収入,30～34歳,2008001212,731503,円
実収入,30～34歳,2009000101,398025,円
実収入,30～34歳,2009000202,391557,円
実収入,30～34歳,2009000303,389900,円
実収入,30～34歳,2009000404,386684,円
実収入,30～34歳,2009000505,381536,円
実収入,30～34歳,2009000606,562946,円
実収入,30～34歳,2009000707,511621,円
実収入,30～34歳,2009000808,393502,円
実収入,30～34歳,2009000909,357889,円
実収入,30～34歳,2009001010,372375,円
実収入,30～34歳,2009001111,355852,円
実収入,30～34歳,2009001212,700608,円
実収入,30～34歳,2010000101,378320,円
実収入,30～34歳,2010000202,376558,円
実収入,30～34歳,2010000303,385903,円
実収入,30～34歳,2010000404,382315,円
実収入,30～34歳,2010000505,361253,円
実収入,30～34歳,2010000606,582962,円
実収入,30～34歳,2010000707,481065,円
実収入,30～34歳,2010000808,368503,円
実収入,30～34歳,2010000909,357255,円
実収入,30～34歳,2010001010,428862,円
実収入,30～34歳,2010001111,391804,円
実収入,30～34歳,2010001212,747656,円
実収入,30～34歳,2011000101,377652,円
実収入,30～34歳,2011000202,427940,円
実収入,30～34歳,2011000303,363479,円
実収入,30～34歳,2011000404,356666,円
実収入,30～34歳,2011000505,347949,円
実収入,30～34歳,2011000606,555182,円
実収入,30～34歳,2011000707,457893,円
実収入,30～34歳,2011000808,396689,円
実収入,30～34歳,2011000909,372006,円
実収入,30～34歳,2011001010,427225,円
実収入,30～34歳,2011001111,376851,円
実収入,30～34歳,2011001212,775420,円
実収入,30～34歳,2012000101,381052,円
実収入,30～34歳,2012000202,408750,円
実収入,30～34歳,2012000303,400612,円
実収入,30～34歳,2012000404,401655,円
実収入,30～34歳,2012000505,370614,円
実収入,30～34歳,2012000606,588610,円
実収入,30～34歳,2012000707,502000,円
実収入,30～34歳,2012000808,410345,円
実収入,30～34歳,2012000909,378898,円
実収入,30～34歳,2012001010,430111,円
実収入,30～34歳,2012001111,384824,円
実収入,30～34歳,2012001212,783439,円
実収入,30～34歳,2013000101,381088,円
実収入,30～34歳,2013000202,420393,円
実収入,30～34歳,2013000303,387874,円
実収入,30～34歳,2013000404,388581,円
実収入,30～34歳,2013000505,390778,円
実収入,30～34歳,2013000606,616668,円
実収入,30～34歳,2013000707,536727,円
実収入,30～34歳,2013000808,394410,円
実収入,30～34歳,2013000909,386844,円
実収入,30～34歳,2013001010,435219,円
実収入,30～34歳,2013001111,388901,円
実収入,30～34歳,2013001212,792093,円
実収入,30～34歳,2014000101,403954,円
実収入,30～34歳,2014000202,432971,円
実収入,30～34歳,2014000303,389261,円
実収入,30～34歳,2014000404,401893,円
実収入,30～34歳,2014000505,379969,円
実収入,30～34歳,2014000606,628141,円
実収入,30～34歳,2014000707,528922,円
実収入,30～34歳,2014000808,384029,円
実収入,30～34歳,2014000909,368840,円
実収入,30～34歳,2014001010,407907,円
実収入,30～34歳,2014001111,363800,円
実収入,30～34歳,2014001212,713132,円
実収入,35～39歳,2000000101,438714,円
実収入,35～39歳,2000000202,450321,円
実収入,35～39歳,2000000303,488064,円
実収入,35～39歳,2000000404,464648,円
実収入,35～39歳,2000000505,453709,円
実収入,35～39歳,2000000606,784807,円
実収入,35～39歳,2000000707,610428,円
実収入,35～39歳,2000000808,458769,円
実収入,35～39歳,2000000909,424706,円
実収入,35～39歳,2000001010,442632,円
実収入,35～39歳,2000001111,418156,円
実収入,35～39歳,2000001212,971598,円
実収入,35～39歳,2001000101,436885,円
実収入,35～39歳,2001000202,421966,円
実収入,35～39歳,2001000303,468504,円
実収入,35～39歳,2001000404,478863,円
実収入,35～39歳,2001000505,439213,円
実収入,35～39歳,2001000606,751020,円
実収入,35～39歳,2001000707,594555,円
実収入,35～39歳,2001000808,473961,円
実収入,35～39歳,2001000909,434529,円
実収入,35～39歳,2001001010,458098,円
実収入,35～39歳,2001001111,455116,円
実収入,35～39歳,2001001212,986521,円
実収入,35～39歳,2002000101,457967,円
実収入,35～39歳,2002000202,454317,円
実収入,35～39歳,2002000303,487814,円
実収入,35～39歳,2002000404,466344,円
実収入,35～39歳,2002000505,438229,円
実収入,35～39歳,2002000606,718975,円
実収入,35～39歳,2002000707,607243,円
実収入,35～39歳,2002000808,486092,円
実収入,35～39歳,2002000909,429705,円
実収入,35～39歳,2002001010,459953,円
実収入,35～39歳,2002001111,420849,円
実収入,35～39歳,2002001212,912664,円
実収入,35～39歳,2003000101,440770,円
実収入,35～39歳,2003000202,426629,円
実収入,35～39歳,2003000303,440186,円
実収入,35～39歳,2003000404,440753,円
実収入,35～39歳,2003000505,422971,円
実収入,35～39歳,2003000606,718397,円
実収入,35～39歳,2003000707,579854,円
実収入,35～39歳,2003000808,449844,円
実収入,35～39歳,2003000909,425991,円
実収入,35～39歳,2003001010,447640,円
実収入,35～39歳,2003001111,431014,円
実収入,35～39歳,2003001212,934668,円
実収入,35～39歳,2004000101,446713,円
実収入,35～39歳,2004000202,441436,円
実収入,35～39歳,2004000303,446317,円
実収入,35～39歳,2004000404,451590,円
実収入,35～39歳,2004000505,412588,円
実収入,35～39歳,2004000606,645333,円
実収入,35～39歳,2004000707,584053,円
実収入,35～39歳,2004000808,446465,円
実収入,35～39歳,2004000909,426630,円
実収入,35～39歳,2004001010,447205,円
実収入,35～39歳,2004001111,441841,円
実収入,35～39歳,2004001212,895746,円
実収入,35～39歳,2005000101,430761,円
実収入,35～39歳,2005000202,448283,円
実収入,35～39歳,2005000303,422710,円
実収入,35～39歳,2005000404,437627,円
実収入,35～39歳,2005000505,417903,円
実収入,35～39歳,2005000606,738673,円
実収入,35～39歳,2005000707,562888,円
実収入,35～39歳,2005000808,439459,円
実収入,35～39歳,2005000909,425509,円
実収入,35～39歳,2005001010,433034,円
実収入,35～39歳,2005001111,410514,円
実収入,35～39歳,2005001212,852369,円
実収入,35～39歳,2006000101,420812,円
実収入,35～39歳,2006000202,415649,円
実収入,35～39歳,2006000303,404318,円
実収入,35～39歳,2006000404,412329,円
実収入,35～39歳,2006000505,405980,円
実収入,35～39歳,2006000606,689087,円
実収入,35～39歳,2006000707,572642,円
実収入,35～39歳,2006000808,445069,円
実収入,35～39歳,2006000909,421412,円
実収入,35～39歳,2006001010,462918,円
実収入,35～39歳,2006001111,436735,円
実収入,35～39歳,2006001212,917750,円
実収入,35～39歳,2007000101,433373,円
実収入,35～39歳,2007000202,433162,円
実収入,35～39歳,2007000303,415412,円
実収入,35～39歳,2007000404,417506,円
実収入,35～39歳,2007000505,405983,円
実収入,35～39歳,2007000606,704383,円
実収入,35～39歳,2007000707,568165,円
実収入,35～39歳,2007000808,426238,円
実収入,35～39歳,2007000909,402556,円
実収入,35～39歳,2007001010,438221,円
実収入,35～39歳,2007001111,425273,円
実収入,35～39歳,2007001212,911435,円
実収入,35～39歳,2008000101,408441,円
実収入,35～39歳,2008000202,442923,円
実収入,35～39歳,2008000303,429030,円
実収入,35～39歳,2008000404,435703,円
実収入,35～39歳,2008000505,429460,円
実収入,35～39歳,2008000606,694306,円
実収入,35～39歳,2008000707,553609,円
実収入,35～39歳,2008000808,432019,円
実収入,35～39歳,2008000909,409034,円
実収入,35～39歳,2008001010,433582,円
実収入,35～39歳,2008001111,421590,円
実収入,35～39歳,2008001212,908299,円
実収入,35～39歳,2009000101,426318,円
実収入,35～39歳,2009000202,413850,円
実収入,35～39歳,2009000303,408365,円
実収入,35～39歳,2009000404,420074,円
実収入,35～39歳,2009000505,413935,円
実収入,35～39歳,2009000606,638801,円
実収入,35～39歳,2009000707,543046,円
実収入,35～39歳,2009000808,415207,円
実収入,35～39歳,2009000909,416996,円
実収入,35～39歳,2009001010,418103,円
実収入,35～39歳,2009001111,415251,円
実収入,35～39歳,2009001212,854606,円
実収入,35～39歳,2010000101,419787,円
実収入,35～39歳,2010000202,417513,円
実収入,35～39歳,2010000303,411084,円
実収入,35～39歳,2010000404,428062,円
実収入,35～39歳,2010000505,393019,円
実収入,35～39歳,2010000606,696994,円
実収入,35～39歳,2010000707,543128,円
実収入,35～39歳,2010000808,426482,円
実収入,35～39歳,2010000909,407880,円
実収入,35～39歳,2010001010,478305,円
実収入,35～39歳,2010001111,436525,円
実収入,35～39歳,2010001212,885884,円
実収入,35～39歳,2011000101,427694,円
実収入,35～39歳,2011000202,467310,円
実収入,35～39歳,2011000303,415927,円
実収入,35～39歳,2011000404,420614,円
実収入,35～39歳,2011000505,392152,円
実収入,35～39歳,2011000606,628889,円
実収入,35～39歳,2011000707,556550,円
実収入,35～39歳,2011000808,397923,円
実収入,35～39歳,2011000909,393581,円
実収入,35～39歳,2011001010,447804,円
実収入,35～39歳,2011001111,396762,円
実収入,35～39歳,2011001212,804445,円
実収入,35～39歳,2012000101,425722,円
実収入,35～39歳,2012000202,465562,円
実収入,35～39歳,2012000303,433126,円
実収入,35～39歳,2012000404,450585,円
実収入,35～39歳,2012000505,413234,円
実収入,35～39歳,2012000606,683623,円
実収入,35～39歳,2012000707,551097,円
実収入,35～39歳,2012000808,417314,円
実収入,35～39歳,2012000909,414412,円
実収入,35～39歳,2012001010,456577,円
実収入,35～39歳,2012001111,413288,円
実収入,35～39歳,2012001212,835774,円
実収入,35～39歳,2013000101,416013,円
実収入,35～39歳,2013000202,450786,円
実収入,35～39歳,2013000303,419867,円
実収入,35～39歳,2013000404,420156,円
実収入,35～39歳,2013000505,398485,円
実収入,35～39歳,2013000606,679790,円
実収入,35～39歳,2013000707,534511,円
実収入,35～39歳,2013000808,423725,円
実収入,35～39歳,2013000909,397204,円
実収入,35～39歳,2013001010,459680,円
実収入,35～39歳,2013001111,412972,円
実収入,35～39歳,2013001212,854783,円
実収入,35～39歳,2014000101,431860,円
実収入,35～39歳,2014000202,464059,円
実収入,35～39歳,2014000303,452851,円
実収入,35～39歳,2014000404,444112,円
実収入,35～39歳,2014000505,419188,円
実収入,35～39歳,2014000606,652229,円
実収入,35～39歳,2014000707,541671,円
実収入,35～39歳,2014000808,438472,円
実収入,35～39歳,2014000909,410947,円
実収入,35～39歳,2014001010,471166,円
実収入,35～39歳,2014001111,419863,円
実収入,35～39歳,2014001212,951369,円
実収入,35～39歳,2015000101,451960,円
実収入,35～39歳,2015000202,484872,円
実収入,35～39歳,2015000303,441240,円
実収入,35～39歳,2015000404,440044,円
実収入,35～39歳,2015000505,447222,円
実収入,35～39歳,2015000606,676545,円
実収入,35～39歳,2015000707,602517,円
実収入,35～39歳,2015000808,440870,円
実収入,35～39歳,2015000909,419715,円
実収入,35～39歳,2015001010,480494,円
実収入,35～39歳,2015001111,445006,円
実収入,35～39歳,2015001212,971579,円
実収入,35～39歳,2016000101,445679,円
実収入,35～39歳,2016000202,495260,円
実収入,35～39歳,2016000303,466870,円
実収入,35～39歳,2016000404,440988,円
実収入,35～39歳,2016000505,434956,円
実収入,35～39歳,2016000606,681774,円
実収入,35～39歳,2016000707,603196,円
実収入,35～39歳,2016000808,422538,円
実収入,35～39歳,2016000909,403563,円
実収入,35～39歳,2016001010,462987,円
実収入,35～39歳,2016001111,402936,円
実収入,35～39歳,2016001212,889270,円
実収入,35～39歳,2017000101,418328,円
実収入,35～39歳,2017000202,456306,円
実収入,35～39歳,2017000303,404677,円
実収入,35～39歳,2017000404,419250,円
実収入,35～39歳,2017000505,397836,円
実収入,35～39歳,2017000606,620739,円
実収入,35～39歳,2017000707,568109,円
実収入,35～39歳,2017000808,425151,円
実収入,35～39歳,2017000909,406845,円
実収入,35～39歳,2017001010,473395,円
実収入,35～39歳,2017001111,444598,円
実収入,35～39歳,2017001212,890510,円
実収入,35～39歳,2018000101,432247,円
実収入,35～39歳,2018000202,491511,円
実収入,35～39歳,2018000303,454336,円
実収入,35～39歳,2018000404,476507,円
実収入,35～39歳,2018000505,459601,円
実収入,35～39歳,2018000606,756825,円
実収入,35～39歳,2018000707,621193,円
実収入,35～39歳,2018000808,474870,円
実収入,35～39歳,2018000909,461477,円
実収入,35～39歳,2018001010,509657,円
実収入,35～39歳,2018001111,466221,円
実収入,35～39歳,2018001212,1084650,円
実収入,35～39歳,2019000101,500256,円
実収入,35～39歳,2019000202,501757,円
実収入,35～39歳,2019000303,489102,円
実収入,35～39歳,2019000404,466481,円
実収入,35～39歳,2019000505,439745,円
実収入,35～39歳,2019000606,895344,円
実収入,35～39歳,2019000707,566341,円
実収入,35～39歳,2019000808,469417,円
実収入,35～39歳,2019000909,459284,円
実収入,35～39歳,2019001010,511223,円
実収入,35～39歳,2019001111,477104,円
実収入,35～39歳,2019001212,1033128,円
実収入,35～39歳,2020000101,508171,円
実収入,35～39歳,2020000202,535556,円
実収入,35～39歳,2020000303,501129,円
実収入,35～39歳,2020000404,494003,円
実収入,35～39歳,2020000505,515176,円
実収入,35～39歳,2020000606,1016403,円
実収入,35～39歳,2020000707,674219,円
実収入,35～39歳,2020000808,476284,円
実収入,35～39歳,2020000909,462709,円
実収入,35～39歳,2020001010,530452,円
実収入,35～39歳,2020001111,475026,円
実収入,35～39歳,2020001212,1047770,円
実収入,35～39歳,2021000101,470946,円
実収入,35～39歳,2021000202,519668,円
実収入,35～39歳,2021000303,473014,円
実収入,35～39歳,2021000404,464671,円
実収入,35～39歳,2021000505,476105,円
実収入,35～39歳,2021000606,830768,円
実収入,35～39歳,2021000707,628553,円
実収入,35～39歳,2021000808,476717,円
実収入,35～39歳,2021000909,460013,円
実収入,35～39歳,2021001010,518502,円
実収入,35～39歳,2021001111,458349,円
実収入,35～39歳,2021001212,1094981,円
実収入,35～39歳,2022000101,497219,円
実収入,35～39歳,2022000202,499330,円
実収入,35～39歳,2022000303,476240,円
実収入,35～39歳,2022000404,517008,円
実収入,35～39歳,2022000505,493176,円
実収入,35～39歳,2022000606,931895,円
実収入,35～39歳,2022000707,663983,円
実収入,35～39歳,2022000808,501286,円
実収入,35～39歳,2022000909,486159,円
実収入,35～39歳,2022001010,540115,円
実収入,35～39歳,2022001111,488922,円
実収入,35～39歳,2022001212,1186194,円
実収入,35～39歳,2023000101,503889,円
実収入,35～39歳,2023000202,531956,円
実収入,35～39歳,2023000303,501466,円
実収入,35～39歳,2023000404,483349,円
実収入,35～39歳,2023000505,455619,円
実収入,35～39歳,2023000606,866221,円
実収入,35～39歳,2023000707,617796,円
実収入,35～39歳,2023000808,468915,円
実収入,35～39歳,2023000909,469848,円
実収入,35～39歳,2023001010,548211,円
実収入,35～39歳,2023001111,491515,円
実収入,35～39歳,2023001212,1089235,円
実収入,35～39歳,2024000101,510823,円
実収入,35～39歳,2024000202,536333,円
実収入,35～39歳,2024000303,504915,円
実収入,35～39歳,2024000404,515798,円
実収入,35～39歳,2024000505,514141,円
実収入,35～39歳,2024000606,978871,円
実収入,35～39歳,2024000707,712922,円
実収入,35～39歳,2024000808,528843,円
実収入,35～39歳,2024000909,518266,円
実収入,35～39歳,2024001010,547648,円
実収入,35～39歳,2024001111,512168,円
実収入,35～39歳,2024001212,1164988,円
実収入,35～39歳,2025000101,521229,円
実収入,35～39歳,2025000202,550151,円
実収入,35～39歳,2025000303,539833,円
実収入,35～39歳,2025000404,556935,円
実収入,35～39歳,2025000505,595340,円
実収入,35～39歳,2025000606,1070450,円
実収入,35～39歳,2025000707,690250,円
実収入,35～39歳,2025000808,588510,円
実収入,35～39歳,2025000909,520102,円
実収入,35～39歳,2025001010,543208,円
実収入,35～39歳,2025001111,530101,円
実収入,35～39歳,2025001212,1273350,円
実収入,35～39歳,2026000101,532462,円
実収入,35～39歳,2026000202,558549,円
実収入,35～39歳,2026000303,537781,円
実収入,35～39歳,2026000404,563232,円
実収入,35～39歳,2026000505,538850,円
実収入,40～44歳,2000000101,479720,円
実収入,40～44歳,2000000202,477128,円
実収入,40～44歳,2000000303,525344,円
実収入,40～44歳,2000000404,511877,円
実収入,40～44歳,2000000505,478492,円
実収入,40～44歳,2000000606,834861,円
実収入,40～44歳,2000000707,666608,円
実収入,40～44歳,2000000808,519846,円
実収入,40～44歳,2000000909,466440,円
実収入,40～44歳,2000001010,488780,円
実収入,40～44歳,2000001111,489103,円
実収入,40～44歳,2000001212,1120333,円
実収入,40～44歳,2001000101,461971,円
実収入,40～44歳,2001000202,488811,円
実収入,40～44歳,2001000303,510828,円
実収入,40～44歳,2001000404,485598,円
実収入,40～44歳,2001000505,457342,円
実収入,40～44歳,2001000606,791795,円
実収入,40～44歳,2001000707,671479,円
実収入,40～44歳,2001000808,472200,円
実収入,40～44歳,2001000909,466215,円
実収入,40～44歳,2001001010,489651,円
実収入,40～44歳,2001001111,463327,円
実収入,40～44歳,2001001212,1048618,円
実収入,40～44歳,2002000101,472193,円
実収入,40～44歳,2002000202,492682,円
実収入,40～44歳,2002000303,535691,円
実収入,40～44歳,2002000404,489099,円
実収入,40～44歳,2002000505,465494,円
実収入,40～44歳,2002000606,806322,円
実収入,40～44歳,2002000707,596923,円
実収入,40～44歳,2002000808,493822,円
実収入,40～44歳,2002000909,452204,円
実収入,40～44歳,2002001010,476170,円
実収入,40～44歳,2002001111,454625,円
実収入,40～44歳,2002001212,1046662,円
実収入,40～44歳,2003000101,476799,円
実収入,40～44歳,2003000202,478936,円
実収入,40～44歳,2003000303,488153,円
実収入,40～44歳,2003000404,492205,円
実収入,40～44歳,2003000505,448993,円
実収入,40～44歳,2003000606,791700,円
実収入,40～44歳,2003000707,609797,円
実収入,40～44歳,2003000808,509697,円
実収入,40～44歳,2003000909,471180,円
実収入,40～44歳,2003001010,494551,円
実収入,40～44歳,2003001111,475762,円
実収入,40～44歳,2003001212,961009,円
実収入,40～44歳,2004000101,460719,円
実収入,40～44歳,2004000202,466006,円
実収入,40～44歳,2004000303,475694,円
実収入,40～44歳,2004000404,482942,円
実収入,40～44歳,2004000505,479259,円
実収入,40～44歳,2004000606,839805,円
実収入,40～44歳,2004000707,593432,円
実収入,40～44歳,2004000808,481049,円
実収入,40～44歳,2004000909,459680,円
実収入,40～44歳,2004001010,466731,円
実収入,40～44歳,2004001111,464331,円
実収入,40～44歳,2004001212,951116,円
実収入,40～44歳,2005000101,470892,円
実収入,40～44歳,2005000202,469107,円
実収入,40～44歳,2005000303,484657,円
実収入,40～44歳,2005000404,492163,円
実収入,40～44歳,2005000505,475000,円
実収入,40～44歳,2005000606,773812,円
実収入,40～44歳,2005000707,621794,円
実収入,40～44歳,2005000808,469234,円
実収入,40～44歳,2005000909,446499,円
実収入,40～44歳,2005001010,467715,円
実収入,40～44歳,2005001111,447137,円
実収入,40～44歳,2005001212,944183,円
実収入,40～44歳,2006000101,455629,円
実収入,40～44歳,2006000202,452617,円
実収入,40～44歳,2006000303,453420,円
実収入,40～44歳,2006000404,477993,円
実収入,40～44歳,2006000505,452261,円
実収入,40～44歳,2006000606,693719,円
実収入,40～44歳,2006000707,698316,円
実収入,40～44歳,2006000808,500385,円
実収入,40～44歳,2006000909,456725,円
実収入,40～44歳,2006001010,467506,円
実収入,40～44歳,2006001111,459532,円
実収入,40～44歳,2006001212,1113164,円
実収入,40～44歳,2007000101,463454,円
実収入,40～44歳,2007000202,465352,円
実収入,40～44歳,2007000303,476420,円
実収入,40～44歳,2007000404,485994,円
実収入,40～44歳,2007000505,472621,円
実収入,40～44歳,2007000606,818151,円
実収入,40～44歳,2007000707,671362,円
実収入,40～44歳,2007000808,474540,円
実収入,40～44歳,2007000909,473944,円
実収入,40～44歳,2007001010,478092,円
実収入,40～44歳,2007001111,465595,円
実収入,40～44歳,2007001212,1063564,円
実収入,40～44歳,2008000101,483283,円
実収入,40～44歳,2008000202,491624,円
実収入,40～44歳,2008000303,493017,円
実収入,40～44歳,2008000404,481140,円
実収入,40～44歳,2008000505,471624,円
実収入,40～44歳,2008000606,848337,円
実収入,40～44歳,2008000707,631995,円
実収入,40～44歳,2008000808,481576,円
実収入,40～44歳,2008000909,433954,円
実収入,40～44歳,2008001010,488210,円
実収入,40～44歳,2008001111,448786,円
実収入,40～44歳,2008001212,1063432,円
実収入,40～44歳,2009000101,463483,円
実収入,40～44歳,2009000202,466743,円
実収入,40～44歳,2009000303,480389,円
実収入,40～44歳,2009000404,498051,円
実収入,40～44歳,2009000505,467174,円
実収入,40～44歳,2009000606,821416,円
実収入,40～44歳,2009000707,621876,円
実収入,40～44歳,2009000808,482263,円
実収入,40～44歳,2009000909,448090,円
実収入,40～44歳,2009001010,462160,円
実収入,40～44歳,2009001111,466169,円
実収入,40～44歳,2009001212,930502,円
実収入,40～44歳,2010000101,466901,円
実収入,40～44歳,2010000202,459003,円
実収入,40～44歳,2010000303,470548,円
実収入,40～44歳,2010000404,510993,円
実収入,40～44歳,2010000505,462292,円
実収入,40～44歳,2010000606,796430,円
実収入,40～44歳,2010000707,644669,円
実収入,40～44歳,2010000808,486898,円
実収入,40～44歳,2010000909,458868,円
実収入,40～44歳,2010001010,534568,円
実収入,40～44歳,2010001111,475039,円
実収入,40～44歳,2010001212,953095,円
実収入,40～44歳,2011000101,442259,円
実収入,40～44歳,2011000202,504780,円
実収入,40～44歳,2011000303,453894,円
実収入,40～44歳,2011000404,476073,円
実収入,40～44歳,2011000505,450380,円
実収入,40～44歳,2011000606,802469,円
実収入,40～44歳,2011000707,611349,円
実収入,40～44歳,2011000808,458333,円
実収入,40～44歳,2011000909,436986,円
実収入,40～44歳,2011001010,491375,円
実収入,40～44歳,2011001111,441557,円
実収入,40～44歳,2011001212,988204,円
実収入,40～44歳,2012000101,458966,円
実収入,40～44歳,2012000202,494020,円
実収入,40～44歳,2012000303,461828,円
実収入,40～44歳,2012000404,465062,円
実収入,40～44歳,2012000505,434206,円
実収入,40～44歳,2012000606,715192,円
実収入,40～44歳,2012000707,629610,円
実収入,40～44歳,2012000808,447107,円
実収入,40～44歳,2012000909,433601,円
実収入,40～44歳,2012001010,486895,円
実収入,40～44歳,2012001111,454625,円
実収入,40～44歳,2012001212,997476,円
実収入,40～44歳,2013000101,469098,円
実収入,40～44歳,2013000202,496698,円
実収入,40～44歳,2013000303,461624,円
実収入,40～44歳,2013000404,486547,円
実収入,40～44歳,2013000505,441945,円
実収入,40～44歳,2013000606,777146,円
実収入,40～44歳,2013000707,600371,円
実収入,40～44歳,2013000808,450171,円
実収入,40～44歳,2013000909,445343,円
実収入,40～44歳,2013001010,475261,円
実収入,40～44歳,2013001111,468895,円
実収入,40～44歳,2013001212,933170,円
実収入,40～44歳,2014000101,478866,円
実収入,40～44歳,2014000202,498816,円
実収入,40～44歳,2014000303,458454,円
実収入,40～44歳,2014000404,478648,円
実収入,40～44歳,2014000505,449560,円
実収入,40～44歳,2014000606,749819,円
実収入,40～44歳,2014000707,600674,円
実収入,40～44歳,2014000808,475156,円
実収入,40～44歳,2014000909,463368,円
実収入,40～44歳,2014001010,517814,円
実収入,40～44歳,2014001111,466068,円
実収入,40～44歳,2014001212,1027180,円
実収入,40～44歳,2015000101,458441,円
実収入,40～44歳,2015000202,504877,円
実収入,40～44歳,2015000303,474358,円
実収入,40～44歳,2015000404,498752,円
実収入,40～44歳,2015000505,468490,円
実収入,40～44歳,2015000606,795386,円
実収入,40～44歳,2015000707,688639,円
実収入,40～44歳,2015000808,480837,円
実収入,40～44歳,2015000909,452457,円
実収入,40～44歳,2015001010,508563,円
実収入,40～44歳,2015001111,467095,円
実収入,40～44歳,2015001212,978923,円
実収入,40～44歳,2016000101,467670,円
実収入,40～44歳,2016000202,497992,円
実収入,40～44歳,2016000303,466990,円
実収入,40～44歳,2016000404,470089,円
実収入,40～44歳,2016000505,443405,円
実収入,40～44歳,2016000606,790739,円
実収入,40～44歳,2016000707,585411,円
実収入,40～44歳,2016000808,465798,円
実収入,40～44歳,2016000909,452523,円
実収入,40～44歳,2016001010,497365,円
実収入,40～44歳,2016001111,451228,円
実収入,40～44歳,2016001212,994821,円
実収入,40～44歳,2017000101,482459,円
実収入,40～44歳,2017000202,515500,円
実収入,40～44歳,2017000303,488029,円
実収入,40～44歳,2017000404,493085,円
実収入,40～44歳,2017000505,450977,円
実収入,40～44歳,2017000606,845511,円
実収入,40～44歳,2017000707,645386,円
実収入,40～44歳,2017000808,478385,円
実収入,40～44歳,2017000909,461706,円
実収入,40～44歳,2017001010,493797,円
実収入,40～44歳,2017001111,458761,円
実収入,40～44歳,2017001212,1034053,円
実収入,40～44歳,2018000101,498852,円
実収入,40～44歳,2018000202,507873,円
実収入,40～44歳,2018000303,494469,円
実収入,40～44歳,2018000404,477286,円
実収入,40～44歳,2018000505,463335,円
実収入,40～44歳,2018000606,849851,円
実収入,40～44歳,2018000707,641115,円
実収入,40～44歳,2018000808,498676,円
実収入,40～44歳,2018000909,457979,円
実収入,40～44歳,2018001010,506116,円
実収入,40～44歳,2018001111,481989,円
実収入,40～44歳,2018001212,1045485,円
実収入,40～44歳,2019000101,493619,円
実収入,40～44歳,2019000202,524688,円
実収入,40～44歳,2019000303,501581,円
実収入,40～44歳,2019000404,515407,円
実収入,40～44歳,2019000505,470461,円
実収入,40～44歳,2019000606,842844,円
実収入,40～44歳,2019000707,723612,円
実収入,40～44歳,2019000808,512256,円
実収入,40～44歳,2019000909,498690,円
実収入,40～44歳,2019001010,527019,円
実収入,40～44歳,2019001111,503127,円
実収入,40～44歳,2019001212,1166328,円
実収入,40～44歳,2020000101,516316,円
実収入,40～44歳,2020000202,539976,円
実収入,40～44歳,2020000303,529868,円
実収入,40～44歳,2020000404,537352,円
実収入,40～44歳,2020000505,548295,円
実収入,40～44歳,2020000606,1068968,円
実収入,40～44歳,2020000707,769733,円
実収入,40～44歳,2020000808,524008,円
実収入,40～44歳,2020000909,506186,円
実収入,40～44歳,2020001010,557840,円
実収入,40～44歳,2020001111,522532,円
実収入,40～44歳,2020001212,1079219,円
実収入,40～44歳,2021000101,521525,円
実収入,40～44歳,2021000202,555578,円
実収入,40～44歳,2021000303,529263,円
実収入,40～44歳,2021000404,531809,円
実収入,40～44歳,2021000505,516704,円
実収入,40～44歳,2021000606,940901,円
実収入,40～44歳,2021000707,694038,円
実収入,40～44歳,2021000808,579810,円
実収入,40～44歳,2021000909,511692,円
実収入,40～44歳,2021001010,562155,円
実収入,40～44歳,2021001111,516956,円
実収入,40～44歳,2021001212,1189447,円
実収入,40～44歳,2022000101,527350,円
実収入,40～44歳,2022000202,553369,円
実収入,40～44歳,2022000303,558654,円
実収入,40～44歳,2022000404,519212,円
実収入,40～44歳,2022000505,518178,円
実収入,40～44歳,2022000606,920193,円
実収入,40～44歳,2022000707,686517,円
実収入,40～44歳,2022000808,594981,円
実収入,40～44歳,2022000909,531831,円
実収入,40～44歳,2022001010,579699,円
実収入,40～44歳,2022001111,530333,円
実収入,40～44歳,2022001212,1228864,円
実収入,40～44歳,2023000101,538244,円
実収入,40～44歳,2023000202,562741,円
実収入,40～44歳,2023000303,539905,円
実収入,40～44歳,2023000404,549572,円
実収入,40～44歳,2023000505,540848,円
実収入,40～44歳,2023000606,983614,円
実収入,40～44歳,2023000707,712765,円
実収入,40～44歳,2023000808,535463,円
実収入,40～44歳,2023000909,529194,円
実収入,40～44歳,2023001010,573133,円
実収入,40～44歳,2023001111,517243,円
実収入,40～44歳,2023001212,1144570,円
実収入,40～44歳,2024000101,533804,円
実収入,40～44歳,2024000202,560990,円
実収入,40～44歳,2024000303,556919,円
実収入,40～44歳,2024000404,560022,円
実収入,40～44歳,2024000505,546853,円
実収入,40～44歳,2024000606,1019624,円
実収入,40～44歳,2024000707,822938,円
実収入,40～44歳,2024000808,565235,円
実収入,40～44歳,2024000909,519840,円
実収入,40～44歳,2024001010,615977,円
実収入,40～44歳,2024001111,570544,円
実収入,40～44歳,2024001212,1358936,円
実収入,40～44歳,2025000101,572564,円
実収入,40～44歳,2025000202,620730,円
実収入,40～44歳,2025000303,611959,円
実収入,40～44歳,2025000404,634198,円
実収入,40～44歳,2025000505,578474,円
実収入,40～44歳,2025000606,1147883,円
実収入,40～44歳,2025000707,773171,円
実収入,40～44歳,2025000808,649301,円
実収入,40～44歳,2025000909,562031,円
実収入,40～44歳,2025001010,589671,円
実収入,40～44歳,2025001111,551760,円
実収入,40～44歳,2025001212,1286717,円
実収入,40～44歳,2026000101,573075,円
実収入,40～44歳,2026000202,593428,円
実収入,40～44歳,2026000303,612483,円
実収入,40～44歳,2026000404,636524,円
実収入,40～44歳,2026000505,616809,円
実収入,45～49歳,2000000101,523026,円
実収入,45～49歳,2000000202,521499,円
実収入,45～49歳,2000000303,553491,円
実収入,45～49歳,2000000404,549672,円
実収入,45～49歳,2000000505,502534,円
実収入,45～49歳,2000000606,806169,円
実収入,45～49歳,2000000707,728548,円
実収入,45～49歳,2000000808,545018,円
実収入,45～49歳,2000000909,502693,円
実収入,45～49歳,2000001010,531795,円
実収入,45～49歳,2000001111,515904,円
実収入,45～49歳,2000001212,1224912,円
実収入,45～49歳,2001000101,513096,円
実収入,45～49歳,2001000202,521225,円
実収入,45～49歳,2001000303,555701,円
実収入,45～49歳,2001000404,518947,円
実収入,45～49歳,2001000505,507085,円
実収入,45～49歳,2001000606,897448,円
実収入,45～49歳,2001000707,695945,円
実収入,45～49歳,2001000808,527896,円
実収入,45～49歳,2001000909,498302,円
実収入,45～49歳,2001001010,527716,円
実収入,45～49歳,2001001111,505697,円
実収入,45～49歳,2001001212,1103687,円
実収入,45～49歳,2002000101,498151,円
実収入,45～49歳,2002000202,504697,円
実収入,45～49歳,2002000303,538869,円
実収入,45～49歳,2002000404,513895,円
実収入,45～49歳,2002000505,473648,円
実収入,45～49歳,2002000606,874398,円
実収入,45～49歳,2002000707,630817,円
実収入,45～49歳,2002000808,512830,円
実収入,45～49歳,2002000909,484173,円
実収入,45～49歳,2002001010,493332,円
実収入,45～49歳,2002001111,496270,円
実収入,45～49歳,2002001212,1090801,円
実収入,45～49歳,2003000101,487972,円
実収入,45～49歳,2003000202,472548,円
実収入,45～49歳,2003000303,517340,円
実収入,45～49歳,2003000404,509453,円
実収入,45～49歳,2003000505,477729,円
実収入,45～49歳,2003000606,864729,円
実収入,45～49歳,2003000707,645857,円
実収入,45～49歳,2003000808,514729,円
実収入,45～49歳,2003000909,484274,円
実収入,45～49歳,2003001010,510905,円
実収入,45～49歳,2003001111,495187,円
実収入,45～49歳,2003001212,1129233,円
実収入,45～49歳,2004000101,527524,円
実収入,45～49歳,2004000202,543715,円
実収入,45～49歳,2004000303,544695,円
実収入,45～49歳,2004000404,540043,円
実収入,45～49歳,2004000505,521306,円
実収入,45～49歳,2004000606,862820,円
実収入,45～49歳,2004000707,781778,円
実収入,45～49歳,2004000808,521168,円
実収入,45～49歳,2004000909,502328,円
実収入,45～49歳,2004001010,511774,円
実収入,45～49歳,2004001111,519745,円
実収入,45～49歳,2004001212,1125860,円
実収入,45～49歳,2005000101,524202,円
実収入,45～49歳,2005000202,510137,円
実収入,45～49歳,2005000303,525597,円
実収入,45～49歳,2005000404,540928,円
実収入,45～49歳,2005000505,499106,円
実収入,45～49歳,2005000606,838366,円
実収入,45～49歳,2005000707,663651,円
実収入,45～49歳,2005000808,501944,円
実収入,45～49歳,2005000909,477151,円
実収入,45～49歳,2005001010,501980,円
実収入,45～49歳,2005001111,487662,円
実収入,45～49歳,2005001212,1109962,円
実収入,45～49歳,2006000101,503466,円
実収入,45～49歳,2006000202,507087,円
実収入,45～49歳,2006000303,499559,円
実収入,45～49歳,2006000404,520253,円
実収入,45～49歳,2006000505,486402,円
実収入,45～49歳,2006000606,818051,円
実収入,45～49歳,2006000707,772415,円
実収入,45～49歳,2006000808,538463,円
実収入,45～49歳,2006000909,492114,円
実収入,45～49歳,2006001010,513715,円
実収入,45～49歳,2006001111,502270,円
実収入,45～49歳,2006001212,1132705,円
実収入,45～49歳,2007000101,506650,円
実収入,45～49歳,2007000202,525344,円
実収入,45～49歳,2007000303,532626,円
実収入,45～49歳,2007000404,533330,円
実収入,45～49歳,2007000505,494891,円
実収入,45～49歳,2007000606,823688,円
実収入,45～49歳,2007000707,694061,円
実収入,45～49歳,2007000808,505256,円
実収入,45～49歳,2007000909,489690,円
実収入,45～49歳,2007001010,518379,円
実収入,45～49歳,2007001111,498290,円
実収入,45～49歳,2007001212,1140127,円
実収入,45～49歳,2008000101,511255,円
実収入,45～49歳,2008000202,513011,円
実収入,45～49歳,2008000303,517956,円
実収入,45～49歳,2008000404,529395,円
実収入,45～49歳,2008000505,495342,円
実収入,45～49歳,2008000606,886899,円
実収入,45～49歳,2008000707,724812,円
実収入,45～49歳,2008000808,542204,円
実収入,45～49歳,2008000909,501937,円
実収入,45～49歳,2008001010,521503,円
実収入,45～49歳,2008001111,512490,円
実収入,45～49歳,2008001212,1158399,円
実収入,45～49歳,2009000101,511216,円
実収入,45～49歳,2009000202,490661,円
実収入,45～49歳,2009000303,491536,円
実収入,45～49歳,2009000404,512436,円
実収入,45～49歳,2009000505,495042,円
実収入,45～49歳,2009000606,801088,円
実収入,45～49歳,2009000707,665104,円
実収入,45～49歳,2009000808,501171,円
実収入,45～49歳,2009000909,474301,円
実収入,45～49歳,2009001010,499955,円
実収入,45～49歳,2009001111,487848,円
実収入,45～49歳,2009001212,1071184,円
実収入,45～49歳,2010000101,507172,円
実収入,45～49歳,2010000202,513687,円
実収入,45～49歳,2010000303,518086,円
実収入,45～49歳,2010000404,532149,円
実収入,45～49歳,2010000505,513623,円
実収入,45～49歳,2010000606,883179,円
実収入,45～49歳,2010000707,657753,円
実収入,45～49歳,2010000808,523355,円
実収入,45～49歳,2010000909,479206,円
実収入,45～49歳,2010001010,542017,円
実収入,45～49歳,2010001111,481592,円
実収入,45～49歳,2010001212,1097736,円
実収入,45～49歳,2011000101,489999,円
実収入,45～49歳,2011000202,531969,円
実収入,45～49歳,2011000303,494920,円
実収入,45～49歳,2011000404,507453,円
実収入,45～49歳,2011000505,471863,円
実収入,45～49歳,2011000606,787765,円
実収入,45～49歳,2011000707,654352,円
実収入,45～49歳,2011000808,502364,円
実収入,45～49歳,2011000909,481671,円
実収入,45～49歳,2011001010,538390,円
実収入,45～49歳,2011001111,504527,円
実収入,45～49歳,2011001212,1070531,円
実収入,45～49歳,2012000101,503065,円
実収入,45～49歳,2012000202,517212,円
実収入,45～49歳,2012000303,500657,円
実収入,45～49歳,2012000404,500309,円
実収入,45～49歳,2012000505,464136,円
実収入,45～49歳,2012000606,738795,円
実収入,45～49歳,2012000707,607054,円
実収入,45～49歳,2012000808,478870,円
実収入,45～49歳,2012000909,463117,円
実収入,45～49歳,2012001010,499933,円
実収入,45～49歳,2012001111,470240,円
実収入,45～49歳,2012001212,1015252,円
実収入,45～49歳,2013000101,497859,円
実収入,45～49歳,2013000202,507047,円
実収入,45～49歳,2013000303,492002,円
実収入,45～49歳,2013000404,511113,円
実収入,45～49歳,2013000505,485523,円
実収入,45～49歳,2013000606,827761,円
実収入,45～49歳,2013000707,682552,円
実収入,45～49歳,2013000808,509755,円
実収入,45～49歳,2013000909,502025,円
実収入,45～49歳,2013001010,540744,円
実収入,45～49歳,2013001111,511471,円
実収入,45～49歳,2013001212,1088725,円
実収入,45～49歳,2014000101,514112,円
実収入,45～49歳,2014000202,516003,円
実収入,45～49歳,2014000303,491938,円
実収入,45～49歳,2014000404,490485,円
実収入,45～49歳,2014000505,462568,円
実収入,45～49歳,2014000606,789087,円
実収入,45～49歳,2014000707,598850,円
実収入,45～49歳,2014000808,494229,円
実収入,45～49歳,2014000909,470457,円
実収入,45～49歳,2014001010,508972,円
実収入,45～49歳,2014001111,487087,円
実収入,45～49歳,2014001212,1097448,円
実収入,45～49歳,2015000101,521332,円
実収入,45～49歳,2015000202,518535,円
実収入,45～49歳,2015000303,516812,円
実収入,45～49歳,2015000404,502984,円
実収入,45～49歳,2015000505,480971,円
実収入,45～49歳,2015000606,823637,円
実収入,45～49歳,2015000707,689139,円
実収入,45～49歳,2015000808,511287,円
実収入,45～49歳,2015000909,477392,円
実収入,45～49歳,2015001010,524459,円
実収入,45～49歳,2015001111,470481,円
実収入,45～49歳,2015001212,1053816,円
実収入,45～49歳,2016000101,507026,円
実収入,45～49歳,2016000202,497577,円
実収入,45～49歳,2016000303,490453,円
実収入,45～49歳,2016000404,518978,円
実収入,45～49歳,2016000505,473573,円
実収入,45～49歳,2016000606,791156,円
実収入,45～49歳,2016000707,671120,円
実収入,45～49歳,2016000808,511815,円
実収入,45～49歳,2016000909,464826,円
実収入,45～49歳,2016001010,499360,円
実収入,45～49歳,2016001111,487244,円
実収入,45～49歳,2016001212,1030202,円
実収入,45～49歳,2017000101,519758,円
実収入,45～49歳,2017000202,521162,円
実収入,45～49歳,2017000303,529314,円
実収入,45～49歳,2017000404,522989,円
実収入,45～49歳,2017000505,493525,円
実収入,45～49歳,2017000606,884943,円
実収入,45～49歳,2017000707,720504,円
実収入,45～49歳,2017000808,524509,円
実収入,45～49歳,2017000909,504425,円
実収入,45～49歳,2017001010,557126,円
実収入,45～49歳,2017001111,522174,円
実収入,45～49歳,2017001212,1155374,円
実収入,45～49歳,2018000101,514797,円
実収入,45～49歳,2018000202,533607,円
実収入,45～49歳,2018000303,518616,円
実収入,45～49歳,2018000404,526575,円
実収入,45～49歳,2018000505,489859,円
実収入,45～49歳,2018000606,945340,円
実収入,45～49歳,2018000707,706039,円
実収入,45～49歳,2018000808,526964,円
実収入,45～49歳,2018000909,504536,円
実収入,45～49歳,2018001010,540158,円
実収入,45～49歳,2018001111,527170,円
実収入,45～49歳,2018001212,1170667,円
実収入,45～49歳,2019000101,526567,円
実収入,45～49歳,2019000202,553287,円
実収入,45～49歳,2019000303,531799,円
実収入,45～49歳,2019000404,558389,円
実収入,45～49歳,2019000505,525499,円
実収入,45～49歳,2019000606,1029119,円
実収入,45～49歳,2019000707,708457,円
実収入,45～49歳,2019000808,529474,円
実収入,45～49歳,2019000909,499151,円
実収入,45～49歳,2019001010,549326,円
実収入,45～49歳,2019001111,517021,円
実収入,45～49歳,2019001212,1153178,円
実収入,45～49歳,2020000101,566285,円
実収入,45～49歳,2020000202,587879,円
実収入,45～49歳,2020000303,570592,円
実収入,45～49歳,2020000404,560154,円
実収入,45～49歳,2020000505,581669,円
実収入,45～49歳,2020000606,1202770,円
実収入,45～49歳,2020000707,781680,円
実収入,45～49歳,2020000808,562520,円
実収入,45～49歳,2020000909,533281,円
実収入,45～49歳,2020001010,579426,円
実収入,45～49歳,2020001111,510403,円
実収入,45～49歳,2020001212,1146642,円
実収入,45～49歳,2021000101,528490,円
実収入,45～49歳,2021000202,536845,円
実収入,45～49歳,2021000303,513045,円
実収入,45～49歳,2021000404,555641,円
実収入,45～49歳,2021000505,532712,円
実収入,45～49歳,2021000606,969405,円
実収入,45～49歳,2021000707,772494,円
実収入,45～49歳,2021000808,569745,円
実収入,45～49歳,2021000909,534778,円
実収入,45～49歳,2021001010,581178,円
実収入,45～49歳,2021001111,533386,円
実収入,45～49歳,2021001212,1259385,円
実収入,45～49歳,2022000101,544323,円
実収入,45～49歳,2022000202,557712,円
実収入,45～49歳,2022000303,556552,円
実収入,45～49歳,2022000404,544581,円
実収入,45～49歳,2022000505,542100,円
実収入,45～49歳,2022000606,994526,円
実収入,45～49歳,2022000707,714888,円
実収入,45～49歳,2022000808,600869,円
実収入,45～49歳,2022000909,562860,円
実収入,45～49歳,2022001010,584592,円
実収入,45～49歳,2022001111,561366,円
実収入,45～49歳,2022001212,1329247,円
実収入,45～49歳,2023000101,564950,円
実収入,45～49歳,2023000202,591245,円
実収入,45～49歳,2023000303,560694,円
実収入,45～49歳,2023000404,604997,円
実収入,45～49歳,2023000505,540078,円
実収入,45～49歳,2023000606,995749,円
実収入,45～49歳,2023000707,761912,円
実収入,45～49歳,2023000808,541993,円
実収入,45～49歳,2023000909,550819,円
実収入,45～49歳,2023001010,578025,円
実収入,45～49歳,2023001111,552812,円
実収入,45～49歳,2023001212,1233469,円
実収入,45～49歳,2024000101,536920,円
実収入,45～49歳,2024000202,595851,円
実収入,45～49歳,2024000303,598326,円
実収入,45～49歳,2024000404,595320,円
実収入,45～49歳,2024000505,568071,円
実収入,45～49歳,2024000606,1094694,円
実収入,45～49歳,2024000707,825137,円
実収入,45～49歳,2024000808,603711,円
実収入,45～49歳,2024000909,548287,円
実収入,45～49歳,2024001010,617522,円
実収入,45～49歳,2024001111,599185,円
実収入,45～49歳,2024001212,1375959,円
実収入,45～49歳,2025000101,560966,円
実収入,45～49歳,2025000202,571657,円
実収入,45～49歳,2025000303,581315,円
実収入,45～49歳,2025000404,605652,円
実収入,45～49歳,2025000505,568019,円
実収入,45～49歳,2025000606,976199,円
実収入,45～49歳,2025000707,799628,円
実収入,45～49歳,2025000808,637315,円
実収入,45～49歳,2025000909,566286,円
実収入,45～49歳,2025001010,663372,円
実収入,45～49歳,2025001111,607448,円
実収入,45～49歳,2025001212,1414769,円
実収入,45～49歳,2026000101,626209,円
実収入,45～49歳,2026000202,634775,円
実収入,45～49歳,2026000303,655651,円
実収入,45～49歳,2026000404,630748,円
実収入,45～49歳,2026000505,589346,円
実収入,50～54歳,2000000101,554873,円
実収入,50～54歳,2000000202,561422,円
実収入,50～54歳,2000000303,614440,円
実収入,50～54歳,2000000404,577325,円
実収入,50～54歳,2000000505,556491,円
実収入,50～54歳,2000000606,933376,円
実収入,50～54歳,2000000707,791056,円
実収入,50～54歳,2000000808,568250,円
実収入,50～54歳,2000000909,519478,円
実収入,50～54歳,2000001010,537169,円
実収入,50～54歳,2000001111,520174,円
実収入,50～54歳,2000001212,1182716,円
実収入,50～54歳,2001000101,524362,円
実収入,50～54歳,2001000202,539320,円
実収入,50～54歳,2001000303,572011,円
実収入,50～54歳,2001000404,552576,円
実収入,50～54歳,2001000505,544743,円
実収入,50～54歳,2001000606,884828,円
実収入,50～54歳,2001000707,772223,円
実収入,50～54歳,2001000808,559907,円
実収入,50～54歳,2001000909,526381,円
実収入,50～54歳,2001001010,546172,円
実収入,50～54歳,2001001111,552292,円
実収入,50～54歳,2001001212,1206985,円
実収入,50～54歳,2002000101,537241,円
実収入,50～54歳,2002000202,540952,円
実収入,50～54歳,2002000303,600718,円
実収入,50～54歳,2002000404,544395,円
実収入,50～54歳,2002000505,537189,円
実収入,50～54歳,2002000606,884426,円
実収入,50～54歳,2002000707,679801,円
実収入,50～54歳,2002000808,540304,円
実収入,50～54歳,2002000909,532742,円
実収入,50～54歳,2002001010,530486,円
実収入,50～54歳,2002001111,525350,円
実収入,50～54歳,2002001212,1100691,円
実収入,50～54歳,2003000101,500574,円
実収入,50～54歳,2003000202,505032,円
実収入,50～54歳,2003000303,515065,円
実収入,50～54歳,2003000404,528007,円
実収入,50～54歳,2003000505,493554,円
実収入,50～54歳,2003000606,838113,円
実収入,50～54歳,2003000707,679711,円
実収入,50～54歳,2003000808,511178,円
実収入,50～54歳,2003000909,492784,円
実収入,50～54歳,2003001010,503721,円
実収入,50～54歳,2003001111,505316,円
実収入,50～54歳,2003001212,1139465,円
実収入,50～54歳,2004000101,534390,円
実収入,50～54歳,2004000202,517528,円
実収入,50～54歳,2004000303,510836,円
実収入,50～54歳,2004000404,537177,円
実収入,50～54歳,2004000505,507664,円
実収入,50～54歳,2004000606,817830,円
実収入,50～54歳,2004000707,646248,円
実収入,50～54歳,2004000808,537296,円
実収入,50～54歳,2004000909,504587,円
実収入,50～54歳,2004001010,514069,円
実収入,50～54歳,2004001111,504378,円
実収入,50～54歳,2004001212,1106216,円
実収入,50～54歳,2005000101,512185,円
実収入,50～54歳,2005000202,508826,円
実収入,50～54歳,2005000303,518961,円
実収入,50～54歳,2005000404,548032,円
実収入,50～54歳,2005000505,526795,円
実収入,50～54歳,2005000606,818522,円
実収入,50～54歳,2005000707,695913,円
実収入,50～54歳,2005000808,520044,円
実収入,50～54歳,2005000909,501409,円
実収入,50～54歳,2005001010,523773,円
実収入,50～54歳,2005001111,492927,円
実収入,50～54歳,2005001212,1065059,円
実収入,50～54歳,2006000101,516784,円
実収入,50～54歳,2006000202,519653,円
実収入,50～54歳,2006000303,511955,円
実収入,50～54歳,2006000404,531808,円
実収入,50～54歳,2006000505,500521,円
実収入,50～54歳,2006000606,845707,円
実収入,50～54歳,2006000707,689276,円
実収入,50～54歳,2006000808,524222,円
実収入,50～54歳,2006000909,483862,円
実収入,50～54歳,2006001010,490778,円
実収入,50～54歳,2006001111,498478,円
実収入,50～54歳,2006001212,1092041,円
実収入,50～54歳,2007000101,488835,円
実収入,50～54歳,2007000202,515536,円
実収入,50～54歳,2007000303,511455,円
実収入,50～54歳,2007000404,526285,円
実収入,50～54歳,2007000505,512522,円
実収入,50～54歳,2007000606,919046,円
実収入,50～54歳,2007000707,706612,円
実収入,50～54歳,2007000808,531275,円
実収入,50～54歳,2007000909,514230,円
実収入,50～54歳,2007001010,532780,円
実収入,50～54歳,2007001111,515666,円
実収入,50～54歳,2007001212,1174051,円
実収入,50～54歳,2008000101,522695,円
実収入,50～54歳,2008000202,544443,円
実収入,50～54歳,2008000303,555376,円
実収入,50～54歳,2008000404,544818,円
実収入,50～54歳,2008000505,512862,円
実収入,50～54歳,2008000606,929442,円
実収入,50～54歳,2008000707,675989,円
実収入,50～54歳,2008000808,568841,円
実収入,50～54歳,2008000909,522075,円
実収入,50～54歳,2008001010,536174,円
実収入,50～54歳,2008001111,521533,円
実収入,50～54歳,2008001212,1174692,円
実収入,50～54歳,2009000101,513702,円
実収入,50～54歳,2009000202,544797,円
実収入,50～54歳,2009000303,553120,円
実収入,50～54歳,2009000404,562329,円
実収入,50～54歳,2009000505,527556,円
実収入,50～54歳,2009000606,848686,円
実収入,50～54歳,2009000707,731739,円
実収入,50～54歳,2009000808,528458,円
実収入,50～54歳,2009000909,482495,円
実収入,50～54歳,2009001010,511053,円
実収入,50～54歳,2009001111,490609,円
実収入,50～54歳,2009001212,1130689,円
実収入,50～54歳,2010000101,508482,円
実収入,50～54歳,2010000202,533261,円
実収入,50～54歳,2010000303,522304,円
実収入,50～54歳,2010000404,516088,円
実収入,50～54歳,2010000505,489740,円
実収入,50～54歳,2010000606,887286,円
実収入,50～54歳,2010000707,678106,円
実収入,50～54歳,2010000808,532585,円
実収入,50～54歳,2010000909,524588,円
実収入,50～54歳,2010001010,542917,円
実収入,50～54歳,2010001111,510242,円
実収入,50～54歳,2010001212,1132572,円
実収入,50～54歳,2011000101,498581,円
実収入,50～54歳,2011000202,501103,円
実収入,50～54歳,2011000303,491168,円
実収入,50～54歳,2011000404,502732,円
実収入,50～54歳,2011000505,465471,円
実収入,50～54歳,2011000606,778435,円
実収入,50～54歳,2011000707,687414,円
実収入,50～54歳,2011000808,530676,円
実収入,50～54歳,2011000909,515041,円
実収入,50～54歳,2011001010,525078,円
実収入,50～54歳,2011001111,521277,円
実収入,50～54歳,2011001212,1145348,円
実収入,50～54歳,2012000101,534465,円
実収入,50～54歳,2012000202,542072,円
実収入,50～54歳,2012000303,515798,円
実収入,50～54歳,2012000404,523025,円
実収入,50～54歳,2012000505,492792,円
実収入,50～54歳,2012000606,867920,円
実収入,50～54歳,2012000707,697186,円
実収入,50～54歳,2012000808,546678,円
実収入,50～54歳,2012000909,517552,円
実収入,50～54歳,2012001010,531167,円
実収入,50～54歳,2012001111,524965,円
実収入,50～54歳,2012001212,1076614,円
実収入,50～54歳,2013000101,510176,円
実収入,50～54歳,2013000202,510581,円
実収入,50～54歳,2013000303,544267,円
実収入,50～54歳,2013000404,551575,円
実収入,50～54歳,2013000505,506164,円
実収入,50～54歳,2013000606,839706,円
実収入,50～54歳,2013000707,671662,円
実収入,50～54歳,2013000808,527365,円
実収入,50～54歳,2013000909,512777,円
実収入,50～54歳,2013001010,518653,円
実収入,50～54歳,2013001111,513050,円
実収入,50～54歳,2013001212,1140790,円
実収入,50～54歳,2014000101,512015,円
実収入,50～54歳,2014000202,512449,円
実収入,50～54歳,2014000303,504760,円
実収入,50～54歳,2014000404,516713,円
実収入,50～54歳,2014000505,503376,円
実収入,50～54歳,2014000606,887499,円
実収入,50～54歳,2014000707,682253,円
実収入,50～54歳,2014000808,535058,円
実収入,50～54歳,2014000909,514184,円
実収入,50～54歳,2014001010,537723,円
実収入,50～54歳,2014001111,526750,円
実収入,50～54歳,2014001212,1120844,円
実収入,50～54歳,2015000101,500659,円
実収入,50～54歳,2015000202,511223,円
実収入,50～54歳,2015000303,521878,円
実収入,50～54歳,2015000404,526715,円
実収入,50～54歳,2015000505,505983,円
実収入,50～54歳,2015000606,901132,円
実収入,50～54歳,2015000707,673767,円
実収入,50～54歳,2015000808,513309,円
実収入,50～54歳,2015000909,466639,円
実収入,50～54歳,2015001010,504253,円
実収入,50～54歳,2015001111,483151,円
実収入,50～54歳,2015001212,1017779,円
実収入,50～54歳,2016000101,500350,円
実収入,50～54歳,2016000202,517320,円
実収入,50～54歳,2016000303,531994,円
実収入,50～54歳,2016000404,547356,円
実収入,50～54歳,2016000505,515873,円
実収入,50～54歳,2016000606,927256,円
実収入,50～54歳,2016000707,713682,円
実収入,50～54歳,2016000808,552194,円
実収入,50～54歳,2016000909,514836,円
実収入,50～54歳,2016001010,526832,円
実収入,50～54歳,2016001111,530815,円
実収入,50～54歳,2016001212,1110542,円
実収入,50～54歳,2017000101,523343,円
実収入,50～54歳,2017000202,525746,円
実収入,50～54歳,2017000303,523964,円
実収入,50～54歳,2017000404,514492,円
実収入,50～54歳,2017000505,484252,円
実収入,50～54歳,2017000606,848283,円
実収入,50～54歳,2017000707,723193,円
実収入,50～54歳,2017000808,527986,円
実収入,50～54歳,2017000909,523701,円
実収入,50～54歳,2017001010,541477,円
実収入,50～54歳,2017001111,539494,円
実収入,50～54歳,2017001212,1138972,円
実収入,50～54歳,2018000101,513614,円
実収入,50～54歳,2018000202,560899,円
実収入,50～54歳,2018000303,538137,円
実収入,50～54歳,2018000404,552063,円
実収入,50～54歳,2018000505,525761,円
実収入,50～54歳,2018000606,940489,円
実収入,50～54歳,2018000707,709501,円
実収入,50～54歳,2018000808,567268,円
実収入,50～54歳,2018000909,535674,円
実収入,50～54歳,2018001010,564664,円
実収入,50～54歳,2018001111,537992,円
実収入,50～54歳,2018001212,1269116,円
実収入,50～54歳,2019000101,551908,円
実収入,50～54歳,2019000202,577470,円
実収入,50～54歳,2019000303,564912,円
実収入,50～54歳,2019000404,571658,円
実収入,50～54歳,2019000505,548992,円
実収入,50～54歳,2019000606,1058016,円
実収入,50～54歳,2019000707,732728,円
実収入,50～54歳,2019000808,576309,円
実収入,50～54歳,2019000909,553565,円
実収入,50～54歳,2019001010,581671,円
実収入,50～54歳,2019001111,577882,円
実収入,50～54歳,2019001212,1358315,円
実収入,50～54歳,2020000101,535902,円
実収入,50～54歳,2020000202,537899,円
実収入,50～54歳,2020000303,578244,円
実収入,50～54歳,2020000404,568372,円
実収入,50～54歳,2020000505,578773,円
実収入,50～54歳,2020000606,1183592,円
実収入,50～54歳,2020000707,795013,円
実収入,50～54歳,2020000808,571948,円
実収入,50～54歳,2020000909,554296,円
実収入,50～54歳,2020001010,592936,円
実収入,50～54歳,2020001111,561467,円
実収入,50～54歳,2020001212,1284008,円
実収入,50～54歳,2021000101,554377,円
実収入,50～54歳,2021000202,580395,円
実収入,50～54歳,2021000303,575945,円
実収入,50～54歳,2021000404,610724,円
実収入,50～54歳,2021000505,593309,円
実収入,50～54歳,2021000606,1118004,円
実収入,50～54歳,2021000707,824817,円
実収入,50～54歳,2021000808,602318,円
実収入,50～54歳,2021000909,560142,円
実収入,50～54歳,2021001010,577010,円
実収入,50～54歳,2021001111,554552,円
実収入,50～54歳,2021001212,1359242,円
実収入,50～54歳,2022000101,554577,円
実収入,50～54歳,2022000202,570022,円
実収入,50～54歳,2022000303,567546,円
実収入,50～54歳,2022000404,571801,円
実収入,50～54歳,2022000505,554669,円
実収入,50～54歳,2022000606,1078426,円
実収入,50～54歳,2022000707,809103,円
実収入,50～54歳,2022000808,591478,円
実収入,50～54歳,2022000909,582088,円
実収入,50～54歳,2022001010,594144,円
実収入,50～54歳,2022001111,567851,円
実収入,50～54歳,2022001212,1306633,円
実収入,50～54歳,2023000101,575101,円
実収入,50～54歳,2023000202,564247,円
実収入,50～54歳,2023000303,558423,円
実収入,50～54歳,2023000404,581813,円
実収入,50～54歳,2023000505,525533,円
実収入,50～54歳,2023000606,1034799,円
実収入,50～54歳,2023000707,721053,円
実収入,50～54歳,2023000808,585786,円
実収入,50～54歳,2023000909,551354,円
実収入,50～54歳,2023001010,576628,円
実収入,50～54歳,2023001111,564747,円
実収入,50～54歳,2023001212,1290518,円
実収入,50～54歳,2024000101,570838,円
実収入,50～54歳,2024000202,575981,円
実収入,50～54歳,2024000303,568873,円
実収入,50～54歳,2024000404,595234,円
実収入,50～54歳,2024000505,555706,円
実収入,50～54歳,2024000606,1047144,円
実収入,50～54歳,2024000707,782828,円
実収入,50～54歳,2024000808,604857,円
実収入,50～54歳,2024000909,555776,円
実収入,50～54歳,2024001010,573259,円
実収入,50～54歳,2024001111,573887,円
実収入,50～54歳,2024001212,1361913,円
実収入,50～54歳,2025000101,580716,円
実収入,50～54歳,2025000202,599961,円
実収入,50～54歳,2025000303,600987,円
実収入,50～54歳,2025000404,622352,円
実収入,50～54歳,2025000505,567606,円
実収入,50～54歳,2025000606,1046930,円
実収入,50～54歳,2025000707,847056,円
実収入,50～54歳,2025000808,615050,円
実収入,50～54歳,2025000909,555678,円
実収入,50～54歳,2025001010,626697,円
実収入,50～54歳,2025001111,594664,円
実収入,50～54歳,2025001212,1378252,円
実収入,50～54歳,2026000101,591848,円
実収入,50～54歳,2026000202,624153,円
実収入,50～54歳,2026000303,637097,円
実収入,50～54歳,2026000404,654959,円
実収入,50～54歳,2026000505,613596,円
実収入,55～59歳,2000000101,504670,円
実収入,55～59歳,2000000202,522974,円
実収入,55～59歳,2000000303,551468,円
実収入,55～59歳,2000000404,555605,円
実収入,55～59歳,2000000505,534848,円
実収入,55～59歳,2000000606,865652,円
実収入,55～59歳,2000000707,721096,円
実収入,55～59歳,2000000808,539541,円
実収入,55～59歳,2000000909,516135,円
実収入,55～59歳,2000001010,533117,円
実収入,55～59歳,2000001111,528730,円
実収入,55～59歳,2000001212,1193993,円
実収入,55～59歳,2001000101,525713,円
実収入,55～59歳,2001000202,512396,円
実収入,55～59歳,2001000303,544520,円
実収入,55～59歳,2001000404,534905,円
実収入,55～59歳,2001000505,498051,円
実収入,55～59歳,2001000606,835541,円
実収入,55～59歳,2001000707,697058,円
実収入,55～59歳,2001000808,533699,円
実収入,55～59歳,2001000909,496850,円
実収入,55～59歳,2001001010,514492,円
実収入,55～59歳,2001001111,502418,円
実収入,55～59歳,2001001212,1071084,円
実収入,55～59歳,2002000101,527986,円
実収入,55～59歳,2002000202,488742,円
実収入,55～59歳,2002000303,548963,円
実収入,55～59歳,2002000404,518809,円
実収入,55～59歳,2002000505,489435,円
実収入,55～59歳,2002000606,787984,円
実収入,55～59歳,2002000707,695666,円
実収入,55～59歳,2002000808,535599,円
実収入,55～59歳,2002000909,485055,円
実収入,55～59歳,2002001010,533593,円
実収入,55～59歳,2002001111,484714,円
実収入,55～59歳,2002001212,984600,円
実収入,55～59歳,2003000101,462382,円
実収入,55～59歳,2003000202,483195,円
実収入,55～59歳,2003000303,543715,円
実収入,55～59歳,2003000404,506128,円
実収入,55～59歳,2003000505,484703,円
実収入,55～59歳,2003000606,784964,円
実収入,55～59歳,2003000707,646823,円
実収入,55～59歳,2003000808,504685,円
実収入,55～59歳,2003000909,456034,円
実収入,55～59歳,2003001010,477334,円
実収入,55～59歳,2003001111,456129,円
実収入,55～59歳,2003001212,924984,円
実収入,55～59歳,2004000101,452823,円
実収入,55～59歳,2004000202,506450,円
実収入,55～59歳,2004000303,520034,円
実収入,55～59歳,2004000404,530473,円
実収入,55～59歳,2004000505,508228,円
実収入,55～59歳,2004000606,788773,円
実収入,55～59歳,2004000707,672714,円
実収入,55～59歳,2004000808,495658,円
実収入,55～59歳,2004000909,480558,円
実収入,55～59歳,2004001010,500438,円
実収入,55～59歳,2004001111,480694,円
実収入,55～59歳,2004001212,1005190,円
実収入,55～59歳,2005000101,500109,円
実収入,55～59歳,2005000202,497588,円
実収入,55～59歳,2005000303,490879,円
実収入,55～59歳,2005000404,511620,円
実収入,55～59歳,2005000505,485514,円
実収入,55～59歳,2005000606,759108,円
実収入,55～59歳,2005000707,653970,円
実収入,55～59歳,2005000808,509405,円
実収入,55～59歳,2005000909,487138,円
実収入,55～59歳,2005001010,511107,円
実収入,55～59歳,2005001111,497691,円
実収入,55～59歳,2005001212,1031075,円
実収入,55～59歳,2006000101,496427,円
実収入,55～59歳,2006000202,508099,円
実収入,55～59歳,2006000303,490440,円
実収入,55～59歳,2006000404,537492,円
実収入,55～59歳,2006000505,471480,円
実収入,55～59歳,2006000606,711468,円
実収入,55～59歳,2006000707,645952,円
実収入,55～59歳,2006000808,499013,円
実収入,55～59歳,2006000909,479775,円
実収入,55～59歳,2006001010,519253,円
実収入,55～59歳,2006001111,494759,円
実収入,55～59歳,2006001212,1105798,円
実収入,55～59歳,2007000101,496611,円
実収入,55～59歳,2007000202,511676,円
実収入,55～59歳,2007000303,490320,円
実収入,55～59歳,2007000404,496857,円
実収入,55～59歳,2007000505,473606,円
実収入,55～59歳,2007000606,822473,円
実収入,55～59歳,2007000707,661476,円
実収入,55～59歳,2007000808,491497,円
実収入,55～59歳,2007000909,463250,円
実収入,55～59歳,2007001010,479718,円
実収入,55～59歳,2007001111,474283,円
実収入,55～59歳,2007001212,1001437,円
実収入,55～59歳,2008000101,489464,円
実収入,55～59歳,2008000202,505132,円
実収入,55～59歳,2008000303,499065,円
実収入,55～59歳,2008000404,496228,円
実収入,55～59歳,2008000505,495933,円
実収入,55～59歳,2008000606,774255,円
実収入,55～59歳,2008000707,687108,円
実収入,55～59歳,2008000808,549579,円
実収入,55～59歳,2008000909,510637,円
実収入,55～59歳,2008001010,541098,円
実収入,55～59歳,2008001111,500349,円
実収入,55～59歳,2008001212,1145885,円
実収入,55～59歳,2009000101,520830,円
実収入,55～59歳,2009000202,499816,円
実収入,55～59歳,2009000303,485188,円
実収入,55～59歳,2009000404,501508,円
実収入,55～59歳,2009000505,470349,円
実収入,55～59歳,2009000606,730861,円
実収入,55～59歳,2009000707,638647,円
実収入,55～59歳,2009000808,496623,円
実収入,55～59歳,2009000909,491844,円
実収入,55～59歳,2009001010,501662,円
実収入,55～59歳,2009001111,496889,円
実収入,55～59歳,2009001212,1052847,円
実収入,55～59歳,2010000101,462206,円
実収入,55～59歳,2010000202,498472,円
実収入,55～59歳,2010000303,484453,円
実収入,55～59歳,2010000404,511956,円
実収入,55～59歳,2010000505,468018,円
実収入,55～59歳,2010000606,776495,円
実収入,55～59歳,2010000707,634923,円
実収入,55～59歳,2010000808,494031,円
実収入,55～59歳,2010000909,464643,円
実収入,55～59歳,2010001010,479236,円
実収入,55～59歳,2010001111,451059,円
実収入,55～59歳,2010001212,946371,円
実収入,55～59歳,2011000101,430692,円
実収入,55～59歳,2011000202,449883,円
実収入,55～59歳,2011000303,443623,円
実収入,55～59歳,2011000404,473586,円
実収入,55～59歳,2011000505,468209,円
実収入,55～59歳,2011000606,788195,円
実収入,55～59歳,2011000707,690261,円
実収入,55～59歳,2011000808,519634,円
実収入,55～59歳,2011000909,485447,円
実収入,55～59歳,2011001010,511207,円
実収入,55～59歳,2011001111,485287,円
実収入,55～59歳,2011001212,1032048,円
実収入,55～59歳,2012000101,478108,円
実収入,55～59歳,2012000202,505690,円
実収入,55～59歳,2012000303,501790,円
実収入,55～59歳,2012000404,500014,円
実収入,55～59歳,2012000505,468334,円
実収入,55～59歳,2012000606,853391,円
実収入,55～59歳,2012000707,614572,円
実収入,55～59歳,2012000808,518219,円
実収入,55～59歳,2012000909,473503,円
実収入,55～59歳,2012001010,506756,円
実収入,55～59歳,2012001111,511045,円
実収入,55～59歳,2012001212,1037520,円
実収入,55～59歳,2013000101,508321,円
実収入,55～59歳,2013000202,508726,円
実収入,55～59歳,2013000303,505756,円
実収入,55～59歳,2013000404,510569,円
実収入,55～59歳,2013000505,468415,円
実収入,55～59歳,2013000606,782648,円
実収入,55～59歳,2013000707,642847,円
実収入,55～59歳,2013000808,515635,円
実収入,55～59歳,2013000909,495212,円
実収入,55～59歳,2013001010,509656,円
実収入,55～59歳,2013001111,488214,円
実収入,55～59歳,2013001212,1011495,円
実収入,55～59歳,2014000101,486945,円
実収入,55～59歳,2014000202,508092,円
実収入,55～59歳,2014000303,497342,円
実収入,55～59歳,2014000404,488440,円
実収入,55～59歳,2014000505,468947,円
実収入,55～59歳,2014000606,804855,円
実収入,55～59歳,2014000707,638889,円
実収入,55～59歳,2014000808,481489,円
実収入,55～59歳,2014000909,445362,円
実収入,55～59歳,2014001010,504020,円
実収入,55～59歳,2014001111,481815,円
実収入,55～59歳,2014001212,1004120,円
実収入,55～59歳,2015000101,495825,円
実収入,55～59歳,2015000202,515516,円
実収入,55～59歳,2015000303,505027,円
実収入,55～59歳,2015000404,504896,円
実収入,55～59歳,2015000505,481940,円
実収入,55～59歳,2015000606,828124,円
実収入,55～59歳,2015000707,652896,円
実収入,55～59歳,2015000808,511768,円
実収入,55～59歳,2015000909,474903,円
実収入,55～59歳,2015001010,493600,円
実収入,55～59歳,2015001111,478186,円
実収入,55～59歳,2015001212,1095426,円
実収入,55～59歳,2016000101,510874,円
実収入,55～59歳,2016000202,507496,円
実収入,55～59歳,2016000303,534303,円
実収入,55～59歳,2016000404,528567,円
実収入,55～59歳,2016000505,504423,円
実収入,55～59歳,2016000606,836556,円
実収入,55～59歳,2016000707,679119,円
実収入,55～59歳,2016000808,527150,円
実収入,55～59歳,2016000909,501543,円
実収入,55～59歳,2016001010,527639,円
実収入,55～59歳,2016001111,496344,円
実収入,55～59歳,2016001212,1171181,円
実収入,55～59歳,2017000101,484556,円
実収入,55～59歳,2017000202,494972,円
実収入,55～59歳,2017000303,511944,円
実収入,55～59歳,2017000404,479315,円
実収入,55～59歳,2017000505,465962,円
実収入,55～59歳,2017000606,781589,円
実収入,55～59歳,2017000707,720280,円
実収入,55～59歳,2017000808,505238,円
実収入,55～59歳,2017000909,495269,円
実収入,55～59歳,2017001010,511039,円
実収入,55～59歳,2017001111,482577,円
実収入,55～59歳,2017001212,1036934,円
実収入,55～59歳,2018000101,495530,円
実収入,55～59歳,2018000202,505882,円
実収入,55～59歳,2018000303,506933,円
実収入,55～59歳,2018000404,524643,円
実収入,55～59歳,2018000505,490993,円
実収入,55～59歳,2018000606,935364,円
実収入,55～59歳,2018000707,740463,円
実収入,55～59歳,2018000808,558646,円
実収入,55～59歳,2018000909,521566,円
実収入,55～59歳,2018001010,543394,円
実収入,55～59歳,2018001111,534329,円
実収入,55～59歳,2018001212,1259232,円
実収入,55～59歳,2019000101,543528,円
実収入,55～59歳,2019000202,561490,円
実収入,55～59歳,2019000303,572687,円
実収入,55～59歳,2019000404,579072,円
実収入,55～59歳,2019000505,531044,円
実収入,55～59歳,2019000606,1101546,円
実収入,55～59歳,2019000707,762809,円
実収入,55～59歳,2019000808,571649,円
実収入,55～59歳,2019000909,531378,円
実収入,55～59歳,2019001010,569003,円
実収入,55～59歳,2019001111,541984,円
実収入,55～59歳,2019001212,1244671,円
実収入,55～59歳,2020000101,559833,円
実収入,55～59歳,2020000202,571153,円
実収入,55～59歳,2020000303,551148,円
実収入,55～59歳,2020000404,579868,円
実収入,55～59歳,2020000505,563547,円
実収入,55～59歳,2020000606,1176627,円
実収入,55～59歳,2020000707,840029,円
実収入,55～59歳,2020000808,594511,円
実収入,55～59歳,2020000909,557268,円
実収入,55～59歳,2020001010,573384,円
実収入,55～59歳,2020001111,540771,円
実収入,55～59歳,2020001212,1250569,円
実収入,55～59歳,2021000101,523742,円
実収入,55～59歳,2021000202,553956,円
実収入,55～59歳,2021000303,554671,円
実収入,55～59歳,2021000404,592941,円
実収入,55～59歳,2021000505,557244,円
実収入,55～59歳,2021000606,1063632,円
実収入,55～59歳,2021000707,763806,円
実収入,55～59歳,2021000808,593036,円
実収入,55～59歳,2021000909,549794,円
実収入,55～59歳,2021001010,548683,円
実収入,55～59歳,2021001111,571948,円
実収入,55～59歳,2021001212,1199315,円
実収入,55～59歳,2022000101,536081,円
実収入,55～59歳,2022000202,592114,円
実収入,55～59歳,2022000303,581494,円
実収入,55～59歳,2022000404,603066,円
実収入,55～59歳,2022000505,573221,円
実収入,55～59歳,2022000606,1091495,円
実収入,55～59歳,2022000707,770281,円
実収入,55～59歳,2022000808,595534,円
実収入,55～59歳,2022000909,571117,円
実収入,55～59歳,2022001010,594396,円
実収入,55～59歳,2022001111,577356,円
実収入,55～59歳,2022001212,1277582,円
実収入,55～59歳,2023000101,541558,円
実収入,55～59歳,2023000202,577791,円
実収入,55～59歳,2023000303,577872,円
実収入,55～59歳,2023000404,582544,円
実収入,55～59歳,2023000505,547741,円
実収入,55～59歳,2023000606,1084177,円
実収入,55～59歳,2023000707,783182,円
実収入,55～59歳,2023000808,602694,円
実収入,55～59歳,2023000909,580183,円
実収入,55～59歳,2023001010,603953,円
実収入,55～59歳,2023001111,618925,円
実収入,55～59歳,2023001212,1383353,円
実収入,55～59歳,2024000101,627896,円
実収入,55～59歳,2024000202,639552,円
実収入,55～59歳,2024000303,633322,円
実収入,55～59歳,2024000404,635006,円
実収入,55～59歳,2024000505,572846,円
実収入,55～59歳,2024000606,1088022,円
実収入,55～59歳,2024000707,820972,円
実収入,55～59歳,2024000808,596462,円
実収入,55～59歳,2024000909,554015,円
実収入,55～59歳,2024001010,610771,円
実収入,55～59歳,2024001111,584317,円
実収入,55～59歳,2024001212,1379660,円
実収入,55～59歳,2025000101,590052,円
実収入,55～59歳,2025000202,579605,円
実収入,55～59歳,2025000303,574563,円
実収入,55～59歳,2025000404,579654,円
実収入,55～59歳,2025000505,558668,円
実収入,55～59歳,2025000606,1101941,円
実収入,55～59歳,2025000707,863233,円
実収入,55～59歳,2025000808,618530,円
実収入,55～59歳,2025000909,571244,円
実収入,55～59歳,2025001010,615746,円
実収入,55～59歳,2025001111,588699,円
実収入,55～59歳,2025001212,1354706,円
実収入,55～59歳,2026000101,600024,円
実収入,55～59歳,2026000202,613661,円
実収入,55～59歳,2026000303,610581,円
実収入,55～59歳,2026000404,635042,円
実収入,55～59歳,2026000505,580646,円
実収入,60～64歳,2000000101,330237,円
実収入,60～64歳,2000000202,491800,円
実収入,60～64歳,2000000303,347769,円
実収入,60～64歳,2000000404,496924,円
実収入,60～64歳,2000000505,309827,円
実収入,60～64歳,2000000606,592245,円
実収入,60～64歳,2000000707,409919,円
実収入,60～64歳,2000000808,486296,円
実収入,60～64歳,2000000909,337214,円
実収入,60～64歳,2000001010,489899,円
実収入,60～64歳,2000001111,358854,円
実収入,60～64歳,2000001212,786478,円
実収入,60～64歳,2001000101,330852,円
実収入,60～64歳,2001000202,458500,円
実収入,60～64歳,2001000303,359260,円
実収入,60～64歳,2001000404,529194,円
実収入,60～64歳,2001000505,323826,円
実収入,60～64歳,2001000606,587878,円
実収入,60～64歳,2001000707,392865,円
実収入,60～64歳,2001000808,500567,円
実収入,60～64歳,2001000909,342724,円
実収入,60～64歳,2001001010,492430,円
実収入,60～64歳,2001001111,386847,円
実収入,60～64歳,2001001212,731817,円
実収入,60～64歳,2002000101,346967,円
実収入,60～64歳,2002000202,441890,円
実収入,60～64歳,2002000303,356786,円
実収入,60～64歳,2002000404,456782,円
実収入,60～64歳,2002000505,315588,円
実収入,60～64歳,2002000606,568834,円
実収入,60～64歳,2002000707,382180,円
実収入,60～64歳,2002000808,414986,円
実収入,60～64歳,2002000909,325832,円
実収入,60～64歳,2002001010,395872,円
実収入,60～64歳,2002001111,318579,円
実収入,60～64歳,2002001212,699404,円
実収入,60～64歳,2003000101,338761,円
実収入,60～64歳,2003000202,437531,円
実収入,60～64歳,2003000303,363039,円
実収入,60～64歳,2003000404,486825,円
実収入,60～64歳,2003000505,364115,円
実収入,60～64歳,2003000606,560360,円
実収入,60～64歳,2003000707,399176,円
実収入,60～64歳,2003000808,469065,円
実収入,60～64歳,2003000909,327335,円
実収入,60～64歳,2003001010,480967,円
実収入,60～64歳,2003001111,316652,円
実収入,60～64歳,2003001212,708305,円
実収入,60～64歳,2004000101,335646,円
実収入,60～64歳,2004000202,461693,円
実収入,60～64歳,2004000303,334815,円
実収入,60～64歳,2004000404,469984,円
実収入,60～64歳,2004000505,330450,円
実収入,60～64歳,2004000606,501023,円
実収入,60～64歳,2004000707,409349,円
実収入,60～64歳,2004000808,449791,円
実収入,60～64歳,2004000909,349611,円
実収入,60～64歳,2004001010,421810,円
実収入,60～64歳,2004001111,315564,円
実収入,60～64歳,2004001212,556067,円
実収入,60～64歳,2005000101,319825,円
実収入,60～64歳,2005000202,434885,円
実収入,60～64歳,2005000303,320144,円
実収入,60～64歳,2005000404,560118,円
実収入,60～64歳,2005000505,309561,円
実収入,60～64歳,2005000606,509123,円
実収入,60～64歳,2005000707,370416,円
実収入,60～64歳,2005000808,412601,円
実収入,60～64歳,2005000909,333428,円
実収入,60～64歳,2005001010,446184,円
実収入,60～64歳,2005001111,346443,円
実収入,60～64歳,2005001212,679454,円
実収入,60～64歳,2006000101,343850,円
実収入,60～64歳,2006000202,440619,円
実収入,60～64歳,2006000303,311820,円
実収入,60～64歳,2006000404,438147,円
実収入,60～64歳,2006000505,296064,円
実収入,60～64歳,2006000606,503678,円
実収入,60～64歳,2006000707,407485,円
実収入,60～64歳,2006000808,412997,円
実収入,60～64歳,2006000909,302016,円
実収入,60～64歳,2006001010,432670,円
実収入,60～64歳,2006001111,342563,円
実収入,60～64歳,2006001212,609093,円
実収入,60～64歳,2007000101,312091,円
実収入,60～64歳,2007000202,441217,円
実収入,60～64歳,2007000303,343138,円
実収入,60～64歳,2007000404,455552,円
実収入,60～64歳,2007000505,312407,円
実収入,60～64歳,2007000606,523796,円
実収入,60～64歳,2007000707,389794,円
実収入,60～64歳,2007000808,456170,円
実収入,60～64歳,2007000909,341647,円
実収入,60～64歳,2007001010,458804,円
実収入,60～64歳,2007001111,345549,円
実収入,60～64歳,2007001212,653936,円
実収入,60～64歳,2008000101,316227,円
実収入,60～64歳,2008000202,423186,円
実収入,60～64歳,2008000303,335179,円
実収入,60～64歳,2008000404,386620,円
実収入,60～64歳,2008000505,297027,円
実収入,60～64歳,2008000606,480256,円
実収入,60～64歳,2008000707,384093,円
実収入,60～64歳,2008000808,424320,円
実収入,60～64歳,2008000909,318787,円
実収入,60～64歳,2008001010,431840,円
実収入,60～64歳,2008001111,333433,円
実収入,60～64歳,2008001212,683297,円
実収入,60～64歳,2009000101,338077,円
実収入,60～64歳,2009000202,438939,円
実収入,60～64歳,2009000303,349134,円
実収入,60～64歳,2009000404,438624,円
実収入,60～64歳,2009000505,336135,円
実収入,60～64歳,2009000606,490105,円
実収入,60～64歳,2009000707,353522,円
実収入,60～64歳,2009000808,444759,円
実収入,60～64歳,2009000909,328665,円
実収入,60～64歳,2009001010,433761,円
実収入,60～64歳,2009001111,338442,円
実収入,60～64歳,2009001212,661071,円
実収入,60～64歳,2010000101,342667,円
実収入,60～64歳,2010000202,432978,円
実収入,60～64歳,2010000303,341651,円
実収入,60～64歳,2010000404,416861,円
実収入,60～64歳,2010000505,303785,円
実収入,60～64歳,2010000606,570677,円
実収入,60～64歳,2010000707,375104,円
実収入,60～64歳,2010000808,426233,円
実収入,60～64歳,2010000909,331843,円
実収入,60～64歳,2010001010,457516,円
実収入,60～64歳,2010001111,332584,円
実収入,60～64歳,2010001212,620170,円
実収入,60～64歳,2011000101,337245,円
実収入,60～64歳,2011000202,416498,円
実収入,60～64歳,2011000303,348095,円
実収入,60～64歳,2011000404,430948,円
実収入,60～64歳,2011000505,346642,円
実収入,60～64歳,2011000606,496330,円
実収入,60～64歳,2011000707,405851,円
実収入,60～64歳,2011000808,432223,円
実収入,60～64歳,2011000909,328320,円
実収入,60～64歳,2011001010,421909,円
実収入,60～64歳,2011001111,311902,円
実収入,60～64歳,2011001212,598269,円
実収入,60～64歳,2012000101,309837,円
実収入,60～64歳,2012000202,431872,円
実収入,60～64歳,2012000303,349169,円
実収入,60～64歳,2012000404,420876,円
実収入,60～64歳,2012000505,327980,円
実収入,60～64歳,2012000606,558222,円
実収入,60～64歳,2012000707,372220,円
実収入,60～64歳,2012000808,461670,円
実収入,60～64歳,2012000909,316877,円
実収入,60～64歳,2012001010,454421,円
実収入,60～64歳,2012001111,315069,円
実収入,60～64歳,2012001212,661348,円
実収入,60～64歳,2013000101,296405,円
実収入,60～64歳,2013000202,408342,円
実収入,60～64歳,2013000303,340155,円
実収入,60～64歳,2013000404,439002,円
実収入,60～64歳,2013000505,326283,円
実収入,60～64歳,2013000606,545046,円
実収入,60～64歳,2013000707,413555,円
実収入,60～64歳,2013000808,436122,円
実収入,60～64歳,2013000909,345132,円
実収入,60～64歳,2013001010,429064,円
実収入,60～64歳,2013001111,337215,円
実収入,60～64歳,2013001212,671087,円
実収入,60～64歳,2014000101,312466,円
実収入,60～64歳,2014000202,413088,円
実収入,60～64歳,2014000303,334902,円
実収入,60～64歳,2014000404,416269,円
実収入,60～64歳,2014000505,316741,円
実収入,60～64歳,2014000606,489986,円
実収入,60～64歳,2014000707,387364,円
実収入,60～64歳,2014000808,395299,円
実収入,60～64歳,2014000909,321520,円
実収入,60～64歳,2014001010,415333,円
実収入,60～64歳,2014001111,326697,円
実収入,60～64歳,2014001212,587197,円
実収入,60～64歳,2015000101,333204,円
実収入,60～64歳,2015000202,419852,円
実収入,60～64歳,2015000303,375448,円
実収入,60～64歳,2015000404,400671,円
実収入,60～64歳,2015000505,310735,円
実収入,60～64歳,2015000606,473881,円
実収入,60～64歳,2015000707,380961,円
実収入,60～64歳,2015000808,432735,円
実収入,60～64歳,2015000909,317169,円
実収入,60～64歳,2015001010,407541,円
実収入,60～64歳,2015001111,336771,円
実収入,60～64歳,2015001212,597881,円
実収入,60～64歳,2016000101,317548,円
実収入,60～64歳,2016000202,392690,円
実収入,60～64歳,2016000303,338605,円
実収入,60～64歳,2016000404,397958,円
実収入,60～64歳,2016000505,304683,円
実収入,60～64歳,2016000606,471892,円
実収入,60～64歳,2016000707,406448,円
実収入,60～64歳,2016000808,398787,円
実収入,60～64歳,2016000909,321373,円
実収入,60～64歳,2016001010,394748,円
実収入,60～64歳,2016001111,332496,円
実収入,60～64歳,2016001212,619381,円
実収入,60～64歳,2017000101,332705,円
実収入,60～64歳,2017000202,407145,円
実収入,60～64歳,2017000303,349625,円
実収入,60～64歳,2017000404,406173,円
実収入,60～64歳,2017000505,340604,円
実収入,60～64歳,2017000606,502725,円
実収入,60～64歳,2017000707,389371,円
実収入,60～64歳,2017000808,436776,円
実収入,60～64歳,2017000909,337530,円
実収入,60～64歳,2017001010,416974,円
実収入,60～64歳,2017001111,343906,円
実収入,60～64歳,2017001212,658817,円
実収入,60～64歳,2018000101,352286,円
実収入,60～64歳,2018000202,421310,円
実収入,60～64歳,2018000303,373599,円
実収入,60～64歳,2018000404,434111,円
実収入,60～64歳,2018000505,346222,円
実収入,60～64歳,2018000606,565514,円
実収入,60～64歳,2018000707,464398,円
実収入,60～64歳,2018000808,438813,円
実収入,60～64歳,2018000909,340504,円
実収入,60～64歳,2018001010,400998,円
実収入,60～64歳,2018001111,336027,円
実収入,60～64歳,2018001212,666052,円
実収入,60～64歳,2019000101,359935,円
実収入,60～64歳,2019000202,424795,円
実収入,60～64歳,2019000303,386006,円
実収入,60～64歳,2019000404,444764,円
実収入,60～64歳,2019000505,377470,円
実収入,60～64歳,2019000606,591073,円
実収入,60～64歳,2019000707,501174,円
実収入,60～64歳,2019000808,461462,円
実収入,60～64歳,2019000909,376867,円
実収入,60～64歳,2019001010,472253,円
実収入,60～64歳,2019001111,399625,円
実収入,60～64歳,2019001212,822113,円
実収入,60～64歳,2020000101,389744,円
実収入,60～64歳,2020000202,448424,円
実収入,60～64歳,2020000303,390648,円
実収入,60～64歳,2020000404,452261,円
実収入,60～64歳,2020000505,403544,円
実収入,60～64歳,2020000606,718566,円
実収入,60～64歳,2020000707,542877,円
実収入,60～64歳,2020000808,448915,円
実収入,60～64歳,2020000909,388966,円
実収入,60～64歳,2020001010,438915,円
実収入,60～64歳,2020001111,408089,円
実収入,60～64歳,2020001212,816259,円
実収入,60～64歳,2021000101,390289,円
実収入,60～64歳,2021000202,455490,円
実収入,60～64歳,2021000303,428362,円
実収入,60～64歳,2021000404,483269,円
実収入,60～64歳,2021000505,398228,円
実収入,60～64歳,2021000606,666052,円
実収入,60～64歳,2021000707,565889,円
実収入,60～64歳,2021000808,505131,円
実収入,60～64歳,2021000909,430378,円
実収入,60～64歳,2021001010,492742,円
実収入,60～64歳,2021001111,421380,円
実収入,60～64歳,2021001212,833767,円
実収入,60～64歳,2022000101,419851,円
実収入,60～64歳,2022000202,471903,円
実収入,60～64歳,2022000303,452587,円
実収入,60～64歳,2022000404,473069,円
実収入,60～64歳,2022000505,430440,円
実収入,60～64歳,2022000606,670672,円
実収入,60～64歳,2022000707,548348,円
実収入,60～64歳,2022000808,483042,円
実収入,60～64歳,2022000909,426342,円
実収入,60～64歳,2022001010,481897,円
実収入,60～64歳,2022001111,446482,円
実収入,60～64歳,2022001212,821406,円
実収入,60～64歳,2023000101,407561,円
実収入,60～64歳,2023000202,470727,円
実収入,60～64歳,2023000303,437734,円
実収入,60～64歳,2023000404,497927,円
実収入,60～64歳,2023000505,399971,円
実収入,60～64歳,2023000606,668566,円
実収入,60～64歳,2023000707,544785,円
実収入,60～64歳,2023000808,494922,円
実収入,60～64歳,2023000909,413409,円
実収入,60～64歳,2023001010,465101,円
実収入,60～64歳,2023001111,407765,円
実収入,60～64歳,2023001212,772569,円
実収入,60～64歳,2024000101,404714,円
実収入,60～64歳,2024000202,475954,円
実収入,60～64歳,2024000303,421930,円
実収入,60～64歳,2024000404,486212,円
実収入,60～64歳,2024000505,412841,円
実収入,60～64歳,2024000606,686012,円
実収入,60～64歳,2024000707,553133,円
実収入,60～64歳,2024000808,507340,円
実収入,60～64歳,2024000909,442069,円
実収入,60～64歳,2024001010,503707,円
実収入,60～64歳,2024001111,445090,円
実収入,60～64歳,2024001212,843183,円
実収入,60～64歳,2025000101,409874,円
実収入,60～64歳,2025000202,470567,円
実収入,60～64歳,2025000303,441320,円
実収入,60～64歳,2025000404,511895,円
実収入,60～64歳,2025000505,467533,円
実収入,60～64歳,2025000606,847885,円
実収入,60～64歳,2025000707,636980,円
実収入,60～64歳,2025000808,542479,円
実収入,60～64歳,2025000909,504399,円
実収入,60～64歳,2025001010,531920,円
実収入,60～64歳,2025001111,477667,円
実収入,60～64歳,2025001212,939891,円
実収入,60～64歳,2026000101,436046,円
実収入,60～64歳,2026000202,490288,円
実収入,60～64歳,2026000303,502619,円
実収入,60～64歳,2026000404,517183,円
実収入,60～64歳,2026000505,453714,円
実収入,65～69歳,2000000101,256701,円
実収入,65～69歳,2000000202,540870,円
実収入,65～69歳,2000000303,278653,円
実収入,65～69歳,2000000404,526548,円
実収入,65～69歳,2000000505,267802,円
実収入,65～69歳,2000000606,597554,円
実収入,65～69歳,2000000707,352610,円
実収入,65～69歳,2000000808,624189,円
実収入,65～69歳,2000000909,286250,円
実収入,65～69歳,2000001010,612867,円
実収入,65～69歳,2000001111,283794,円
実収入,65～69歳,2000001212,721787,円
実収入,65～69歳,2001000101,255563,円
実収入,65～69歳,2001000202,556368,円
実収入,65～69歳,2001000303,228770,円
実収入,65～69歳,2001000404,576804,円
実収入,65～69歳,2001000505,241306,円
実収入,65～69歳,2001000606,594055,円
実収入,65～69歳,2001000707,267357,円
実収入,65～69歳,2001000808,600848,円
実収入,65～69歳,2001000909,274637,円
実収入,65～69歳,2001001010,620366,円
実収入,65～69歳,2001001111,309408,円
実収入,65～69歳,2001001212,721664,円
実収入,65～69歳,2002000101,343636,円
実収入,65～69歳,2002000202,565508,円
実収入,65～69歳,2002000303,304955,円
実収入,65～69歳,2002000404,545099,円
実収入,65～69歳,2002000505,283374,円
実収入,65～69歳,2002000606,593858,円
実収入,65～69歳,2002000707,298828,円
実収入,65～69歳,2002000808,478211,円
実収入,65～69歳,2002000909,228788,円
実収入,65～69歳,2002001010,490627,円
実収入,65～69歳,2002001111,234053,円
実収入,65～69歳,2002001212,566784,円
実収入,65～69歳,2003000101,219531,円
実収入,65～69歳,2003000202,459294,円
実収入,65～69歳,2003000303,241077,円
実収入,65～69歳,2003000404,430424,円
実収入,65～69歳,2003000505,227167,円
実収入,65～69歳,2003000606,479100,円
実収入,65～69歳,2003000707,252275,円
実収入,65～69歳,2003000808,452002,円
実収入,65～69歳,2003000909,228832,円
実収入,65～69歳,2003001010,442064,円
実収入,65～69歳,2003001111,229114,円
実収入,65～69歳,2003001212,621545,円
実収入,65～69歳,2004000101,234425,円
実収入,65～69歳,2004000202,494866,円
実収入,65～69歳,2004000303,267231,円
実収入,65～69歳,2004000404,532272,円
実収入,65～69歳,2004000505,234369,円
実収入,65～69歳,2004000606,484260,円
実収入,65～69歳,2004000707,248826,円
実収入,65～69歳,2004000808,444706,円
実収入,65～69歳,2004000909,216090,円
実収入,65～69歳,2004001010,441283,円
実収入,65～69歳,2004001111,241135,円
実収入,65～69歳,2004001212,602647,円
実収入,65～69歳,2005000101,257295,円
実収入,65～69歳,2005000202,477835,円
実収入,65～69歳,2005000303,305032,円
実収入,65～69歳,2005000404,490347,円
実収入,65～69歳,2005000505,243125,円
実収入,65～69歳,2005000606,500656,円
実収入,65～69歳,2005000707,295390,円
実収入,65～69歳,2005000808,519228,円
実収入,65～69歳,2005000909,233916,円
実収入,65～69歳,2005001010,451987,円
実収入,65～69歳,2005001111,234284,円
実収入,65～69歳,2005001212,530954,円
実収入,65～69歳,2006000101,214560,円
実収入,65～69歳,2006000202,463682,円
実収入,65～69歳,2006000303,235086,円
実収入,65～69歳,2006000404,456356,円
実収入,65～69歳,2006000505,248803,円
実収入,65～69歳,2006000606,513442,円
実収入,65～69歳,2006000707,274718,円
実収入,65～69歳,2006000808,489987,円
実収入,65～69歳,2006000909,231134,円
実収入,65～69歳,2006001010,452286,円
実収入,65～69歳,2006001111,267708,円
実収入,65～69歳,2006001212,631940,円
実収入,65～69歳,2007000101,269961,円
実収入,65～69歳,2007000202,503620,円
実収入,65～69歳,2007000303,235791,円
実収入,65～69歳,2007000404,505180,円
実収入,65～69歳,2007000505,264373,円
実収入,65～69歳,2007000606,517019,円
実収入,65～69歳,2007000707,305366,円
実収入,65～69歳,2007000808,467309,円
実収入,65～69歳,2007000909,243639,円
実収入,65～69歳,2007001010,476116,円
実収入,65～69歳,2007001111,228258,円
実収入,65～69歳,2007001212,600514,円
実収入,65～69歳,2008000101,254032,円
実収入,65～69歳,2008000202,467726,円
実収入,65～69歳,2008000303,258563,円
実収入,65～69歳,2008000404,502434,円
実収入,65～69歳,2008000505,240054,円
実収入,65～69歳,2008000606,492885,円
実収入,65～69歳,2008000707,273280,円
実収入,65～69歳,2008000808,521565,円
実収入,65～69歳,2008000909,260500,円
実収入,65～69歳,2008001010,554565,円
実収入,65～69歳,2008001111,260251,円
実収入,65～69歳,2008001212,623103,円
実収入,65～69歳,2009000101,248998,円
実収入,65～69歳,2009000202,494727,円
実収入,65～69歳,2009000303,277967,円
実収入,65～69歳,2009000404,487466,円
実収入,65～69歳,2009000505,275256,円
実収入,65～69歳,2009000606,553324,円
実収入,65～69歳,2009000707,297673,円
実収入,65～69歳,2009000808,491597,円
実収入,65～69歳,2009000909,235479,円
実収入,65～69歳,2009001010,519955,円
実収入,65～69歳,2009001111,220095,円
実収入,65～69歳,2009001212,573440,円
実収入,65～69歳,2010000101,244412,円
実収入,65～69歳,2010000202,530772,円
実収入,65～69歳,2010000303,241090,円
実収入,65～69歳,2010000404,516250,円
実収入,65～69歳,2010000505,247998,円
実収入,65～69歳,2010000606,544581,円
実収入,65～69歳,2010000707,288239,円
実収入,65～69歳,2010000808,555944,円
実収入,65～69歳,2010000909,239782,円
実収入,65～69歳,2010001010,484817,円
実収入,65～69歳,2010001111,228845,円
実収入,65～69歳,2010001212,601542,円
実収入,65～69歳,2011000101,230994,円
実収入,65～69歳,2011000202,442185,円
実収入,65～69歳,2011000303,216143,円
実収入,65～69歳,2011000404,434595,円
実収入,65～69歳,2011000505,218590,円
実収入,65～69歳,2011000606,499747,円
実収入,65～69歳,2011000707,259492,円
実収入,65～69歳,2011000808,486098,円
実収入,65～69歳,2011000909,214270,円
実収入,65～69歳,2011001010,448047,円
実収入,65～69歳,2011001111,217987,円
実収入,65～69歳,2011001212,535347,円
実収入,65～69歳,2012000101,222268,円
実収入,65～69歳,2012000202,507624,円
実収入,65～69歳,2012000303,245993,円
実収入,65～69歳,2012000404,515626,円
実収入,65～69歳,2012000505,286961,円
実収入,65～69歳,2012000606,591762,円
実収入,65～69歳,2012000707,299441,円
実収入,65～69歳,2012000808,509569,円
実収入,65～69歳,2012000909,267191,円
実収入,65～69歳,2012001010,451910,円
実収入,65～69歳,2012001111,232272,円
実収入,65～69歳,2012001212,502065,円
実収入,65～69歳,2013000101,211580,円
実収入,65～69歳,2013000202,483013,円
実収入,65～69歳,2013000303,225039,円
実収入,65～69歳,2013000404,524768,円
実収入,65～69歳,2013000505,242731,円
実収入,65～69歳,2013000606,643471,円
実収入,65～69歳,2013000707,287959,円
実収入,65～69歳,2013000808,540123,円
実収入,65～69歳,2013000909,270954,円
実収入,65～69歳,2013001010,515468,円
実収入,65～69歳,2013001111,270039,円
実収入,65～69歳,2013001212,546737,円
実収入,65～69歳,2014000101,224530,円
実収入,65～69歳,2014000202,484701,円
実収入,65～69歳,2014000303,286883,円
実収入,65～69歳,2014000404,486979,円
実収入,65～69歳,2014000505,259057,円
実収入,65～69歳,2014000606,589121,円
実収入,65～69歳,2014000707,340271,円
実収入,65～69歳,2014000808,544447,円
実収入,65～69歳,2014000909,289636,円
実収入,65～69歳,2014001010,551619,円
実収入,65～69歳,2014001111,296980,円
実収入,65～69歳,2014001212,717744,円
実収入,65～69歳,2015000101,284820,円
実収入,65～69歳,2015000202,512727,円
実収入,65～69歳,2015000303,254063,円
実収入,65～69歳,2015000404,504782,円
実収入,65～69歳,2015000505,250964,円
実収入,65～69歳,2015000606,538304,円
実収入,65～69歳,2015000707,288819,円
実収入,65～69歳,2015000808,511668,円
実収入,65～69歳,2015000909,230402,円
実収入,65～69歳,2015001010,524321,円
実収入,65～69歳,2015001111,257532,円
実収入,65～69歳,2015001212,572896,円
実収入,65～69歳,2016000101,241588,円
実収入,65～69歳,2016000202,498717,円
実収入,65～69歳,2016000303,246967,円
実収入,65～69歳,2016000404,494894,円
実収入,65～69歳,2016000505,250251,円
実収入,65～69歳,2016000606,531240,円
実収入,65～69歳,2016000707,277318,円
実収入,65～69歳,2016000808,532909,円
実収入,65～69歳,2016000909,265416,円
実収入,65～69歳,2016001010,533908,円
実収入,65～69歳,2016001111,284947,円
実収入,65～69歳,2016001212,636801,円
実収入,65～69歳,2017000101,275293,円
実収入,65～69歳,2017000202,527610,円
実収入,65～69歳,2017000303,292705,円
実収入,65～69歳,2017000404,520959,円
実収入,65～69歳,2017000505,258830,円
実収入,65～69歳,2017000606,578887,円
実収入,65～69歳,2017000707,308909,円
実収入,65～69歳,2017000808,552463,円
実収入,65～69歳,2017000909,290956,円
実収入,65～69歳,2017001010,571346,円
実収入,65～69歳,2017001111,279505,円
実収入,65～69歳,2017001212,660706,円
実収入,65～69歳,2018000101,281407,円
実収入,65～69歳,2018000202,541164,円
実収入,65～69歳,2018000303,257574,円
実収入,65～69歳,2018000404,536777,円
実収入,65～69歳,2018000505,294203,円
実収入,65～69歳,2018000606,665036,円
実収入,65～69歳,2018000707,304195,円
実収入,65～69歳,2018000808,596117,円
実収入,65～69歳,2018000909,283439,円
実収入,65～69歳,2018001010,578549,円
実収入,65～69歳,2018001111,281664,円
実収入,65～69歳,2018001212,650434,円
実収入,65～69歳,2019000101,292765,円
実収入,65～69歳,2019000202,580533,円
実収入,65～69歳,2019000303,298500,円
実収入,65～69歳,2019000404,579312,円
実収入,65～69歳,2019000505,276330,円
実収入,65～69歳,2019000606,666618,円
実収入,65～69歳,2019000707,326572,円
実収入,65～69歳,2019000808,584533,円
実収入,65～69歳,2019000909,270792,円
実収入,65～69歳,2019001010,569955,円
実収入,65～69歳,2019001111,272141,円
実収入,65～69歳,2019001212,642333,円
実収入,65～69歳,2020000101,282993,円
実収入,65～69歳,2020000202,560468,円
実収入,65～69歳,2020000303,280388,円
実収入,65～69歳,2020000404,567407,円
実収入,65～69歳,2020000505,315702,円
実収入,65～69歳,2020000606,708700,円
実収入,65～69歳,2020000707,365357,円
実収入,65～69歳,2020000808,582211,円
実収入,65～69歳,2020000909,304340,円
実収入,65～69歳,2020001010,606302,円
実収入,65～69歳,2020001111,307644,円
実収入,65～69歳,2020001212,734276,円
実収入,65～69歳,2021000101,302685,円
実収入,65～69歳,2021000202,583299,円
実収入,65～69歳,2021000303,306507,円
実収入,65～69歳,2021000404,614016,円
実収入,65～69歳,2021000505,321293,円
実収入,65～69歳,2021000606,706230,円
実収入,65～69歳,2021000707,392242,円
実収入,65～69歳,2021000808,623152,円
実収入,65～69歳,2021000909,313826,円
実収入,65～69歳,2021001010,601468,円
実収入,65～69歳,2021001111,309190,円
実収入,65～69歳,2021001212,680315,円
実収入,65～69歳,2022000101,258794,円
実収入,65～69歳,2022000202,600078,円
実収入,65～69歳,2022000303,309180,円
実収入,65～69歳,2022000404,611387,円
実収入,65～69歳,2022000505,299458,円
実収入,65～69歳,2022000606,669812,円
実収入,65～69歳,2022000707,361761,円
実収入,65～69歳,2022000808,599707,円
実収入,65～69歳,2022000909,314136,円
実収入,65～69歳,2022001010,613195,円
実収入,65～69歳,2022001111,299745,円
実収入,65～69歳,2022001212,785748,円
実収入,65～69歳,2023000101,304438,円
実収入,65～69歳,2023000202,621788,円
実収入,65～69歳,2023000303,321645,円
実収入,65～69歳,2023000404,614179,円
実収入,65～69歳,2023000505,271718,円
実収入,65～69歳,2023000606,714411,円
実収入,65～69歳,2023000707,328864,円
実収入,65～69歳,2023000808,621931,円
実収入,65～69歳,2023000909,311060,円
実収入,65～69歳,2023001010,640666,円
実収入,65～69歳,2023001111,304524,円
実収入,65～69歳,2023001212,786028,円
実収入,65～69歳,2024000101,303677,円
実収入,65～69歳,2024000202,611674,円
実収入,65～69歳,2024000303,306827,円
実収入,65～69歳,2024000404,616011,円
実収入,65～69歳,2024000505,316973,円
実収入,65～69歳,2024000606,772403,円
実収入,65～69歳,2024000707,374321,円
実収入,65～69歳,2024000808,639396,円
実収入,65～69歳,2024000909,305721,円
実収入,65～69歳,2024001010,638127,円
実収入,65～69歳,2024001111,320106,円
実収入,65～69歳,2024001212,793122,円
実収入,65～69歳,2025000101,351609,円
実収入,65～69歳,2025000202,626740,円
実収入,65～69歳,2025000303,334374,円
実収入,65～69歳,2025000404,656398,円
実収入,65～69歳,2025000505,332095,円
実収入,65～69歳,2025000606,732802,円
実収入,65～69歳,2025000707,360902,円
実収入,65～69歳,2025000808,673805,円
実収入,65～69歳,2025000909,337172,円
実収入,65～69歳,2025001010,652947,円
実収入,65～69歳,2025001111,324491,円
実収入,65～69歳,2025001212,866365,円
実収入,65～69歳,2026000101,382007,円
実収入,65～69歳,2026000202,623621,円
実収入,65～69歳,2026000303,386788,円
実収入,65～69歳,2026000404,705661,円
実収入,65～69歳,2026000505,353074,円
消費支出,24歳以下,2000000101,210257,円
消費支出,24歳以下,2000000202,190094,円
消費支出,24歳以下,2000000303,224980,円
消費支出,24歳以下,2000000404,205911,円
消費支出,24歳以下,2000000505,265596,円
消費支出,24歳以下,2000000606,250669,円
消費支出,24歳以下,2000000707,227021,円
消費支出,24歳以下,2000000808,248337,円
消費支出,24歳以下,2000000909,319018,円
消費支出,24歳以下,2000001010,214776,円
消費支出,24歳以下,2000001111,234238,円
消費支出,24歳以下,2000001212,228095,円
消費支出,24歳以下,2001000101,242687,円
消費支出,24歳以下,2001000202,211881,円
消費支出,24歳以下,2001000303,251512,円
消費支出,24歳以下,2001000404,260836,円
消費支出,24歳以下,2001000505,234765,円
消費支出,24歳以下,2001000606,249371,円
消費支出,24歳以下,2001000707,287590,円
消費支出,24歳以下,2001000808,260113,円
消費支出,24歳以下,2001000909,226810,円
消費支出,24歳以下,2001001010,207844,円
消費支出,24歳以下,2001001111,226345,円
消費支出,24歳以下,2001001212,231992,円
消費支出,24歳以下,2002000101,195558,円
消費支出,24歳以下,2002000202,180237,円
消費支出,24歳以下,2002000303,212413,円
消費支出,24歳以下,2002000404,334469,円
消費支出,24歳以下,2002000505,193878,円
消費支出,24歳以下,2002000606,193931,円
消費支出,24歳以下,2002000707,186528,円
消費支出,24歳以下,2002000808,203658,円
消費支出,24歳以下,2002000909,192997,円
消費支出,24歳以下,2002001010,188342,円
消費支出,24歳以下,2002001111,212095,円
消費支出,24歳以下,2002001212,233663,円
消費支出,24歳以下,2003000101,264337,円
消費支出,24歳以下,2003000202,196878,円
消費支出,24歳以下,2003000303,229619,円
消費支出,24歳以下,2003000404,201362,円
消費支出,24歳以下,2003000505,238965,円
消費支出,24歳以下,2003000606,278725,円
消費支出,24歳以下,2003000707,204198,円
消費支出,24歳以下,2003000808,233946,円
消費支出,24歳以下,2003000909,235569,円
消費支出,24歳以下,2003001010,213988,円
消費支出,24歳以下,2003001111,216213,円
消費支出,24歳以下,2003001212,257708,円
消費支出,24歳以下,2004000101,214633,円
消費支出,24歳以下,2004000202,221318,円
消費支出,24歳以下,2004000303,196245,円
消費支出,24歳以下,2004000404,232409,円
消費支出,24歳以下,2004000505,242554,円
消費支出,24歳以下,2004000606,215920,円
消費支出,24歳以下,2004000707,200609,円
消費支出,24歳以下,2004000808,211855,円
消費支出,24歳以下,2004000909,184772,円
消費支出,24歳以下,2004001010,182611,円
消費支出,24歳以下,2004001111,166874,円
消費支出,24歳以下,2004001212,241607,円
消費支出,24歳以下,2005000101,204620,円
消費支出,24歳以下,2005000202,175365,円
消費支出,24歳以下,2005000303,236304,円
消費支出,24歳以下,2005000404,203078,円
消費支出,24歳以下,2005000505,167840,円
消費支出,24歳以下,2005000606,184155,円
消費支出,24歳以下,2005000707,175610,円
消費支出,24歳以下,2005000808,207177,円
消費支出,24歳以下,2005000909,172147,円
消費支出,24歳以下,2005001010,151500,円
消費支出,24歳以下,2005001111,159037,円
消費支出,24歳以下,2005001212,187169,円
消費支出,24歳以下,2006000101,198370,円
消費支出,24歳以下,2006000202,209254,円
消費支出,24歳以下,2006000303,213618,円
消費支出,24歳以下,2006000404,219533,円
消費支出,24歳以下,2006000505,234222,円
消費支出,24歳以下,2006000606,212772,円
消費支出,24歳以下,2006000707,282721,円
消費支出,24歳以下,2006000808,376454,円
消費支出,24歳以下,2006000909,194488,円
消費支出,24歳以下,2006001010,181864,円
消費支出,24歳以下,2006001111,153204,円
消費支出,24歳以下,2006001212,181228,円
消費支出,24歳以下,2007000101,221874,円
消費支出,24歳以下,2007000202,161949,円
消費支出,24歳以下,2007000303,222447,円
消費支出,24歳以下,2007000404,178221,円
消費支出,24歳以下,2007000505,198831,円
消費支出,24歳以下,2007000606,182840,円
消費支出,24歳以下,2007000707,214377,円
消費支出,24歳以下,2007000808,303672,円
消費支出,24歳以下,2007000909,224653,円
消費支出,24歳以下,2007001010,268510,円
消費支出,24歳以下,2007001111,259162,円
消費支出,24歳以下,2007001212,287711,円
消費支出,24歳以下,2008000101,405101,円
消費支出,24歳以下,2008000202,246617,円
消費支出,24歳以下,2008000303,282834,円
消費支出,24歳以下,2008000404,184709,円
消費支出,24歳以下,2008000505,159411,円
消費支出,24歳以下,2008000606,154123,円
消費支出,24歳以下,2008000707,143766,円
消費支出,24歳以下,2008000808,187224,円
消費支出,24歳以下,2008000909,164387,円
消費支出,24歳以下,2008001010,169374,円
消費支出,24歳以下,2008001111,169603,円
消費支出,24歳以下,2008001212,179821,円
消費支出,24歳以下,2009000101,237751,円
消費支出,24歳以下,2009000202,184363,円
消費支出,24歳以下,2009000303,147540,円
消費支出,24歳以下,2009000404,159306,円
消費支出,24歳以下,2009000505,176307,円
消費支出,24歳以下,2009000606,162917,円
消費支出,24歳以下,2009000707,151852,円
消費支出,24歳以下,2009000808,166267,円
消費支出,24歳以下,2009000909,175860,円
消費支出,24歳以下,2009001010,170923,円
消費支出,24歳以下,2009001111,159244,円
消費支出,24歳以下,2009001212,214659,円
消費支出,24歳以下,2010000101,226940,円
消費支出,24歳以下,2010000202,186564,円
消費支出,24歳以下,2010000303,229336,円
消費支出,24歳以下,2010000404,208872,円
消費支出,24歳以下,2010000505,239495,円
消費支出,24歳以下,2010000606,218732,円
消費支出,24歳以下,2010000707,197280,円
消費支出,24歳以下,2010000808,237555,円
消費支出,24歳以下,2010000909,189044,円
消費支出,24歳以下,2010001010,197776,円
消費支出,24歳以下,2010001111,191679,円
消費支出,24歳以下,2010001212,235227,円
消費支出,24歳以下,2011000101,217672,円
消費支出,24歳以下,2011000202,253203,円
消費支出,24歳以下,2011000303,224437,円
消費支出,24歳以下,2011000404,226437,円
消費支出,24歳以下,2011000505,207205,円
消費支出,24歳以下,2011000606,200067,円
消費支出,24歳以下,2011000707,196661,円
消費支出,24歳以下,2011000808,172166,円
消費支出,24歳以下,2011000909,157936,円
消費支出,24歳以下,2011001010,175876,円
消費支出,24歳以下,2011001111,153438,円
消費支出,24歳以下,2011001212,200133,円
消費支出,24歳以下,2012000101,167066,円
消費支出,24歳以下,2012000202,183731,円
消費支出,24歳以下,2012000303,276003,円
消費支出,24歳以下,2012000404,183628,円
消費支出,24歳以下,2012000505,173538,円
消費支出,24歳以下,2012000606,173428,円
消費支出,24歳以下,2012000707,158755,円
消費支出,24歳以下,2012000808,162071,円
消費支出,24歳以下,2012000909,207836,円
消費支出,24歳以下,2012001010,238384,円
消費支出,24歳以下,2012001111,174923,円
消費支出,24歳以下,2012001212,230704,円
消費支出,24歳以下,2013000101,234286,円
消費支出,24歳以下,2013000202,252458,円
消費支出,24歳以下,2013000303,214574,円
消費支出,24歳以下,2013000404,186451,円
消費支出,24歳以下,2013000505,197235,円
消費支出,24歳以下,2013000606,177314,円
消費支出,24歳以下,2013000707,195592,円
消費支出,24歳以下,2013000808,159166,円
消費支出,24歳以下,2013000909,146543,円
消費支出,24歳以下,2013001010,183203,円
消費支出,24歳以下,2013001111,186571,円
消費支出,24歳以下,2013001212,227795,円
消費支出,24歳以下,2014000101,173538,円
消費支出,24歳以下,2014000202,174465,円
消費支出,24歳以下,2014000303,180158,円
消費支出,24歳以下,2014000404,172606,円
消費支出,24歳以下,2014000505,176454,円
消費支出,24歳以下,2014000606,153440,円
消費支出,24歳以下,2014000707,137932,円
消費支出,24歳以下,2014000808,137089,円
消費支出,24歳以下,2014000909,153066,円
消費支出,24歳以下,2014001010,200638,円
消費支出,24歳以下,2014001111,227092,円
消費支出,24歳以下,2014001212,261053,円
消費支出,34歳以下,2015000101,269498,円
消費支出,34歳以下,2015000202,240478,円
消費支出,34歳以下,2015000303,278865,円
消費支出,34歳以下,2015000404,270441,円
消費支出,34歳以下,2015000505,256984,円
消費支出,34歳以下,2015000606,232015,円
消費支出,34歳以下,2015000707,266652,円
消費支出,34歳以下,2015000808,286184,円
消費支出,34歳以下,2015000909,248036,円
消費支出,34歳以下,2015001010,236073,円
消費支出,34歳以下,2015001111,257041,円
消費支出,34歳以下,2015001212,256200,円
消費支出,34歳以下,2016000101,239922,円
消費支出,34歳以下,2016000202,238816,円
消費支出,34歳以下,2016000303,236406,円
消費支出,34歳以下,2016000404,236335,円
消費支出,34歳以下,2016000505,241158,円
消費支出,34歳以下,2016000606,225711,円
消費支出,34歳以下,2016000707,242650,円
消費支出,34歳以下,2016000808,235791,円
消費支出,34歳以下,2016000909,232606,円
消費支出,34歳以下,2016001010,234310,円
消費支出,34歳以下,2016001111,234935,円
消費支出,34歳以下,2016001212,247078,円
消費支出,34歳以下,2017000101,247482,円
消費支出,34歳以下,2017000202,208423,円
消費支出,34歳以下,2017000303,241062,円
消費支出,34歳以下,2017000404,244509,円
消費支出,34歳以下,2017000505,248929,円
消費支出,34歳以下,2017000606,230879,円
消費支出,34歳以下,2017000707,248589,円
消費支出,34歳以下,2017000808,255687,円
消費支出,34歳以下,2017000909,239146,円
消費支出,34歳以下,2017001010,242347,円
消費支出,34歳以下,2017001111,254495,円
消費支出,34歳以下,2017001212,253984,円
消費支出,34歳以下,2018000101,254157,円
消費支出,34歳以下,2018000202,264756,円
消費支出,34歳以下,2018000303,256973,円
消費支出,34歳以下,2018000404,264513,円
消費支出,34歳以下,2018000505,240351,円
消費支出,34歳以下,2018000606,261024,円
消費支出,34歳以下,2018000707,245237,円
消費支出,34歳以下,2018000808,243361,円
消費支出,34歳以下,2018000909,237685,円
消費支出,34歳以下,2018001010,262653,円
消費支出,34歳以下,2018001111,250888,円
消費支出,34歳以下,2018001212,269163,円
消費支出,34歳以下,2019000101,260848,円
消費支出,34歳以下,2019000202,254497,円
消費支出,34歳以下,2019000303,266964,円
消費支出,34歳以下,2019000404,244460,円
消費支出,34歳以下,2019000505,264470,円
消費支出,34歳以下,2019000606,246474,円
消費支出,34歳以下,2019000707,262843,円
消費支出,34歳以下,2019000808,271362,円
消費支出,34歳以下,2019000909,269700,円
消費支出,34歳以下,2019001010,226973,円
消費支出,34歳以下,2019001111,268549,円
消費支出,34歳以下,2019001212,273393,円
消費支出,34歳以下,2020000101,245002,円
消費支出,34歳以下,2020000202,280250,円
消費支出,34歳以下,2020000303,268743,円
消費支出,34歳以下,2020000404,222977,円
消費支出,34歳以下,2020000505,231630,円
消費支出,34歳以下,2020000606,259279,円
消費支出,34歳以下,2020000707,257593,円
消費支出,34歳以下,2020000808,280390,円
消費支出,34歳以下,2020000909,289721,円
消費支出,34歳以下,2020001010,274663,円
消費支出,34歳以下,2020001111,293491,円
消費支出,34歳以下,2020001212,262647,円
消費支出,34歳以下,2021000101,232090,円
消費支出,34歳以下,2021000202,211412,円
消費支出,34歳以下,2021000303,259305,円
消費支出,34歳以下,2021000404,271266,円
消費支出,34歳以下,2021000505,313563,円
消費支出,34歳以下,2021000606,239838,円
消費支出,34歳以下,2021000707,255898,円
消費支出,34歳以下,2021000808,261918,円
消費支出,34歳以下,2021000909,234726,円
消費支出,34歳以下,2021001010,238100,円
消費支出,34歳以下,2021001111,257599,円
消費支出,34歳以下,2021001212,280623,円
消費支出,34歳以下,2022000101,255832,円
消費支出,34歳以下,2022000202,238486,円
消費支出,34歳以下,2022000303,278091,円
消費支出,34歳以下,2022000404,252258,円
消費支出,34歳以下,2022000505,247478,円
消費支出,34歳以下,2022000606,239092,円
消費支出,34歳以下,2022000707,261598,円
消費支出,34歳以下,2022000808,247772,円
消費支出,34歳以下,2022000909,231625,円
消費支出,34歳以下,2022001010,251702,円
消費支出,34歳以下,2022001111,280085,円
消費支出,34歳以下,2022001212,307319,円
消費支出,34歳以下,2023000101,314528,円
消費支出,34歳以下,2023000202,257273,円
消費支出,34歳以下,2023000303,265501,円
消費支出,34歳以下,2023000404,279959,円
消費支出,34歳以下,2023000505,255071,円
消費支出,34歳以下,2023000606,225857,円
消費支出,34歳以下,2023000707,252327,円
消費支出,34歳以下,2023000808,258740,円
消費支出,34歳以下,2023000909,229164,円
消費支出,34歳以下,2023001010,262515,円
消費支出,34歳以下,2023001111,251082,円
消費支出,34歳以下,2023001212,268863,円
消費支出,34歳以下,2024000101,279296,円
消費支出,34歳以下,2024000202,255565,円
消費支出,34歳以下,2024000303,293048,円
消費支出,34歳以下,2024000404,246402,円
消費支出,34歳以下,2024000505,264752,円
消費支出,34歳以下,2024000606,245795,円
消費支出,34歳以下,2024000707,296009,円
消費支出,34歳以下,2024000808,262140,円
消費支出,34歳以下,2024000909,264267,円
消費支出,34歳以下,2024001010,275066,円
消費支出,34歳以下,2024001111,264193,円
消費支出,34歳以下,2024001212,307237,円
消費支出,34歳以下,2025000101,264751,円
消費支出,34歳以下,2025000202,252722,円
消費支出,34歳以下,2025000303,351211,円
消費支出,34歳以下,2025000404,278373,円
消費支出,34歳以下,2025000505,307348,円
消費支出,34歳以下,2025000606,265560,円
消費支出,34歳以下,2025000707,258864,円
消費支出,34歳以下,2025000808,252581,円
消費支出,34歳以下,2025000909,281491,円
消費支出,34歳以下,2025001010,273928,円
消費支出,34歳以下,2025001111,336002,円
消費支出,34歳以下,2025001212,329683,円
消費支出,34歳以下,2026000101,293656,円
消費支出,34歳以下,2026000202,288765,円
消費支出,34歳以下,2026000303,299840,円
消費支出,34歳以下,2026000404,310935,円
消費支出,34歳以下,2026000505,298034,円
消費支出,25～29歳,2000000101,246954,円
消費支出,25～29歳,2000000202,234264,円
消費支出,25～29歳,2000000303,272031,円
消費支出,25～29歳,2000000404,243553,円
消費支出,25～29歳,2000000505,248680,円
消費支出,25～29歳,2000000606,276674,円
消費支出,25～29歳,2000000707,273087,円
消費支出,25～29歳,2000000808,274276,円
消費支出,25～29歳,2000000909,232918,円
消費支出,25～29歳,2000001010,260737,円
消費支出,25～29歳,2000001111,262075,円
消費支出,25～29歳,2000001212,298158,円
消費支出,25～29歳,2001000101,248130,円
消費支出,25～29歳,2001000202,227387,円
消費支出,25～29歳,2001000303,247579,円
消費支出,25～29歳,2001000404,277471,円
消費支出,25～29歳,2001000505,232453,円
消費支出,25～29歳,2001000606,219533,円
消費支出,25～29歳,2001000707,242901,円
消費支出,25～29歳,2001000808,236348,円
消費支出,25～29歳,2001000909,222608,円
消費支出,25～29歳,2001001010,319962,円
消費支出,25～29歳,2001001111,249738,円
消費支出,25～29歳,2001001212,297719,円
消費支出,25～29歳,2002000101,243988,円
消費支出,25～29歳,2002000202,213822,円
消費支出,25～29歳,2002000303,271541,円
消費支出,25～29歳,2002000404,247977,円
消費支出,25～29歳,2002000505,245925,円
消費支出,25～29歳,2002000606,223918,円
消費支出,25～29歳,2002000707,256395,円
消費支出,25～29歳,2002000808,233261,円
消費支出,25～29歳,2002000909,295058,円
消費支出,25～29歳,2002001010,221250,円
消費支出,25～29歳,2002001111,218833,円
消費支出,25～29歳,2002001212,246129,円
消費支出,25～29歳,2003000101,219374,円
消費支出,25～29歳,2003000202,210593,円
消費支出,25～29歳,2003000303,232866,円
消費支出,25～29歳,2003000404,212216,円
消費支出,25～29歳,2003000505,211784,円
消費支出,25～29歳,2003000606,225414,円
消費支出,25～29歳,2003000707,242864,円
消費支出,25～29歳,2003000808,253870,円
消費支出,25～29歳,2003000909,236195,円
消費支出,25～29歳,2003001010,245707,円
消費支出,25～29歳,2003001111,242613,円
消費支出,25～29歳,2003001212,269362,円
消費支出,25～29歳,2004000101,255209,円
消費支出,25～29歳,2004000202,219062,円
消費支出,25～29歳,2004000303,280937,円
消費支出,25～29歳,2004000404,270632,円
消費支出,25～29歳,2004000505,243552,円
消費支出,25～29歳,2004000606,256211,円
消費支出,25～29歳,2004000707,313376,円
消費支出,25～29歳,2004000808,289394,円
消費支出,25～29歳,2004000909,229074,円
消費支出,25～29歳,2004001010,251244,円
消費支出,25～29歳,2004001111,245416,円
消費支出,25～29歳,2004001212,278730,円
消費支出,25～29歳,2005000101,292477,円
消費支出,25～29歳,2005000202,250274,円
消費支出,25～29歳,2005000303,233537,円
消費支出,25～29歳,2005000404,225278,円
消費支出,25～29歳,2005000505,231764,円
消費支出,25～29歳,2005000606,225883,円
消費支出,25～29歳,2005000707,250723,円
消費支出,25～29歳,2005000808,245519,円
消費支出,25～29歳,2005000909,252777,円
消費支出,25～29歳,2005001010,244886,円
消費支出,25～29歳,2005001111,247360,円
消費支出,25～29歳,2005001212,282261,円
消費支出,25～29歳,2006000101,249353,円
消費支出,25～29歳,2006000202,253275,円
消費支出,25～29歳,2006000303,273462,円
消費支出,25～29歳,2006000404,227845,円
消費支出,25～29歳,2006000505,239199,円
消費支出,25～29歳,2006000606,240646,円
消費支出,25～29歳,2006000707,266309,円
消費支出,25～29歳,2006000808,254922,円
消費支出,25～29歳,2006000909,232084,円
消費支出,25～29歳,2006001010,245797,円
消費支出,25～29歳,2006001111,252542,円
消費支出,25～29歳,2006001212,288038,円
消費支出,25～29歳,2007000101,267370,円
消費支出,25～29歳,2007000202,244138,円
消費支出,25～29歳,2007000303,237531,円
消費支出,25～29歳,2007000404,252112,円
消費支出,25～29歳,2007000505,255771,円
消費支出,25～29歳,2007000606,242885,円
消費支出,25～29歳,2007000707,276945,円
消費支出,25～29歳,2007000808,265766,円
消費支出,25～29歳,2007000909,236599,円
消費支出,25～29歳,2007001010,243559,円
消費支出,25～29歳,2007001111,234655,円
消費支出,25～29歳,2007001212,286594,円
消費支出,25～29歳,2008000101,247559,円
消費支出,25～29歳,2008000202,227348,円
消費支出,25～29歳,2008000303,232961,円
消費支出,25～29歳,2008000404,234330,円
消費支出,25～29歳,2008000505,297870,円
消費支出,25～29歳,2008000606,311089,円
消費支出,25～29歳,2008000707,274565,円
消費支出,25～29歳,2008000808,242837,円
消費支出,25～29歳,2008000909,264986,円
消費支出,25～29歳,2008001010,260312,円
消費支出,25～29歳,2008001111,274058,円
消費支出,25～29歳,2008001212,249134,円
消費支出,25～29歳,2009000101,210505,円
消費支出,25～29歳,2009000202,257890,円
消費支出,25～29歳,2009000303,229275,円
消費支出,25～29歳,2009000404,222054,円
消費支出,25～29歳,2009000505,215815,円
消費支出,25～29歳,2009000606,273339,円
消費支出,25～29歳,2009000707,245794,円
消費支出,25～29歳,2009000808,261429,円
消費支出,25～29歳,2009000909,244654,円
消費支出,25～29歳,2009001010,262797,円
消費支出,25～29歳,2009001111,219098,円
消費支出,25～29歳,2009001212,258949,円
消費支出,25～29歳,2010000101,270723,円
消費支出,25～29歳,2010000202,216818,円
消費支出,25～29歳,2010000303,263515,円
消費支出,25～29歳,2010000404,228778,円
消費支出,25～29歳,2010000505,218383,円
消費支出,25～29歳,2010000606,208236,円
消費支出,25～29歳,2010000707,218659,円
消費支出,25～29歳,2010000808,224170,円
消費支出,25～29歳,2010000909,221113,円
消費支出,25～29歳,2010001010,234506,円
消費支出,25～29歳,2010001111,248450,円
消費支出,25～29歳,2010001212,269968,円
消費支出,25～29歳,2011000101,237677,円
消費支出,25～29歳,2011000202,229554,円
消費支出,25～29歳,2011000303,227189,円
消費支出,25～29歳,2011000404,249466,円
消費支出,25～29歳,2011000505,251843,円
消費支出,25～29歳,2011000606,218448,円
消費支出,25～29歳,2011000707,243698,円
消費支出,25～29歳,2011000808,212470,円
消費支出,25～29歳,2011000909,216154,円
消費支出,25～29歳,2011001010,229378,円
消費支出,25～29歳,2011001111,239043,円
消費支出,25～29歳,2011001212,257618,円
消費支出,25～29歳,2012000101,235100,円
消費支出,25～29歳,2012000202,230670,円
消費支出,25～29歳,2012000303,225043,円
消費支出,25～29歳,2012000404,229462,円
消費支出,25～29歳,2012000505,239682,円
消費支出,25～29歳,2012000606,295018,円
消費支出,25～29歳,2012000707,354656,円
消費支出,25～29歳,2012000808,226449,円
消費支出,25～29歳,2012000909,205715,円
消費支出,25～29歳,2012001010,257375,円
消費支出,25～29歳,2012001111,226218,円
消費支出,25～29歳,2012001212,260795,円
消費支出,25～29歳,2013000101,256041,円
消費支出,25～29歳,2013000202,240630,円
消費支出,25～29歳,2013000303,235986,円
消費支出,25～29歳,2013000404,254231,円
消費支出,25～29歳,2013000505,247504,円
消費支出,25～29歳,2013000606,235473,円
消費支出,25～29歳,2013000707,261061,円
消費支出,25～29歳,2013000808,235141,円
消費支出,25～29歳,2013000909,295609,円
消費支出,25～29歳,2013001010,242786,円
消費支出,25～29歳,2013001111,233630,円
消費支出,25～29歳,2013001212,252757,円
消費支出,25～29歳,2014000101,227364,円
消費支出,25～29歳,2014000202,221540,円
消費支出,25～29歳,2014000303,271864,円
消費支出,25～29歳,2014000404,320035,円
消費支出,25～29歳,2014000505,217220,円
消費支出,25～29歳,2014000606,288338,円
消費支出,25～29歳,2014000707,297828,円
消費支出,25～29歳,2014000808,232569,円
消費支出,25～29歳,2014000909,216004,円
消費支出,25～29歳,2014001010,218477,円
消費支出,25～29歳,2014001111,343074,円
消費支出,25～29歳,2014001212,245506,円
消費支出,30～34歳,2000000101,299892,円
消費支出,30～34歳,2000000202,269692,円
消費支出,30～34歳,2000000303,291933,円
消費支出,30～34歳,2000000404,277557,円
消費支出,30～34歳,2000000505,265640,円
消費支出,30～34歳,2000000606,268945,円
消費支出,30～34歳,2000000707,290463,円
消費支出,30～34歳,2000000808,262462,円
消費支出,30～34歳,2000000909,261166,円
消費支出,30～34歳,2000001010,258212,円
消費支出,30～34歳,2000001111,259921,円
消費支出,30～34歳,2000001212,349696,円
消費支出,30～34歳,2001000101,290387,円
消費支出,30～34歳,2001000202,239671,円
消費支出,30～34歳,2001000303,268494,円
消費支出,30～34歳,2001000404,274627,円
消費支出,30～34歳,2001000505,258949,円
消費支出,30～34歳,2001000606,252823,円
消費支出,30～34歳,2001000707,279300,円
消費支出,30～34歳,2001000808,282156,円
消費支出,30～34歳,2001000909,259155,円
消費支出,30～34歳,2001001010,255298,円
消費支出,30～34歳,2001001111,267417,円
消費支出,30～34歳,2001001212,300256,円
消費支出,30～34歳,2002000101,264418,円
消費支出,30～34歳,2002000202,242960,円
消費支出,30～34歳,2002000303,285039,円
消費支出,30～34歳,2002000404,253561,円
消費支出,30～34歳,2002000505,264437,円
消費支出,30～34歳,2002000606,267833,円
消費支出,30～34歳,2002000707,272829,円
消費支出,30～34歳,2002000808,252792,円
消費支出,30～34歳,2002000909,264524,円
消費支出,30～34歳,2002001010,273013,円
消費支出,30～34歳,2002001111,263497,円
消費支出,30～34歳,2002001212,305310,円
消費支出,30～34歳,2003000101,281834,円
消費支出,30～34歳,2003000202,251444,円
消費支出,30～34歳,2003000303,257627,円
消費支出,30～34歳,2003000404,253954,円
消費支出,30～34歳,2003000505,243688,円
消費支出,30～34歳,2003000606,284479,円
消費支出,30～34歳,2003000707,275169,円
消費支出,30～34歳,2003000808,274124,円
消費支出,30～34歳,2003000909,269729,円
消費支出,30～34歳,2003001010,273985,円
消費支出,30～34歳,2003001111,266959,円
消費支出,30～34歳,2003001212,294528,円
消費支出,30～34歳,2004000101,277213,円
消費支出,30～34歳,2004000202,265469,円
消費支出,30～34歳,2004000303,272196,円
消費支出,30～34歳,2004000404,268735,円
消費支出,30～34歳,2004000505,295398,円
消費支出,30～34歳,2004000606,264373,円
消費支出,30～34歳,2004000707,276169,円
消費支出,30～34歳,2004000808,294419,円
消費支出,30～34歳,2004000909,246074,円
消費支出,30～34歳,2004001010,269773,円
消費支出,30～34歳,2004001111,274489,円
消費支出,30～34歳,2004001212,286772,円
消費支出,30～34歳,2005000101,276266,円
消費支出,30～34歳,2005000202,240174,円
消費支出,30～34歳,2005000303,262602,円
消費支出,30～34歳,2005000404,257185,円
消費支出,30～34歳,2005000505,259946,円
消費支出,30～34歳,2005000606,265574,円
消費支出,30～34歳,2005000707,272794,円
消費支出,30～34歳,2005000808,260587,円
消費支出,30～34歳,2005000909,257549,円
消費支出,30～34歳,2005001010,254356,円
消費支出,30～34歳,2005001111,244860,円
消費支出,30～34歳,2005001212,291643,円
消費支出,30～34歳,2006000101,268851,円
消費支出,30～34歳,2006000202,247669,円
消費支出,30～34歳,2006000303,255444,円
消費支出,30～34歳,2006000404,266449,円
消費支出,30～34歳,2006000505,251169,円
消費支出,30～34歳,2006000606,238896,円
消費支出,30～34歳,2006000707,266623,円
消費支出,30～34歳,2006000808,254895,円
消費支出,30～34歳,2006000909,237331,円
消費支出,30～34歳,2006001010,268596,円
消費支出,30～34歳,2006001111,268293,円
消費支出,30～34歳,2006001212,303819,円
消費支出,30～34歳,2007000101,270194,円
消費支出,30～34歳,2007000202,234742,円
消費支出,30～34歳,2007000303,269785,円
消費支出,30～34歳,2007000404,254376,円
消費支出,30～34歳,2007000505,261487,円
消費支出,30～34歳,2007000606,264474,円
消費支出,30～34歳,2007000707,275063,円
消費支出,30～34歳,2007000808,260025,円
消費支出,30～34歳,2007000909,249229,円
消費支出,30～34歳,2007001010,272035,円
消費支出,30～34歳,2007001111,251083,円
消費支出,30～34歳,2007001212,316118,円
消費支出,30～34歳,2008000101,285267,円
消費支出,30～34歳,2008000202,248358,円
消費支出,30～34歳,2008000303,263959,円
消費支出,30～34歳,2008000404,251290,円
消費支出,30～34歳,2008000505,256336,円
消費支出,30～34歳,2008000606,251080,円
消費支出,30～34歳,2008000707,253223,円
消費支出,30～34歳,2008000808,258763,円
消費支出,30～34歳,2008000909,258170,円
消費支出,30～34歳,2008001010,240337,円
消費支出,30～34歳,2008001111,262576,円
消費支出,30～34歳,2008001212,284739,円
消費支出,30～34歳,2009000101,263953,円
消費支出,30～34歳,2009000202,250205,円
消費支出,30～34歳,2009000303,283142,円
消費支出,30～34歳,2009000404,252856,円
消費支出,30～34歳,2009000505,269058,円
消費支出,30～34歳,2009000606,245038,円
消費支出,30～34歳,2009000707,259239,円
消費支出,30～34歳,2009000808,263494,円
消費支出,30～34歳,2009000909,238932,円
消費支出,30～34歳,2009001010,265660,円
消費支出,30～34歳,2009001111,270452,円
消費支出,30～34歳,2009001212,270849,円
消費支出,30～34歳,2010000101,256819,円
消費支出,30～34歳,2010000202,239903,円
消費支出,30～34歳,2010000303,261453,円
消費支出,30～34歳,2010000404,227909,円
消費支出,30～34歳,2010000505,246646,円
消費支出,30～34歳,2010000606,240449,円
消費支出,30～34歳,2010000707,255173,円
消費支出,30～34歳,2010000808,280683,円
消費支出,30～34歳,2010000909,251639,円
消費支出,30～34歳,2010001010,267245,円
消費支出,30～34歳,2010001111,262922,円
消費支出,30～34歳,2010001212,275012,円
消費支出,30～34歳,2011000101,274874,円
消費支出,30～34歳,2011000202,259392,円
消費支出,30～34歳,2011000303,248698,円
消費支出,30～34歳,2011000404,239111,円
消費支出,30～34歳,2011000505,240288,円
消費支出,30～34歳,2011000606,231928,円
消費支出,30～34歳,2011000707,253906,円
消費支出,30～34歳,2011000808,250133,円
消費支出,30～34歳,2011000909,258909,円
消費支出,30～34歳,2011001010,279385,円
消費支出,30～34歳,2011001111,268961,円
消費支出,30～34歳,2011001212,301028,円
消費支出,30～34歳,2012000101,289763,円
消費支出,30～34歳,2012000202,255447,円
消費支出,30～34歳,2012000303,282723,円
消費支出,30～34歳,2012000404,297373,円
消費支出,30～34歳,2012000505,248570,円
消費支出,30～34歳,2012000606,264213,円
消費支出,30～34歳,2012000707,299723,円
消費支出,30～34歳,2012000808,278888,円
消費支出,30～34歳,2012000909,229648,円
消費支出,30～34歳,2012001010,243794,円
消費支出,30～34歳,2012001111,248427,円
消費支出,30～34歳,2012001212,302938,円
消費支出,30～34歳,2013000101,246820,円
消費支出,30～34歳,2013000202,261438,円
消費支出,30～34歳,2013000303,280552,円
消費支出,30～34歳,2013000404,265250,円
消費支出,30～34歳,2013000505,269763,円
消費支出,30～34歳,2013000606,249756,円
消費支出,30～34歳,2013000707,286456,円
消費支出,30～34歳,2013000808,267259,円
消費支出,30～34歳,2013000909,249856,円
消費支出,30～34歳,2013001010,269886,円
消費支出,30～34歳,2013001111,256346,円
消費支出,30～34歳,2013001212,295258,円
消費支出,30～34歳,2014000101,274890,円
消費支出,30～34歳,2014000202,252229,円
消費支出,30～34歳,2014000303,320236,円
消費支出,30～34歳,2014000404,264574,円
消費支出,30～34歳,2014000505,235883,円
消費支出,30～34歳,2014000606,238492,円
消費支出,30～34歳,2014000707,244003,円
消費支出,30～34歳,2014000808,232092,円
消費支出,30～34歳,2014000909,234922,円
消費支出,30～34歳,2014001010,245290,円
消費支出,30～34歳,2014001111,245466,円
消費支出,30～34歳,2014001212,277663,円
消費支出,35～39歳,2000000101,304867,円
消費支出,35～39歳,2000000202,291052,円
消費支出,35～39歳,2000000303,313672,円
消費支出,35～39歳,2000000404,298271,円
消費支出,35～39歳,2000000505,296550,円
消費支出,35～39歳,2000000606,294407,円
消費支出,35～39歳,2000000707,340913,円
消費支出,35～39歳,2000000808,300257,円
消費支出,35～39歳,2000000909,278764,円
消費支出,35～39歳,2000001010,290712,円
消費支出,35～39歳,2000001111,279549,円
消費支出,35～39歳,2000001212,351114,円
消費支出,35～39歳,2001000101,292947,円
消費支出,35～39歳,2001000202,274417,円
消費支出,35～39歳,2001000303,315840,円
消費支出,35～39歳,2001000404,302489,円
消費支出,35～39歳,2001000505,290725,円
消費支出,35～39歳,2001000606,295896,円
消費支出,35～39歳,2001000707,320795,円
消費支出,35～39歳,2001000808,318674,円
消費支出,35～39歳,2001000909,266821,円
消費支出,35～39歳,2001001010,294258,円
消費支出,35～39歳,2001001111,305731,円
消費支出,35～39歳,2001001212,362905,円
消費支出,35～39歳,2002000101,297693,円
消費支出,35～39歳,2002000202,272437,円
消費支出,35～39歳,2002000303,334646,円
消費支出,35～39歳,2002000404,302599,円
消費支出,35～39歳,2002000505,292211,円
消費支出,35～39歳,2002000606,295318,円
消費支出,35～39歳,2002000707,322680,円
消費支出,35～39歳,2002000808,298592,円
消費支出,35～39歳,2002000909,276147,円
消費支出,35～39歳,2002001010,275842,円
消費支出,35～39歳,2002001111,283843,円
消費支出,35～39歳,2002001212,339113,円
消費支出,35～39歳,2003000101,294343,円
消費支出,35～39歳,2003000202,252838,円
消費支出,35～39歳,2003000303,302826,円
消費支出,35～39歳,2003000404,302544,円
消費支出,35～39歳,2003000505,287019,円
消費支出,35～39歳,2003000606,277828,円
消費支出,35～39歳,2003000707,303675,円
消費支出,35～39歳,2003000808,290860,円
消費支出,35～39歳,2003000909,268202,円
消費支出,35～39歳,2003001010,288332,円
消費支出,35～39歳,2003001111,286889,円
消費支出,35～39歳,2003001212,350464,円
消費支出,35～39歳,2004000101,310493,円
消費支出,35～39歳,2004000202,284154,円
消費支出,35～39歳,2004000303,283309,円
消費支出,35～39歳,2004000404,280720,円
消費支出,35～39歳,2004000505,275931,円
消費支出,35～39歳,2004000606,285941,円
消費支出,35～39歳,2004000707,297237,円
消費支出,35～39歳,2004000808,286599,円
消費支出,35～39歳,2004000909,270502,円
消費支出,35～39歳,2004001010,307695,円
消費支出,35～39歳,2004001111,289094,円
消費支出,35～39歳,2004001212,328913,円
消費支出,35～39歳,2005000101,332442,円
消費支出,35～39歳,2005000202,302520,円
消費支出,35～39歳,2005000303,288295,円
消費支出,35～39歳,2005000404,317982,円
消費支出,35～39歳,2005000505,295132,円
消費支出,35～39歳,2005000606,287363,円
消費支出,35～39歳,2005000707,311612,円
消費支出,35～39歳,2005000808,294531,円
消費支出,35～39歳,2005000909,287456,円
消費支出,35～39歳,2005001010,284018,円
消費支出,35～39歳,2005001111,274761,円
消費支出,35～39歳,2005001212,328053,円
消費支出,35～39歳,2006000101,289570,円
消費支出,35～39歳,2006000202,266456,円
消費支出,35～39歳,2006000303,280392,円
消費支出,35～39歳,2006000404,275841,円
消費支出,35～39歳,2006000505,299116,円
消費支出,35～39歳,2006000606,283002,円
消費支出,35～39歳,2006000707,315277,円
消費支出,35～39歳,2006000808,279478,円
消費支出,35～39歳,2006000909,262348,円
消費支出,35～39歳,2006001010,271531,円
消費支出,35～39歳,2006001111,284511,円
消費支出,35～39歳,2006001212,313234,円
消費支出,35～39歳,2007000101,284712,円
消費支出,35～39歳,2007000202,243947,円
消費支出,35～39歳,2007000303,265472,円
消費支出,35～39歳,2007000404,257777,円
消費支出,35～39歳,2007000505,277769,円
消費支出,35～39歳,2007000606,276488,円
消費支出,35～39歳,2007000707,281240,円
消費支出,35～39歳,2007000808,289396,円
消費支出,35～39歳,2007000909,272911,円
消費支出,35～39歳,2007001010,283440,円
消費支出,35～39歳,2007001111,283089,円
消費支出,35～39歳,2007001212,335548,円
消費支出,35～39歳,2008000101,307994,円
消費支出,35～39歳,2008000202,262641,円
消費支出,35～39歳,2008000303,308776,円
消費支出,35～39歳,2008000404,288323,円
消費支出,35～39歳,2008000505,291884,円
消費支出,35～39歳,2008000606,288593,円
消費支出,35～39歳,2008000707,317668,円
消費支出,35～39歳,2008000808,296096,円
消費支出,35～39歳,2008000909,267497,円
消費支出,35～39歳,2008001010,272488,円
消費支出,35～39歳,2008001111,284823,円
消費支出,35～39歳,2008001212,323030,円
消費支出,35～39歳,2009000101,283311,円
消費支出,35～39歳,2009000202,248187,円
消費支出,35～39歳,2009000303,309081,円
消費支出,35～39歳,2009000404,273136,円
消費支出,35～39歳,2009000505,282994,円
消費支出,35～39歳,2009000606,257928,円
消費支出,35～39歳,2009000707,285845,円
消費支出,35～39歳,2009000808,301089,円
消費支出,35～39歳,2009000909,265791,円
消費支出,35～39歳,2009001010,265951,円
消費支出,35～39歳,2009001111,264250,円
消費支出,35～39歳,2009001212,311819,円
消費支出,35～39歳,2010000101,297156,円
消費支出,35～39歳,2010000202,256987,円
消費支出,35～39歳,2010000303,307707,円
消費支出,35～39歳,2010000404,266508,円
消費支出,35～39歳,2010000505,273766,円
消費支出,35～39歳,2010000606,272290,円
消費支出,35～39歳,2010000707,274798,円
消費支出,35～39歳,2010000808,309951,円
消費支出,35～39歳,2010000909,271837,円
消費支出,35～39歳,2010001010,271125,円
消費支出,35～39歳,2010001111,287681,円
消費支出,35～39歳,2010001212,320857,円
消費支出,35～39歳,2011000101,288426,円
消費支出,35～39歳,2011000202,261275,円
消費支出,35～39歳,2011000303,292637,円
消費支出,35～39歳,2011000404,268136,円
消費支出,35～39歳,2011000505,270623,円
消費支出,35～39歳,2011000606,251666,円
消費支出,35～39歳,2011000707,273521,円
消費支出,35～39歳,2011000808,263692,円
消費支出,35～39歳,2011000909,251956,円
消費支出,35～39歳,2011001010,271176,円
消費支出,35～39歳,2011001111,261505,円
消費支出,35～39歳,2011001212,307767,円
消費支出,35～39歳,2012000101,290600,円
消費支出,35～39歳,2012000202,262788,円
消費支出,35～39歳,2012000303,269270,円
消費支出,35～39歳,2012000404,289206,円
消費支出,35～39歳,2012000505,275311,円
消費支出,35～39歳,2012000606,253818,円
消費支出,35～39歳,2012000707,265146,円
消費支出,35～39歳,2012000808,276587,円
消費支出,35～39歳,2012000909,257697,円
消費支出,35～39歳,2012001010,258371,円
消費支出,35～39歳,2012001111,268712,円
消費支出,35～39歳,2012001212,305323,円
消費支出,35～39歳,2013000101,303737,円
消費支出,35～39歳,2013000202,262387,円
消費支出,35～39歳,2013000303,277330,円
消費支出,35～39歳,2013000404,288085,円
消費支出,35～39歳,2013000505,264238,円
消費支出,35～39歳,2013000606,270965,円
消費支出,35～39歳,2013000707,284787,円
消費支出,35～39歳,2013000808,262052,円
消費支出,35～39歳,2013000909,256270,円
消費支出,35～39歳,2013001010,279803,円
消費支出,35～39歳,2013001111,266291,円
消費支出,35～39歳,2013001212,325599,円
消費支出,35～39歳,2014000101,286873,円
消費支出,35～39歳,2014000202,268994,円
消費支出,35～39歳,2014000303,333750,円
消費支出,35～39歳,2014000404,261695,円
消費支出,35～39歳,2014000505,269564,円
消費支出,35～39歳,2014000606,262520,円
消費支出,35～39歳,2014000707,264932,円
消費支出,35～39歳,2014000808,275370,円
消費支出,35～39歳,2014000909,288343,円
消費支出,35～39歳,2014001010,289060,円
消費支出,35～39歳,2014001111,274055,円
消費支出,35～39歳,2014001212,327381,円
消費支出,35～39歳,2015000101,297564,円
消費支出,35～39歳,2015000202,256939,円
消費支出,35～39歳,2015000303,284094,円
消費支出,35～39歳,2015000404,269100,円
消費支出,35～39歳,2015000505,281363,円
消費支出,35～39歳,2015000606,278313,円
消費支出,35～39歳,2015000707,293586,円
消費支出,35～39歳,2015000808,278592,円
消費支出,35～39歳,2015000909,269573,円
消費支出,35～39歳,2015001010,270558,円
消費支出,35～39歳,2015001111,287108,円
消費支出,35～39歳,2015001212,316552,円
消費支出,35～39歳,2016000101,318024,円
消費支出,35～39歳,2016000202,315529,円
消費支出,35～39歳,2016000303,285674,円
消費支出,35～39歳,2016000404,271685,円
消費支出,35～39歳,2016000505,285305,円
消費支出,35～39歳,2016000606,249208,円
消費支出,35～39歳,2016000707,270739,円
消費支出,35～39歳,2016000808,267738,円
消費支出,35～39歳,2016000909,270617,円
消費支出,35～39歳,2016001010,265244,円
消費支出,35～39歳,2016001111,264674,円
消費支出,35～39歳,2016001212,338561,円
消費支出,35～39歳,2017000101,273222,円
消費支出,35～39歳,2017000202,264635,円
消費支出,35～39歳,2017000303,296961,円
消費支出,35～39歳,2017000404,258482,円
消費支出,35～39歳,2017000505,269240,円
消費支出,35～39歳,2017000606,245539,円
消費支出,35～39歳,2017000707,265712,円
消費支出,35～39歳,2017000808,261938,円
消費支出,35～39歳,2017000909,243319,円
消費支出,35～39歳,2017001010,246628,円
消費支出,35～39歳,2017001111,260314,円
消費支出,35～39歳,2017001212,296084,円
消費支出,35～39歳,2018000101,279911,円
消費支出,35～39歳,2018000202,249918,円
消費支出,35～39歳,2018000303,333207,円
消費支出,35～39歳,2018000404,272289,円
消費支出,35～39歳,2018000505,296583,円
消費支出,35～39歳,2018000606,262859,円
消費支出,35～39歳,2018000707,287448,円
消費支出,35～39歳,2018000808,308192,円
消費支出,35～39歳,2018000909,266392,円
消費支出,35～39歳,2018001010,269950,円
消費支出,35～39歳,2018001111,299909,円
消費支出,35～39歳,2018001212,326841,円
消費支出,35～39歳,2019000101,306865,円
消費支出,35～39歳,2019000202,281285,円
消費支出,35～39歳,2019000303,340755,円
消費支出,35～39歳,2019000404,275929,円
消費支出,35～39歳,2019000505,298498,円
消費支出,35～39歳,2019000606,285416,円
消費支出,35～39歳,2019000707,318748,円
消費支出,35～39歳,2019000808,326338,円
消費支出,35～39歳,2019000909,288687,円
消費支出,35～39歳,2019001010,258431,円
消費支出,35～39歳,2019001111,287874,円
消費支出,35～39歳,2019001212,298949,円
消費支出,35～39歳,2020000101,287995,円
消費支出,35～39歳,2020000202,301523,円
消費支出,35～39歳,2020000303,277143,円
消費支出,35～39歳,2020000404,237364,円
消費支出,35～39歳,2020000505,251347,円
消費支出,35～39歳,2020000606,271083,円
消費支出,35～39歳,2020000707,263869,円
消費支出,35～39歳,2020000808,278212,円
消費支出,35～39歳,2020000909,259228,円
消費支出,35～39歳,2020001010,267812,円
消費支出,35～39歳,2020001111,253058,円
消費支出,35～39歳,2020001212,275859,円
消費支出,35～39歳,2021000101,267156,円
消費支出,35～39歳,2021000202,265970,円
消費支出,35～39歳,2021000303,284588,円
消費支出,35～39歳,2021000404,289073,円
消費支出,35～39歳,2021000505,269559,円
消費支出,35～39歳,2021000606,253739,円
消費支出,35～39歳,2021000707,265523,円
消費支出,35～39歳,2021000808,240006,円
消費支出,35～39歳,2021000909,257354,円
消費支出,35～39歳,2021001010,259130,円
消費支出,35～39歳,2021001111,271347,円
消費支出,35～39歳,2021001212,296696,円
消費支出,35～39歳,2022000101,284948,円
消費支出,35～39歳,2022000202,243208,円
消費支出,35～39歳,2022000303,286006,円
消費支出,35～39歳,2022000404,265801,円
消費支出,35～39歳,2022000505,268608,円
消費支出,35～39歳,2022000606,248332,円
消費支出,35～39歳,2022000707,279726,円
消費支出,35～39歳,2022000808,286613,円
消費支出,35～39歳,2022000909,289843,円
消費支出,35～39歳,2022001010,299824,円
消費支出,35～39歳,2022001111,300309,円
消費支出,35～39歳,2022001212,321759,円
消費支出,35～39歳,2023000101,291105,円
消費支出,35～39歳,2023000202,280027,円
消費支出,35～39歳,2023000303,310860,円
消費支出,35～39歳,2023000404,277419,円
消費支出,35～39歳,2023000505,274692,円
消費支出,35～39歳,2023000606,262778,円
消費支出,35～39歳,2023000707,273042,円
消費支出,35～39歳,2023000808,287000,円
消費支出,35～39歳,2023000909,250920,円
消費支出,35～39歳,2023001010,272855,円
消費支出,35～39歳,2023001111,279881,円
消費支出,35～39歳,2023001212,295217,円
消費支出,35～39歳,2024000101,329926,円
消費支出,35～39歳,2024000202,292222,円
消費支出,35～39歳,2024000303,297322,円
消費支出,35～39歳,2024000404,283778,円
消費支出,35～39歳,2024000505,301010,円
消費支出,35～39歳,2024000606,272881,円
消費支出,35～39歳,2024000707,275302,円
消費支出,35～39歳,2024000808,282990,円
消費支出,35～39歳,2024000909,267776,円
消費支出,35～39歳,2024001010,267628,円
消費支出,35～39歳,2024001111,273859,円
消費支出,35～39歳,2024001212,317464,円
消費支出,35～39歳,2025000101,292739,円
消費支出,35～39歳,2025000202,271985,円
消費支出,35～39歳,2025000303,315237,円
消費支出,35～39歳,2025000404,280481,円
消費支出,35～39歳,2025000505,337232,円
消費支出,35～39歳,2025000606,299844,円
消費支出,35～39歳,2025000707,314666,円
消費支出,35～39歳,2025000808,320113,円
消費支出,35～39歳,2025000909,296666,円
消費支出,35～39歳,2025001010,322219,円
消費支出,35～39歳,2025001111,342041,円
消費支出,35～39歳,2025001212,352591,円
消費支出,35～39歳,2026000101,325485,円
消費支出,35～39歳,2026000202,326190,円
消費支出,35～39歳,2026000303,306587,円
消費支出,35～39歳,2026000404,289236,円
消費支出,35～39歳,2026000505,291978,円
消費支出,40～44歳,2000000101,334602,円
消費支出,40～44歳,2000000202,305649,円
消費支出,40～44歳,2000000303,350286,円
消費支出,40～44歳,2000000404,376475,円
消費支出,40～44歳,2000000505,331715,円
消費支出,40～44歳,2000000606,328741,円
消費支出,40～44歳,2000000707,366315,円
消費支出,40～44歳,2000000808,334362,円
消費支出,40～44歳,2000000909,304343,円
消費支出,40～44歳,2000001010,300645,円
消費支出,40～44歳,2000001111,303156,円
消費支出,40～44歳,2000001212,406839,円
消費支出,40～44歳,2001000101,342554,円
消費支出,40～44歳,2001000202,335014,円
消費支出,40～44歳,2001000303,377018,円
消費支出,40～44歳,2001000404,330692,円
消費支出,40～44歳,2001000505,309664,円
消費支出,40～44歳,2001000606,298904,円
消費支出,40～44歳,2001000707,375546,円
消費支出,40～44歳,2001000808,312910,円
消費支出,40～44歳,2001000909,303681,円
消費支出,40～44歳,2001001010,324964,円
消費支出,40～44歳,2001001111,295028,円
消費支出,40～44歳,2001001212,415961,円
消費支出,40～44歳,2002000101,341309,円
消費支出,40～44歳,2002000202,308482,円
消費支出,40～44歳,2002000303,363140,円
消費支出,40～44歳,2002000404,325539,円
消費支出,40～44歳,2002000505,333050,円
消費支出,40～44歳,2002000606,321815,円
消費支出,40～44歳,2002000707,352324,円
消費支出,40～44歳,2002000808,335673,円
消費支出,40～44歳,2002000909,315387,円
消費支出,40～44歳,2002001010,302906,円
消費支出,40～44歳,2002001111,311548,円
消費支出,40～44歳,2002001212,383637,円
消費支出,40～44歳,2003000101,348368,円
消費支出,40～44歳,2003000202,320615,円
消費支出,40～44歳,2003000303,369088,円
消費支出,40～44歳,2003000404,351493,円
消費支出,40～44歳,2003000505,308378,円
消費支出,40～44歳,2003000606,330154,円
消費支出,40～44歳,2003000707,321196,円
消費支出,40～44歳,2003000808,333556,円
消費支出,40～44歳,2003000909,315571,円
消費支出,40～44歳,2003001010,309244,円
消費支出,40～44歳,2003001111,308950,円
消費支出,40～44歳,2003001212,385939,円
消費支出,40～44歳,2004000101,349236,円
消費支出,40～44歳,2004000202,311662,円
消費支出,40～44歳,2004000303,359499,円
消費支出,40～44歳,2004000404,363985,円
消費支出,40～44歳,2004000505,320966,円
消費支出,40～44歳,2004000606,300710,円
消費支出,40～44歳,2004000707,329800,円
消費支出,40～44歳,2004000808,304990,円
消費支出,40～44歳,2004000909,290331,円
消費支出,40～44歳,2004001010,288189,円
消費支出,40～44歳,2004001111,300582,円
消費支出,40～44歳,2004001212,371523,円
消費支出,40～44歳,2005000101,329597,円
消費支出,40～44歳,2005000202,290349,円
消費支出,40～44歳,2005000303,346967,円
消費支出,40～44歳,2005000404,336912,円
消費支出,40～44歳,2005000505,315599,円
消費支出,40～44歳,2005000606,305261,円
消費支出,40～44歳,2005000707,323539,円
消費支出,40～44歳,2005000808,314071,円
消費支出,40～44歳,2005000909,284399,円
消費支出,40～44歳,2005001010,312309,円
消費支出,40～44歳,2005001111,297325,円
消費支出,40～44歳,2005001212,358902,円
消費支出,40～44歳,2006000101,314177,円
消費支出,40～44歳,2006000202,279249,円
消費支出,40～44歳,2006000303,296947,円
消費支出,40～44歳,2006000404,319742,円
消費支出,40～44歳,2006000505,307220,円
消費支出,40～44歳,2006000606,295384,円
消費支出,40～44歳,2006000707,327023,円
消費支出,40～44歳,2006000808,315810,円
消費支出,40～44歳,2006000909,296729,円
消費支出,40～44歳,2006001010,305834,円
消費支出,40～44歳,2006001111,302054,円
消費支出,40～44歳,2006001212,382864,円
消費支出,40～44歳,2007000101,348373,円
消費支出,40～44歳,2007000202,306907,円
消費支出,40～44歳,2007000303,332389,円
消費支出,40～44歳,2007000404,322017,円
消費支出,40～44歳,2007000505,314899,円
消費支出,40～44歳,2007000606,298920,円
消費支出,40～44歳,2007000707,342115,円
消費支出,40～44歳,2007000808,325641,円
消費支出,40～44歳,2007000909,294457,円
消費支出,40～44歳,2007001010,301036,円
消費支出,40～44歳,2007001111,299244,円
消費支出,40～44歳,2007001212,355278,円
消費支出,40～44歳,2008000101,345386,円
消費支出,40～44歳,2008000202,299145,円
消費支出,40～44歳,2008000303,323332,円
消費支出,40～44歳,2008000404,320607,円
消費支出,40～44歳,2008000505,317520,円
消費支出,40～44歳,2008000606,308979,円
消費支出,40～44歳,2008000707,331708,円
消費支出,40～44歳,2008000808,305315,円
消費支出,40～44歳,2008000909,276256,円
消費支出,40～44歳,2008001010,299431,円
消費支出,40～44歳,2008001111,301970,円
消費支出,40～44歳,2008001212,377531,円
消費支出,40～44歳,2009000101,316855,円
消費支出,40～44歳,2009000202,301844,円
消費支出,40～44歳,2009000303,333972,円
消費支出,40～44歳,2009000404,322535,円
消費支出,40～44歳,2009000505,332594,円
消費支出,40～44歳,2009000606,304907,円
消費支出,40～44歳,2009000707,316111,円
消費支出,40～44歳,2009000808,322982,円
消費支出,40～44歳,2009000909,289634,円
消費支出,40～44歳,2009001010,303469,円
消費支出,40～44歳,2009001111,291328,円
消費支出,40～44歳,2009001212,340693,円
消費支出,40～44歳,2010000101,328707,円
消費支出,40～44歳,2010000202,278630,円
消費支出,40～44歳,2010000303,320360,円
消費支出,40～44歳,2010000404,316639,円
消費支出,40～44歳,2010000505,308744,円
消費支出,40～44歳,2010000606,289542,円
消費支出,40～44歳,2010000707,317656,円
消費支出,40～44歳,2010000808,322403,円
消費支出,40～44歳,2010000909,277820,円
消費支出,40～44歳,2010001010,297022,円
消費支出,40～44歳,2010001111,305271,円
消費支出,40～44歳,2010001212,338600,円
消費支出,40～44歳,2011000101,317073,円
消費支出,40～44歳,2011000202,280206,円
消費支出,40～44歳,2011000303,322130,円
消費支出,40～44歳,2011000404,297979,円
消費支出,40～44歳,2011000505,294785,円
消費支出,40～44歳,2011000606,287174,円
消費支出,40～44歳,2011000707,301441,円
消費支出,40～44歳,2011000808,293137,円
消費支出,40～44歳,2011000909,259734,円
消費支出,40～44歳,2011001010,303596,円
消費支出,40～44歳,2011001111,289003,円
消費支出,40～44歳,2011001212,348486,円
消費支出,40～44歳,2012000101,307096,円
消費支出,40～44歳,2012000202,286306,円
消費支出,40～44歳,2012000303,319648,円
消費支出,40～44歳,2012000404,309707,円
消費支出,40～44歳,2012000505,296605,円
消費支出,40～44歳,2012000606,275705,円
消費支出,40～44歳,2012000707,308513,円
消費支出,40～44歳,2012000808,293831,円
消費支出,40～44歳,2012000909,316487,円
消費支出,40～44歳,2012001010,310621,円
消費支出,40～44歳,2012001111,302002,円
消費支出,40～44歳,2012001212,338251,円
消費支出,40～44歳,2013000101,319581,円
消費支出,40～44歳,2013000202,290615,円
消費支出,40～44歳,2013000303,324129,円
消費支出,40～44歳,2013000404,314588,円
消費支出,40～44歳,2013000505,282951,円
消費支出,40～44歳,2013000606,280672,円
消費支出,40～44歳,2013000707,303373,円
消費支出,40～44歳,2013000808,306801,円
消費支出,40～44歳,2013000909,281812,円
消費支出,40～44歳,2013001010,283555,円
消費支出,40～44歳,2013001111,278220,円
消費支出,40～44歳,2013001212,335507,円
消費支出,40～44歳,2014000101,307412,円
消費支出,40～44歳,2014000202,275904,円
消費支出,40～44歳,2014000303,387187,円
消費支出,40～44歳,2014000404,285268,円
消費支出,40～44歳,2014000505,283565,円
消費支出,40～44歳,2014000606,283534,円
消費支出,40～44歳,2014000707,310417,円
消費支出,40～44歳,2014000808,297341,円
消費支出,40～44歳,2014000909,287387,円
消費支出,40～44歳,2014001010,302288,円
消費支出,40～44歳,2014001111,308035,円
消費支出,40～44歳,2014001212,338076,円
消費支出,40～44歳,2015000101,309136,円
消費支出,40～44歳,2015000202,291016,円
消費支出,40～44歳,2015000303,352493,円
消費支出,40～44歳,2015000404,320251,円
消費支出,40～44歳,2015000505,341974,円
消費支出,40～44歳,2015000606,288109,円
消費支出,40～44歳,2015000707,349171,円
消費支出,40～44歳,2015000808,312839,円
消費支出,40～44歳,2015000909,263415,円
消費支出,40～44歳,2015001010,282585,円
消費支出,40～44歳,2015001111,270822,円
消費支出,40～44歳,2015001212,310942,円
消費支出,40～44歳,2016000101,296412,円
消費支出,40～44歳,2016000202,296136,円
消費支出,40～44歳,2016000303,343216,円
消費支出,40～44歳,2016000404,294797,円
消費支出,40～44歳,2016000505,298356,円
消費支出,40～44歳,2016000606,274685,円
消費支出,40～44歳,2016000707,307550,円
消費支出,40～44歳,2016000808,303663,円
消費支出,40～44歳,2016000909,284899,円
消費支出,40～44歳,2016001010,306087,円
消費支出,40～44歳,2016001111,304567,円
消費支出,40～44歳,2016001212,323551,円
消費支出,40～44歳,2017000101,318567,円
消費支出,40～44歳,2017000202,294426,円
消費支出,40～44歳,2017000303,326708,円
消費支出,40～44歳,2017000404,306261,円
消費支出,40～44歳,2017000505,290008,円
消費支出,40～44歳,2017000606,272825,円
消費支出,40～44歳,2017000707,293055,円
消費支出,40～44歳,2017000808,277229,円
消費支出,40～44歳,2017000909,271942,円
消費支出,40～44歳,2017001010,276880,円
消費支出,40～44歳,2017001111,272401,円
消費支出,40～44歳,2017001212,332594,円
消費支出,40～44歳,2018000101,314789,円
消費支出,40～44歳,2018000202,283529,円
消費支出,40～44歳,2018000303,321127,円
消費支出,40～44歳,2018000404,311500,円
消費支出,40～44歳,2018000505,297526,円
消費支出,40～44歳,2018000606,303246,円
消費支出,40～44歳,2018000707,305949,円
消費支出,40～44歳,2018000808,311194,円
消費支出,40～44歳,2018000909,287463,円
消費支出,40～44歳,2018001010,299661,円
消費支出,40～44歳,2018001111,279163,円
消費支出,40～44歳,2018001212,338437,円
消費支出,40～44歳,2019000101,322545,円
消費支出,40～44歳,2019000202,305540,円
消費支出,40～44歳,2019000303,318595,円
消費支出,40～44歳,2019000404,321120,円
消費支出,40～44歳,2019000505,323610,円
消費支出,40～44歳,2019000606,295795,円
消費支出,40～44歳,2019000707,308016,円
消費支出,40～44歳,2019000808,326383,円
消費支出,40～44歳,2019000909,296584,円
消費支出,40～44歳,2019001010,299923,円
消費支出,40～44歳,2019001111,286425,円
消費支出,40～44歳,2019001212,336531,円
消費支出,40～44歳,2020000101,297150,円
消費支出,40～44歳,2020000202,295571,円
消費支出,40～44歳,2020000303,310855,円
消費支出,40～44歳,2020000404,298115,円
消費支出,40～44歳,2020000505,291663,円
消費支出,40～44歳,2020000606,290245,円
消費支出,40～44歳,2020000707,290457,円
消費支出,40～44歳,2020000808,314275,円
消費支出,40～44歳,2020000909,283080,円
消費支出,40～44歳,2020001010,297672,円
消費支出,40～44歳,2020001111,296087,円
消費支出,40～44歳,2020001212,325593,円
消費支出,40～44歳,2021000101,284930,円
消費支出,40～44歳,2021000202,267429,円
消費支出,40～44歳,2021000303,332981,円
消費支出,40～44歳,2021000404,301498,円
消費支出,40～44歳,2021000505,301695,円
消費支出,40～44歳,2021000606,281857,円
消費支出,40～44歳,2021000707,302895,円
消費支出,40～44歳,2021000808,291794,円
消費支出,40～44歳,2021000909,287590,円
消費支出,40～44歳,2021001010,302255,円
消費支出,40～44歳,2021001111,300227,円
消費支出,40～44歳,2021001212,342511,円
消費支出,40～44歳,2022000101,307017,円
消費支出,40～44歳,2022000202,294017,円
消費支出,40～44歳,2022000303,351174,円
消費支出,40～44歳,2022000404,310407,円
消費支出,40～44歳,2022000505,297217,円
消費支出,40～44歳,2022000606,299749,円
消費支出,40～44歳,2022000707,289089,円
消費支出,40～44歳,2022000808,341560,円
消費支出,40～44歳,2022000909,277971,円
消費支出,40～44歳,2022001010,307998,円
消費支出,40～44歳,2022001111,293171,円
消費支出,40～44歳,2022001212,336566,円
消費支出,40～44歳,2023000101,341879,円
消費支出,40～44歳,2023000202,285002,円
消費支出,40～44歳,2023000303,317672,円
消費支出,40～44歳,2023000404,321873,円
消費支出,40～44歳,2023000505,304660,円
消費支出,40～44歳,2023000606,300403,円
消費支出,40～44歳,2023000707,306244,円
消費支出,40～44歳,2023000808,309415,円
消費支出,40～44歳,2023000909,285533,円
消費支出,40～44歳,2023001010,288297,円
消費支出,40～44歳,2023001111,302832,円
消費支出,40～44歳,2023001212,322379,円
消費支出,40～44歳,2024000101,304506,円
消費支出,40～44歳,2024000202,303559,円
消費支出,40～44歳,2024000303,336434,円
消費支出,40～44歳,2024000404,318376,円
消費支出,40～44歳,2024000505,291549,円
消費支出,40～44歳,2024000606,278388,円
消費支出,40～44歳,2024000707,305426,円
消費支出,40～44歳,2024000808,325388,円
消費支出,40～44歳,2024000909,301157,円
消費支出,40～44歳,2024001010,304114,円
消費支出,40～44歳,2024001111,320721,円
消費支出,40～44歳,2024001212,347186,円
消費支出,40～44歳,2025000101,334062,円
消費支出,40～44歳,2025000202,336165,円
消費支出,40～44歳,2025000303,377677,円
消費支出,40～44歳,2025000404,339656,円
消費支出,40～44歳,2025000505,341625,円
消費支出,40～44歳,2025000606,350039,円
消費支出,40～44歳,2025000707,351405,円
消費支出,40～44歳,2025000808,345091,円
消費支出,40～44歳,2025000909,319264,円
消費支出,40～44歳,2025001010,309878,円
消費支出,40～44歳,2025001111,310033,円
消費支出,40～44歳,2025001212,341874,円
消費支出,40～44歳,2026000101,330119,円
消費支出,40～44歳,2026000202,320404,円
消費支出,40～44歳,2026000303,337394,円
消費支出,40～44歳,2026000404,358556,円
消費支出,40～44歳,2026000505,348831,円
消費支出,45～49歳,2000000101,388325,円
消費支出,45～49歳,2000000202,348130,円
消費支出,45～49歳,2000000303,452912,円
消費支出,45～49歳,2000000404,462495,円
消費支出,45～49歳,2000000505,370787,円
消費支出,45～49歳,2000000606,341227,円
消費支出,45～49歳,2000000707,380387,円
消費支出,45～49歳,2000000808,359094,円
消費支出,45～49歳,2000000909,351108,円
消費支出,45～49歳,2000001010,375437,円
消費支出,45～49歳,2000001111,349836,円
消費支出,45～49歳,2000001212,483561,円
消費支出,45～49歳,2001000101,387726,円
消費支出,45～49歳,2001000202,355301,円
消費支出,45～49歳,2001000303,467024,円
消費支出,45～49歳,2001000404,426535,円
消費支出,45～49歳,2001000505,346990,円
消費支出,45～49歳,2001000606,361620,円
消費支出,45～49歳,2001000707,404868,円
消費支出,45～49歳,2001000808,350491,円
消費支出,45～49歳,2001000909,355972,円
消費支出,45～49歳,2001001010,356068,円
消費支出,45～49歳,2001001111,359706,円
消費支出,45～49歳,2001001212,436517,円
消費支出,45～49歳,2002000101,374170,円
消費支出,45～49歳,2002000202,355138,円
消費支出,45～49歳,2002000303,409555,円
消費支出,45～49歳,2002000404,413886,円
消費支出,45～49歳,2002000505,345302,円
消費支出,45～49歳,2002000606,349482,円
消費支出,45～49歳,2002000707,402536,円
消費支出,45～49歳,2002000808,340233,円
消費支出,45～49歳,2002000909,349421,円
消費支出,45～49歳,2002001010,335736,円
消費支出,45～49歳,2002001111,340593,円
消費支出,45～49歳,2002001212,424967,円
消費支出,45～49歳,2003000101,358522,円
消費支出,45～49歳,2003000202,331663,円
消費支出,45～49歳,2003000303,415490,円
消費支出,45～49歳,2003000404,401788,円
消費支出,45～49歳,2003000505,349123,円
消費支出,45～49歳,2003000606,343513,円
消費支出,45～49歳,2003000707,374989,円
消費支出,45～49歳,2003000808,393523,円
消費支出,45～49歳,2003000909,351172,円
消費支出,45～49歳,2003001010,359272,円
消費支出,45～49歳,2003001111,342023,円
消費支出,45～49歳,2003001212,452970,円
消費支出,45～49歳,2004000101,395723,円
消費支出,45～49歳,2004000202,378507,円
消費支出,45～49歳,2004000303,452919,円
消費支出,45～49歳,2004000404,426339,円
消費支出,45～49歳,2004000505,378559,円
消費支出,45～49歳,2004000606,337794,円
消費支出,45～49歳,2004000707,387196,円
消費支出,45～49歳,2004000808,380498,円
消費支出,45～49歳,2004000909,382255,円
消費支出,45～49歳,2004001010,361965,円
消費支出,45～49歳,2004001111,337701,円
消費支出,45～49歳,2004001212,409821,円
消費支出,45～49歳,2005000101,408561,円
消費支出,45～49歳,2005000202,348783,円
消費支出,45～49歳,2005000303,427829,円
消費支出,45～49歳,2005000404,416126,円
消費支出,45～49歳,2005000505,343713,円
消費支出,45～49歳,2005000606,335821,円
消費支出,45～49歳,2005000707,355353,円
消費支出,45～49歳,2005000808,358268,円
消費支出,45～49歳,2005000909,344234,円
消費支出,45～49歳,2005001010,362316,円
消費支出,45～49歳,2005001111,336486,円
消費支出,45～49歳,2005001212,467234,円
消費支出,45～49歳,2006000101,370883,円
消費支出,45～49歳,2006000202,362565,円
消費支出,45～49歳,2006000303,434424,円
消費支出,45～49歳,2006000404,436081,円
消費支出,45～49歳,2006000505,371134,円
消費支出,45～49歳,2006000606,337771,円
消費支出,45～49歳,2006000707,371971,円
消費支出,45～49歳,2006000808,370621,円
消費支出,45～49歳,2006000909,330481,円
消費支出,45～49歳,2006001010,364482,円
消費支出,45～49歳,2006001111,320858,円
消費支出,45～49歳,2006001212,409902,円
消費支出,45～49歳,2007000101,377350,円
消費支出,45～49歳,2007000202,322708,円
消費支出,45～49歳,2007000303,396304,円
消費支出,45～49歳,2007000404,429890,円
消費支出,45～49歳,2007000505,344347,円
消費支出,45～49歳,2007000606,318960,円
消費支出,45～49歳,2007000707,344782,円
消費支出,45～49歳,2007000808,356964,円
消費支出,45～49歳,2007000909,349757,円
消費支出,45～49歳,2007001010,369479,円
消費支出,45～49歳,2007001111,330595,円
消費支出,45～49歳,2007001212,427776,円
消費支出,45～49歳,2008000101,413772,円
消費支出,45～49歳,2008000202,322824,円
消費支出,45～49歳,2008000303,423574,円
消費支出,45～49歳,2008000404,417837,円
消費支出,45～49歳,2008000505,365398,円
消費支出,45～49歳,2008000606,328044,円
消費支出,45～49歳,2008000707,358195,円
消費支出,45～49歳,2008000808,360938,円
消費支出,45～49歳,2008000909,342211,円
消費支出,45～49歳,2008001010,349221,円
消費支出,45～49歳,2008001111,323943,円
消費支出,45～49歳,2008001212,395524,円
消費支出,45～49歳,2009000101,371524,円
消費支出,45～49歳,2009000202,336414,円
消費支出,45～49歳,2009000303,400926,円
消費支出,45～49歳,2009000404,398121,円
消費支出,45～49歳,2009000505,357949,円
消費支出,45～49歳,2009000606,329569,円
消費支出,45～49歳,2009000707,363468,円
消費支出,45～49歳,2009000808,347651,円
消費支出,45～49歳,2009000909,336364,円
消費支出,45～49歳,2009001010,337060,円
消費支出,45～49歳,2009001111,325906,円
消費支出,45～49歳,2009001212,395525,円
消費支出,45～49歳,2010000101,353567,円
消費支出,45～49歳,2010000202,315018,円
消費支出,45～49歳,2010000303,389463,円
消費支出,45～49歳,2010000404,408057,円
消費支出,45～49歳,2010000505,323993,円
消費支出,45～49歳,2010000606,303776,円
消費支出,45～49歳,2010000707,344575,円
消費支出,45～49歳,2010000808,343784,円
消費支出,45～49歳,2010000909,330821,円
消費支出,45～49歳,2010001010,361620,円
消費支出,45～49歳,2010001111,317453,円
消費支出,45～49歳,2010001212,384087,円
消費支出,45～49歳,2011000101,357842,円
消費支出,45～49歳,2011000202,329491,円
消費支出,45～49歳,2011000303,366837,円
消費支出,45～49歳,2011000404,335181,円
消費支出,45～49歳,2011000505,327026,円
消費支出,45～49歳,2011000606,298471,円
消費支出,45～49歳,2011000707,345466,円
消費支出,45～49歳,2011000808,336399,円
消費支出,45～49歳,2011000909,364430,円
消費支出,45～49歳,2011001010,374952,円
消費支出,45～49歳,2011001111,318398,円
消費支出,45～49歳,2011001212,395681,円
消費支出,45～49歳,2012000101,349376,円
消費支出,45～49歳,2012000202,329676,円
消費支出,45～49歳,2012000303,395636,円
消費支出,45～49歳,2012000404,393251,円
消費支出,45～49歳,2012000505,316369,円
消費支出,45～49歳,2012000606,285787,円
消費支出,45～49歳,2012000707,306945,円
消費支出,45～49歳,2012000808,315628,円
消費支出,45～49歳,2012000909,300800,円
消費支出,45～49歳,2012001010,308367,円
消費支出,45～49歳,2012001111,318274,円
消費支出,45～49歳,2012001212,388496,円
消費支出,45～49歳,2013000101,354510,円
消費支出,45～49歳,2013000202,317388,円
消費支出,45～49歳,2013000303,389339,円
消費支出,45～49歳,2013000404,368366,円
消費支出,45～49歳,2013000505,344419,円
消費支出,45～49歳,2013000606,310817,円
消費支出,45～49歳,2013000707,340322,円
消費支出,45～49歳,2013000808,344420,円
消費支出,45～49歳,2013000909,363531,円
消費支出,45～49歳,2013001010,332884,円
消費支出,45～49歳,2013001111,312431,円
消費支出,45～49歳,2013001212,387137,円
消費支出,45～49歳,2014000101,362081,円
消費支出,45～49歳,2014000202,361484,円
消費支出,45～49歳,2014000303,428747,円
消費支出,45～49歳,2014000404,377384,円
消費支出,45～49歳,2014000505,333675,円
消費支出,45～49歳,2014000606,323209,円
消費支出,45～49歳,2014000707,336560,円
消費支出,45～49歳,2014000808,337416,円
消費支出,45～49歳,2014000909,323177,円
消費支出,45～49歳,2014001010,342760,円
消費支出,45～49歳,2014001111,331152,円
消費支出,45～49歳,2014001212,373714,円
消費支出,45～49歳,2015000101,348162,円
消費支出,45～49歳,2015000202,322544,円
消費支出,45～49歳,2015000303,375715,円
消費支出,45～49歳,2015000404,362092,円
消費支出,45～49歳,2015000505,339214,円
消費支出,45～49歳,2015000606,315127,円
消費支出,45～49歳,2015000707,326057,円
消費支出,45～49歳,2015000808,326754,円
消費支出,45～49歳,2015000909,343614,円
消費支出,45～49歳,2015001010,336432,円
消費支出,45～49歳,2015001111,305473,円
消費支出,45～49歳,2015001212,404994,円
消費支出,45～49歳,2016000101,336927,円
消費支出,45～49歳,2016000202,326928,円
消費支出,45～49歳,2016000303,379790,円
消費支出,45～49歳,2016000404,402012,円
消費支出,45～49歳,2016000505,343046,円
消費支出,45～49歳,2016000606,293361,円
消費支出,45～49歳,2016000707,320934,円
消費支出,45～49歳,2016000808,324534,円
消費支出,45～49歳,2016000909,312732,円
消費支出,45～49歳,2016001010,321314,円
消費支出,45～49歳,2016001111,299105,円
消費支出,45～49歳,2016001212,373089,円
消費支出,45～49歳,2017000101,329695,円
消費支出,45～49歳,2017000202,310356,円
消費支出,45～49歳,2017000303,374889,円
消費支出,45～49歳,2017000404,366995,円
消費支出,45～49歳,2017000505,350959,円
消費支出,45～49歳,2017000606,328993,円
消費支出,45～49歳,2017000707,329754,円
消費支出,45～49歳,2017000808,348242,円
消費支出,45～49歳,2017000909,332833,円
消費支出,45～49歳,2017001010,351294,円
消費支出,45～49歳,2017001111,332833,円
消費支出,45～49歳,2017001212,380449,円
消費支出,45～49歳,2018000101,344676,円
消費支出,45～49歳,2018000202,300776,円
消費支出,45～49歳,2018000303,369455,円
消費支出,45～49歳,2018000404,352348,円
消費支出,45～49歳,2018000505,333921,円
消費支出,45～49歳,2018000606,311387,円
消費支出,45～49歳,2018000707,345310,円
消費支出,45～49歳,2018000808,343866,円
消費支出,45～49歳,2018000909,349374,円
消費支出,45～49歳,2018001010,335482,円
消費支出,45～49歳,2018001111,335217,円
消費支出,45～49歳,2018001212,397862,円
消費支出,45～49歳,2019000101,366060,円
消費支出,45～49歳,2019000202,319735,円
消費支出,45～49歳,2019000303,394699,円
消費支出,45～49歳,2019000404,397385,円
消費支出,45～49歳,2019000505,354724,円
消費支出,45～49歳,2019000606,332094,円
消費支出,45～49歳,2019000707,341036,円
消費支出,45～49歳,2019000808,335573,円
消費支出,45～49歳,2019000909,378367,円
消費支出,45～49歳,2019001010,330140,円
消費支出,45～49歳,2019001111,342671,円
消費支出,45～49歳,2019001212,373619,円
消費支出,45～49歳,2020000101,339320,円
消費支出,45～49歳,2020000202,344869,円
消費支出,45～49歳,2020000303,358515,円
消費支出,45～49歳,2020000404,338320,円
消費支出,45～49歳,2020000505,312383,円
消費支出,45～49歳,2020000606,333300,円
消費支出,45～49歳,2020000707,310796,円
消費支出,45～49歳,2020000808,317418,円
消費支出,45～49歳,2020000909,344543,円
消費支出,45～49歳,2020001010,329976,円
消費支出,45～49歳,2020001111,336423,円
消費支出,45～49歳,2020001212,364102,円
消費支出,45～49歳,2021000101,315300,円
消費支出,45～49歳,2021000202,311379,円
消費支出,45～49歳,2021000303,381441,円
消費支出,45～49歳,2021000404,354240,円
消費支出,45～49歳,2021000505,331717,円
消費支出,45～49歳,2021000606,302851,円
消費支出,45～49歳,2021000707,316497,円
消費支出,45～49歳,2021000808,297266,円
消費支出,45～49歳,2021000909,325924,円
消費支出,45～49歳,2021001010,329831,円
消費支出,45～49歳,2021001111,308828,円
消費支出,45～49歳,2021001212,361664,円
消費支出,45～49歳,2022000101,332548,円
消費支出,45～49歳,2022000202,306678,円
消費支出,45～49歳,2022000303,392493,円
消費支出,45～49歳,2022000404,381314,円
消費支出,45～49歳,2022000505,338469,円
消費支出,45～49歳,2022000606,293943,円
消費支出,45～49歳,2022000707,319711,円
消費支出,45～49歳,2022000808,351623,円
消費支出,45～49歳,2022000909,329779,円
消費支出,45～49歳,2022001010,356297,円
消費支出,45～49歳,2022001111,315485,円
消費支出,45～49歳,2022001212,370300,円
消費支出,45～49歳,2023000101,353288,円
消費支出,45～49歳,2023000202,349314,円
消費支出,45～49歳,2023000303,376076,円
消費支出,45～49歳,2023000404,398384,円
消費支出,45～49歳,2023000505,349939,円
消費支出,45～49歳,2023000606,292611,円
消費支出,45～49歳,2023000707,331564,円
消費支出,45～49歳,2023000808,342509,円
消費支出,45～49歳,2023000909,344875,円
消費支出,45～49歳,2023001010,342155,円
消費支出,45～49歳,2023001111,294938,円
消費支出,45～49歳,2023001212,355471,円
消費支出,45～49歳,2024000101,310431,円
消費支出,45～49歳,2024000202,335958,円
消費支出,45～49歳,2024000303,402531,円
消費支出,45～49歳,2024000404,382558,円
消費支出,45～49歳,2024000505,334994,円
消費支出,45～49歳,2024000606,323537,円
消費支出,45～49歳,2024000707,345246,円
消費支出,45～49歳,2024000808,331767,円
消費支出,45～49歳,2024000909,339448,円
消費支出,45～49歳,2024001010,334597,円
消費支出,45～49歳,2024001111,337154,円
消費支出,45～49歳,2024001212,408523,円
消費支出,45～49歳,2025000101,338279,円
消費支出,45～49歳,2025000202,334559,円
消費支出,45～49歳,2025000303,422645,円
消費支出,45～49歳,2025000404,390599,円
消費支出,45～49歳,2025000505,366298,円
消費支出,45～49歳,2025000606,322192,円
消費支出,45～49歳,2025000707,396708,円
消費支出,45～49歳,2025000808,374302,円
消費支出,45～49歳,2025000909,349918,円
消費支出,45～49歳,2025001010,347352,円
消費支出,45～49歳,2025001111,360179,円
消費支出,45～49歳,2025001212,402872,円
消費支出,45～49歳,2026000101,370661,円
消費支出,45～49歳,2026000202,331611,円
消費支出,45～49歳,2026000303,430702,円
消費支出,45～49歳,2026000404,391191,円
消費支出,45～49歳,2026000505,387491,円
消費支出,50～54歳,2000000101,372895,円
消費支出,50～54歳,2000000202,355103,円
消費支出,50～54歳,2000000303,448925,円
消費支出,50～54歳,2000000404,486084,円
消費支出,50～54歳,2000000505,366449,円
消費支出,50～54歳,2000000606,346779,円
消費支出,50～54歳,2000000707,403136,円
消費支出,50～54歳,2000000808,396037,円
消費支出,50～54歳,2000000909,404758,円
消費支出,50～54歳,2000001010,401412,円
消費支出,50～54歳,2000001111,353113,円
消費支出,50～54歳,2000001212,502663,円
消費支出,50～54歳,2001000101,405487,円
消費支出,50～54歳,2001000202,379759,円
消費支出,50～54歳,2001000303,476444,円
消費支出,50～54歳,2001000404,434980,円
消費支出,50～54歳,2001000505,367406,円
消費支出,50～54歳,2001000606,340100,円
消費支出,50～54歳,2001000707,399810,円
消費支出,50～54歳,2001000808,376369,円
消費支出,50～54歳,2001000909,393014,円
消費支出,50～54歳,2001001010,402719,円
消費支出,50～54歳,2001001111,355008,円
消費支出,50～54歳,2001001212,463891,円
消費支出,50～54歳,2002000101,400306,円
消費支出,50～54歳,2002000202,353604,円
消費支出,50～54歳,2002000303,437143,円
消費支出,50～54歳,2002000404,431571,円
消費支出,50～54歳,2002000505,353498,円
消費支出,50～54歳,2002000606,334485,円
消費支出,50～54歳,2002000707,379730,円
消費支出,50～54歳,2002000808,371186,円
消費支出,50～54歳,2002000909,412577,円
消費支出,50～54歳,2002001010,397440,円
消費支出,50～54歳,2002001111,352043,円
消費支出,50～54歳,2002001212,437700,円
消費支出,50～54歳,2003000101,362508,円
消費支出,50～54歳,2003000202,332333,円
消費支出,50～54歳,2003000303,446048,円
消費支出,50～54歳,2003000404,448778,円
消費支出,50～54歳,2003000505,343685,円
消費支出,50～54歳,2003000606,353859,円
消費支出,50～54歳,2003000707,398723,円
消費支出,50～54歳,2003000808,386866,円
消費支出,50～54歳,2003000909,379246,円
消費支出,50～54歳,2003001010,388770,円
消費支出,50～54歳,2003001111,354685,円
消費支出,50～54歳,2003001212,417223,円
消費支出,50～54歳,2004000101,380054,円
消費支出,50～54歳,2004000202,384771,円
消費支出,50～54歳,2004000303,414453,円
消費支出,50～54歳,2004000404,458541,円
消費支出,50～54歳,2004000505,355728,円
消費支出,50～54歳,2004000606,334851,円
消費支出,50～54歳,2004000707,365533,円
消費支出,50～54歳,2004000808,387700,円
消費支出,50～54歳,2004000909,395556,円
消費支出,50～54歳,2004001010,387202,円
消費支出,50～54歳,2004001111,332409,円
消費支出,50～54歳,2004001212,453526,円
消費支出,50～54歳,2005000101,375128,円
消費支出,50～54歳,2005000202,324037,円
消費支出,50～54歳,2005000303,433050,円
消費支出,50～54歳,2005000404,433028,円
消費支出,50～54歳,2005000505,355146,円
消費支出,50～54歳,2005000606,366207,円
消費支出,50～54歳,2005000707,362706,円
消費支出,50～54歳,2005000808,381100,円
消費支出,50～54歳,2005000909,391681,円
消費支出,50～54歳,2005001010,391176,円
消費支出,50～54歳,2005001111,354970,円
消費支出,50～54歳,2005001212,423664,円
消費支出,50～54歳,2006000101,360385,円
消費支出,50～54歳,2006000202,348176,円
消費支出,50～54歳,2006000303,432135,円
消費支出,50～54歳,2006000404,423978,円
消費支出,50～54歳,2006000505,321492,円
消費支出,50～54歳,2006000606,331814,円
消費支出,50～54歳,2006000707,328215,円
消費支出,50～54歳,2006000808,330371,円
消費支出,50～54歳,2006000909,334390,円
消費支出,50～54歳,2006001010,368762,円
消費支出,50～54歳,2006001111,330384,円
消費支出,50～54歳,2006001212,412358,円
消費支出,50～54歳,2007000101,383550,円
消費支出,50～54歳,2007000202,344147,円
消費支出,50～54歳,2007000303,426085,円
消費支出,50～54歳,2007000404,471893,円
消費支出,50～54歳,2007000505,356847,円
消費支出,50～54歳,2007000606,331068,円
消費支出,50～54歳,2007000707,343767,円
消費支出,50～54歳,2007000808,366704,円
消費支出,50～54歳,2007000909,378244,円
消費支出,50～54歳,2007001010,390398,円
消費支出,50～54歳,2007001111,348234,円
消費支出,50～54歳,2007001212,408677,円
消費支出,50～54歳,2008000101,408729,円
消費支出,50～54歳,2008000202,360105,円
消費支出,50～54歳,2008000303,418485,円
消費支出,50～54歳,2008000404,471000,円
消費支出,50～54歳,2008000505,363038,円
消費支出,50～54歳,2008000606,347964,円
消費支出,50～54歳,2008000707,370660,円
消費支出,50～54歳,2008000808,375914,円
消費支出,50～54歳,2008000909,372767,円
消費支出,50～54歳,2008001010,395631,円
消費支出,50～54歳,2008001111,341908,円
消費支出,50～54歳,2008001212,394329,円
消費支出,50～54歳,2009000101,361771,円
消費支出,50～54歳,2009000202,340770,円
消費支出,50～54歳,2009000303,441372,円
消費支出,50～54歳,2009000404,467643,円
消費支出,50～54歳,2009000505,373965,円
消費支出,50～54歳,2009000606,365698,円
消費支出,50～54歳,2009000707,379346,円
消費支出,50～54歳,2009000808,353132,円
消費支出,50～54歳,2009000909,350300,円
消費支出,50～54歳,2009001010,354708,円
消費支出,50～54歳,2009001111,328983,円
消費支出,50～54歳,2009001212,397968,円
消費支出,50～54歳,2010000101,340930,円
消費支出,50～54歳,2010000202,319883,円
消費支出,50～54歳,2010000303,460946,円
消費支出,50～54歳,2010000404,434533,円
消費支出,50～54歳,2010000505,356207,円
消費支出,50～54歳,2010000606,326876,円
消費支出,50～54歳,2010000707,360824,円
消費支出,50～54歳,2010000808,365133,円
消費支出,50～54歳,2010000909,387114,円
消費支出,50～54歳,2010001010,401584,円
消費支出,50～54歳,2010001111,348228,円
消費支出,50～54歳,2010001212,416282,円
消費支出,50～54歳,2011000101,352542,円
消費支出,50～54歳,2011000202,325389,円
消費支出,50～54歳,2011000303,359911,円
消費支出,50～54歳,2011000404,475853,円
消費支出,50～54歳,2011000505,346884,円
消費支出,50～54歳,2011000606,327719,円
消費支出,50～54歳,2011000707,339000,円
消費支出,50～54歳,2011000808,331051,円
消費支出,50～54歳,2011000909,362592,円
消費支出,50～54歳,2011001010,368745,円
消費支出,50～54歳,2011001111,349730,円
消費支出,50～54歳,2011001212,400887,円
消費支出,50～54歳,2012000101,365806,円
消費支出,50～54歳,2012000202,341564,円
消費支出,50～54歳,2012000303,406592,円
消費支出,50～54歳,2012000404,430129,円
消費支出,50～54歳,2012000505,348883,円
消費支出,50～54歳,2012000606,346815,円
消費支出,50～54歳,2012000707,322217,円
消費支出,50～54歳,2012000808,345846,円
消費支出,50～54歳,2012000909,369771,円
消費支出,50～54歳,2012001010,368798,円
消費支出,50～54歳,2012001111,346120,円
消費支出,50～54歳,2012001212,396754,円
消費支出,50～54歳,2013000101,371257,円
消費支出,50～54歳,2013000202,328374,円
消費支出,50～54歳,2013000303,429317,円
消費支出,50～54歳,2013000404,423209,円
消費支出,50～54歳,2013000505,347597,円
消費支出,50～54歳,2013000606,338804,円
消費支出,50～54歳,2013000707,322366,円
消費支出,50～54歳,2013000808,341467,円
消費支出,50～54歳,2013000909,377957,円
消費支出,50～54歳,2013001010,395104,円
消費支出,50～54歳,2013001111,365719,円
消費支出,50～54歳,2013001212,415704,円
消費支出,50～54歳,2014000101,391468,円
消費支出,50～54歳,2014000202,323869,円
消費支出,50～54歳,2014000303,415023,円
消費支出,50～54歳,2014000404,423832,円
消費支出,50～54歳,2014000505,321296,円
消費支出,50～54歳,2014000606,309224,円
消費支出,50～54歳,2014000707,323902,円
消費支出,50～54歳,2014000808,326633,円
消費支出,50～54歳,2014000909,338028,円
消費支出,50～54歳,2014001010,349073,円
消費支出,50～54歳,2014001111,329251,円
消費支出,50～54歳,2014001212,376235,円
消費支出,50～54歳,2015000101,354129,円
消費支出,50～54歳,2015000202,312720,円
消費支出,50～54歳,2015000303,414187,円
消費支出,50～54歳,2015000404,400079,円
消費支出,50～54歳,2015000505,357072,円
消費支出,50～54歳,2015000606,313331,円
消費支出,50～54歳,2015000707,326073,円
消費支出,50～54歳,2015000808,364678,円
消費支出,50～54歳,2015000909,339724,円
消費支出,50～54歳,2015001010,385189,円
消費支出,50～54歳,2015001111,355264,円
消費支出,50～54歳,2015001212,363003,円
消費支出,50～54歳,2016000101,347021,円
消費支出,50～54歳,2016000202,325898,円
消費支出,50～54歳,2016000303,397596,円
消費支出,50～54歳,2016000404,455872,円
消費支出,50～54歳,2016000505,357346,円
消費支出,50～54歳,2016000606,307440,円
消費支出,50～54歳,2016000707,334306,円
消費支出,50～54歳,2016000808,327450,円
消費支出,50～54歳,2016000909,336945,円
消費支出,50～54歳,2016001010,349286,円
消費支出,50～54歳,2016001111,325767,円
消費支出,50～54歳,2016001212,402274,円
消費支出,50～54歳,2017000101,358271,円
消費支出,50～54歳,2017000202,371976,円
消費支出,50～54歳,2017000303,420145,円
消費支出,50～54歳,2017000404,453743,円
消費支出,50～54歳,2017000505,351371,円
消費支出,50～54歳,2017000606,368760,円
消費支出,50～54歳,2017000707,357832,円
消費支出,50～54歳,2017000808,319410,円
消費支出,50～54歳,2017000909,329859,円
消費支出,50～54歳,2017001010,379494,円
消費支出,50～54歳,2017001111,352709,円
消費支出,50～54歳,2017001212,401842,円
消費支出,50～54歳,2018000101,343553,円
消費支出,50～54歳,2018000202,312499,円
消費支出,50～54歳,2018000303,377584,円
消費支出,50～54歳,2018000404,428174,円
消費支出,50～54歳,2018000505,354424,円
消費支出,50～54歳,2018000606,308541,円
消費支出,50～54歳,2018000707,345300,円
消費支出,50～54歳,2018000808,360712,円
消費支出,50～54歳,2018000909,344133,円
消費支出,50～54歳,2018001010,384365,円
消費支出,50～54歳,2018001111,352701,円
消費支出,50～54歳,2018001212,393372,円
消費支出,50～54歳,2019000101,366822,円
消費支出,50～54歳,2019000202,323486,円
消費支出,50～54歳,2019000303,400296,円
消費支出,50～54歳,2019000404,402647,円
消費支出,50～54歳,2019000505,382004,円
消費支出,50～54歳,2019000606,328267,円
消費支出,50～54歳,2019000707,346569,円
消費支出,50～54歳,2019000808,344482,円
消費支出,50～54歳,2019000909,398933,円
消費支出,50～54歳,2019001010,360135,円
消費支出,50～54歳,2019001111,334001,円
消費支出,50～54歳,2019001212,384482,円
消費支出,50～54歳,2020000101,357213,円
消費支出,50～54歳,2020000202,344265,円
消費支出,50～54歳,2020000303,373517,円
消費支出,50～54歳,2020000404,378739,円
消費支出,50～54歳,2020000505,318577,円
消費支出,50～54歳,2020000606,317067,円
消費支出,50～54歳,2020000707,309555,円
消費支出,50～54歳,2020000808,332492,円
消費支出,50～54歳,2020000909,341672,円
消費支出,50～54歳,2020001010,347133,円
消費支出,50～54歳,2020001111,349799,円
消費支出,50～54歳,2020001212,374258,円
消費支出,50～54歳,2021000101,358020,円
消費支出,50～54歳,2021000202,332537,円
消費支出,50～54歳,2021000303,425406,円
消費支出,50～54歳,2021000404,419460,円
消費支出,50～54歳,2021000505,386301,円
消費支出,50～54歳,2021000606,309864,円
消費支出,50～54歳,2021000707,343358,円
消費支出,50～54歳,2021000808,315304,円
消費支出,50～54歳,2021000909,358671,円
消費支出,50～54歳,2021001010,367966,円
消費支出,50～54歳,2021001111,325519,円
消費支出,50～54歳,2021001212,379118,円
消費支出,50～54歳,2022000101,354822,円
消費支出,50～54歳,2022000202,324016,円
消費支出,50～54歳,2022000303,369924,円
消費支出,50～54歳,2022000404,422060,円
消費支出,50～54歳,2022000505,365416,円
消費支出,50～54歳,2022000606,338022,円
消費支出,50～54歳,2022000707,349897,円
消費支出,50～54歳,2022000808,339188,円
消費支出,50～54歳,2022000909,395627,円
消費支出,50～54歳,2022001010,395888,円
消費支出,50～54歳,2022001111,347763,円
消費支出,50～54歳,2022001212,396081,円
消費支出,50～54歳,2023000101,375574,円
消費支出,50～54歳,2023000202,327975,円
消費支出,50～54歳,2023000303,420885,円
消費支出,50～54歳,2023000404,415837,円
消費支出,50～54歳,2023000505,349991,円
消費支出,50～54歳,2023000606,319562,円
消費支出,50～54歳,2023000707,324176,円
消費支出,50～54歳,2023000808,334898,円
消費支出,50～54歳,2023000909,362668,円
消費支出,50～54歳,2023001010,368055,円
消費支出,50～54歳,2023001111,313174,円
消費支出,50～54歳,2023001212,409389,円
消費支出,50～54歳,2024000101,343265,円
消費支出,50～54歳,2024000202,335070,円
消費支出,50～54歳,2024000303,435331,円
消費支出,50～54歳,2024000404,411215,円
消費支出,50～54歳,2024000505,362004,円
消費支出,50～54歳,2024000606,313278,円
消費支出,50～54歳,2024000707,340124,円
消費支出,50～54歳,2024000808,343770,円
消費支出,50～54歳,2024000909,347869,円
消費支出,50～54歳,2024001010,395259,円
消費支出,50～54歳,2024001111,331990,円
消費支出,50～54歳,2024001212,416561,円
消費支出,50～54歳,2025000101,374490,円
消費支出,50～54歳,2025000202,341833,円
消費支出,50～54歳,2025000303,463214,円
消費支出,50～54歳,2025000404,470620,円
消費支出,50～54歳,2025000505,391389,円
消費支出,50～54歳,2025000606,350176,円
消費支出,50～54歳,2025000707,339671,円
消費支出,50～54歳,2025000808,377665,円
消費支出,50～54歳,2025000909,378837,円
消費支出,50～54歳,2025001010,365594,円
消費支出,50～54歳,2025001111,384046,円
消費支出,50～54歳,2025001212,396668,円
消費支出,50～54歳,2026000101,354740,円
消費支出,50～54歳,2026000202,338709,円
消費支出,50～54歳,2026000303,416383,円
消費支出,50～54歳,2026000404,442436,円
消費支出,50～54歳,2026000505,409222,円
消費支出,55～59歳,2000000101,352635,円
消費支出,55～59歳,2000000202,343140,円
消費支出,55～59歳,2000000303,391170,円
消費支出,55～59歳,2000000404,361853,円
消費支出,55～59歳,2000000505,378181,円
消費支出,55～59歳,2000000606,335319,円
消費支出,55～59歳,2000000707,373471,円
消費支出,55～59歳,2000000808,371492,円
消費支出,55～59歳,2000000909,356468,円
消費支出,55～59歳,2000001010,369520,円
消費支出,55～59歳,2000001111,357699,円
消費支出,55～59歳,2000001212,471856,円
消費支出,55～59歳,2001000101,346069,円
消費支出,55～59歳,2001000202,358503,円
消費支出,55～59歳,2001000303,375470,円
消費支出,55～59歳,2001000404,349867,円
消費支出,55～59歳,2001000505,365041,円
消費支出,55～59歳,2001000606,339252,円
消費支出,55～59歳,2001000707,369314,円
消費支出,55～59歳,2001000808,349110,円
消費支出,55～59歳,2001000909,327363,円
消費支出,55～59歳,2001001010,349846,円
消費支出,55～59歳,2001001111,319204,円
消費支出,55～59歳,2001001212,418865,円
消費支出,55～59歳,2002000101,342219,円
消費支出,55～59歳,2002000202,303900,円
消費支出,55～59歳,2002000303,384795,円
消費支出,55～59歳,2002000404,368227,円
消費支出,55～59歳,2002000505,332544,円
消費支出,55～59歳,2002000606,350022,円
消費支出,55～59歳,2002000707,368258,円
消費支出,55～59歳,2002000808,363176,円
消費支出,55～59歳,2002000909,353295,円
消費支出,55～59歳,2002001010,393506,円
消費支出,55～59歳,2002001111,313416,円
消費支出,55～59歳,2002001212,409708,円
消費支出,55～59歳,2003000101,312513,円
消費支出,55～59歳,2003000202,313868,円
消費支出,55～59歳,2003000303,355689,円
消費支出,55～59歳,2003000404,363792,円
消費支出,55～59歳,2003000505,327180,円
消費支出,55～59歳,2003000606,330090,円
消費支出,55～59歳,2003000707,341065,円
消費支出,55～59歳,2003000808,350734,円
消費支出,55～59歳,2003000909,339815,円
消費支出,55～59歳,2003001010,346931,円
消費支出,55～59歳,2003001111,309708,円
消費支出,55～59歳,2003001212,410938,円
消費支出,55～59歳,2004000101,315185,円
消費支出,55～59歳,2004000202,321483,円
消費支出,55～59歳,2004000303,361984,円
消費支出,55～59歳,2004000404,406423,円
消費支出,55～59歳,2004000505,349928,円
消費支出,55～59歳,2004000606,341868,円
消費支出,55～59歳,2004000707,361116,円
消費支出,55～59歳,2004000808,328980,円
消費支出,55～59歳,2004000909,332106,円
消費支出,55～59歳,2004001010,374064,円
消費支出,55～59歳,2004001111,347191,円
消費支出,55～59歳,2004001212,401812,円
消費支出,55～59歳,2005000101,356444,円
消費支出,55～59歳,2005000202,330255,円
消費支出,55～59歳,2005000303,382855,円
消費支出,55～59歳,2005000404,362551,円
消費支出,55～59歳,2005000505,342172,円
消費支出,55～59歳,2005000606,326477,円
消費支出,55～59歳,2005000707,349880,円
消費支出,55～59歳,2005000808,374859,円
消費支出,55～59歳,2005000909,339549,円
消費支出,55～59歳,2005001010,373149,円
消費支出,55～59歳,2005001111,348824,円
消費支出,55～59歳,2005001212,423391,円
消費支出,55～59歳,2006000101,345968,円
消費支出,55～59歳,2006000202,323772,円
消費支出,55～59歳,2006000303,370708,円
消費支出,55～59歳,2006000404,340269,円
消費支出,55～59歳,2006000505,319688,円
消費支出,55～59歳,2006000606,330478,円
消費支出,55～59歳,2006000707,314210,円
消費支出,55～59歳,2006000808,341492,円
消費支出,55～59歳,2006000909,332813,円
消費支出,55～59歳,2006001010,355444,円
消費支出,55～59歳,2006001111,348031,円
消費支出,55～59歳,2006001212,415506,円
消費支出,55～59歳,2007000101,356792,円
消費支出,55～59歳,2007000202,309624,円
消費支出,55～59歳,2007000303,363419,円
消費支出,55～59歳,2007000404,373897,円
消費支出,55～59歳,2007000505,354147,円
消費支出,55～59歳,2007000606,318627,円
消費支出,55～59歳,2007000707,358046,円
消費支出,55～59歳,2007000808,370980,円
消費支出,55～59歳,2007000909,327392,円
消費支出,55～59歳,2007001010,360365,円
消費支出,55～59歳,2007001111,312372,円
消費支出,55～59歳,2007001212,401559,円
消費支出,55～59歳,2008000101,337822,円
消費支出,55～59歳,2008000202,313373,円
消費支出,55～59歳,2008000303,355862,円
消費支出,55～59歳,2008000404,365688,円
消費支出,55～59歳,2008000505,328205,円
消費支出,55～59歳,2008000606,331422,円
消費支出,55～59歳,2008000707,359455,円
消費支出,55～59歳,2008000808,346705,円
消費支出,55～59歳,2008000909,356008,円
消費支出,55～59歳,2008001010,352675,円
消費支出,55～59歳,2008001111,348250,円
消費支出,55～59歳,2008001212,434885,円
消費支出,55～59歳,2009000101,365711,円
消費支出,55～59歳,2009000202,310159,円
消費支出,55～59歳,2009000303,362353,円
消費支出,55～59歳,2009000404,420436,円
消費支出,55～59歳,2009000505,331245,円
消費支出,55～59歳,2009000606,309624,円
消費支出,55～59歳,2009000707,318124,円
消費支出,55～59歳,2009000808,327860,円
消費支出,55～59歳,2009000909,324616,円
消費支出,55～59歳,2009001010,329886,円
消費支出,55～59歳,2009001111,335067,円
消費支出,55～59歳,2009001212,439198,円
消費支出,55～59歳,2010000101,372521,円
消費支出,55～59歳,2010000202,321259,円
消費支出,55～59歳,2010000303,402684,円
消費支出,55～59歳,2010000404,364247,円
消費支出,55～59歳,2010000505,327384,円
消費支出,55～59歳,2010000606,324853,円
消費支出,55～59歳,2010000707,369646,円
消費支出,55～59歳,2010000808,324667,円
消費支出,55～59歳,2010000909,324461,円
消費支出,55～59歳,2010001010,341514,円
消費支出,55～59歳,2010001111,317914,円
消費支出,55～59歳,2010001212,354497,円
消費支出,55～59歳,2011000101,348500,円
消費支出,55～59歳,2011000202,272504,円
消費支出,55～59歳,2011000303,304295,円
消費支出,55～59歳,2011000404,365636,円
消費支出,55～59歳,2011000505,322645,円
消費支出,55～59歳,2011000606,325506,円
消費支出,55～59歳,2011000707,361349,円
消費支出,55～59歳,2011000808,351094,円
消費支出,55～59歳,2011000909,320583,円
消費支出,55～59歳,2011001010,325527,円
消費支出,55～59歳,2011001111,301302,円
消費支出,55～59歳,2011001212,354339,円
消費支出,55～59歳,2012000101,314668,円
消費支出,55～59歳,2012000202,297850,円
消費支出,55～59歳,2012000303,352321,円
消費支出,55～59歳,2012000404,370185,円
消費支出,55～59歳,2012000505,343173,円
消費支出,55～59歳,2012000606,323270,円
消費支出,55～59歳,2012000707,351987,円
消費支出,55～59歳,2012000808,374868,円
消費支出,55～59歳,2012000909,319121,円
消費支出,55～59歳,2012001010,387335,円
消費支出,55～59歳,2012001111,324520,円
消費支出,55～59歳,2012001212,399891,円
消費支出,55～59歳,2013000101,354308,円
消費支出,55～59歳,2013000202,320332,円
消費支出,55～59歳,2013000303,392272,円
消費支出,55～59歳,2013000404,353174,円
消費支出,55～59歳,2013000505,319770,円
消費支出,55～59歳,2013000606,297382,円
消費支出,55～59歳,2013000707,334281,円
消費支出,55～59歳,2013000808,368326,円
消費支出,55～59歳,2013000909,353974,円
消費支出,55～59歳,2013001010,346392,円
消費支出,55～59歳,2013001111,362827,円
消費支出,55～59歳,2013001212,410782,円
消費支出,55～59歳,2014000101,341598,円
消費支出,55～59歳,2014000202,290890,円
消費支出,55～59歳,2014000303,466780,円
消費支出,55～59歳,2014000404,393236,円
消費支出,55～59歳,2014000505,325805,円
消費支出,55～59歳,2014000606,331459,円
消費支出,55～59歳,2014000707,374087,円
消費支出,55～59歳,2014000808,346783,円
消費支出,55～59歳,2014000909,333100,円
消費支出,55～59歳,2014001010,357457,円
消費支出,55～59歳,2014001111,315433,円
消費支出,55～59歳,2014001212,400101,円
消費支出,55～59歳,2015000101,328979,円
消費支出,55～59歳,2015000202,298468,円
消費支出,55～59歳,2015000303,388546,円
消費支出,55～59歳,2015000404,374029,円
消費支出,55～59歳,2015000505,325570,円
消費支出,55～59歳,2015000606,308331,円
消費支出,55～59歳,2015000707,337210,円
消費支出,55～59歳,2015000808,346679,円
消費支出,55～59歳,2015000909,356089,円
消費支出,55～59歳,2015001010,340845,円
消費支出,55～59歳,2015001111,319411,円
消費支出,55～59歳,2015001212,364548,円
消費支出,55～59歳,2016000101,377129,円
消費支出,55～59歳,2016000202,332314,円
消費支出,55～59歳,2016000303,372262,円
消費支出,55～59歳,2016000404,400930,円
消費支出,55～59歳,2016000505,353958,円
消費支出,55～59歳,2016000606,307065,円
消費支出,55～59歳,2016000707,338873,円
消費支出,55～59歳,2016000808,346822,円
消費支出,55～59歳,2016000909,342631,円
消費支出,55～59歳,2016001010,329051,円
消費支出,55～59歳,2016001111,321585,円
消費支出,55～59歳,2016001212,379695,円
消費支出,55～59歳,2017000101,340056,円
消費支出,55～59歳,2017000202,300903,円
消費支出,55～59歳,2017000303,386558,円
消費支出,55～59歳,2017000404,367095,円
消費支出,55～59歳,2017000505,372459,円
消費支出,55～59歳,2017000606,314666,円
消費支出,55～59歳,2017000707,336149,円
消費支出,55～59歳,2017000808,329308,円
消費支出,55～59歳,2017000909,313897,円
消費支出,55～59歳,2017001010,344301,円
消費支出,55～59歳,2017001111,324431,円
消費支出,55～59歳,2017001212,377778,円
消費支出,55～59歳,2018000101,361820,円
消費支出,55～59歳,2018000202,323748,円
消費支出,55～59歳,2018000303,369061,円
消費支出,55～59歳,2018000404,374861,円
消費支出,55～59歳,2018000505,323059,円
消費支出,55～59歳,2018000606,297279,円
消費支出,55～59歳,2018000707,325855,円
消費支出,55～59歳,2018000808,351913,円
消費支出,55～59歳,2018000909,333614,円
消費支出,55～59歳,2018001010,350007,円
消費支出,55～59歳,2018001111,321681,円
消費支出,55～59歳,2018001212,385082,円
消費支出,55～59歳,2019000101,363263,円
消費支出,55～59歳,2019000202,342913,円
消費支出,55～59歳,2019000303,398810,円
消費支出,55～59歳,2019000404,387313,円
消費支出,55～59歳,2019000505,362039,円
消費支出,55～59歳,2019000606,347806,円
消費支出,55～59歳,2019000707,344566,円
消費支出,55～59歳,2019000808,344777,円
消費支出,55～59歳,2019000909,371609,円
消費支出,55～59歳,2019001010,366498,円
消費支出,55～59歳,2019001111,300700,円
消費支出,55～59歳,2019001212,398772,円
消費支出,55～59歳,2020000101,322342,円
消費支出,55～59歳,2020000202,300920,円
消費支出,55～59歳,2020000303,354349,円
消費支出,55～59歳,2020000404,359186,円
消費支出,55～59歳,2020000505,278147,円
消費支出,55～59歳,2020000606,335626,円
消費支出,55～59歳,2020000707,309929,円
消費支出,55～59歳,2020000808,351335,円
消費支出,55～59歳,2020000909,320882,円
消費支出,55～59歳,2020001010,385348,円
消費支出,55～59歳,2020001111,305610,円
消費支出,55～59歳,2020001212,353548,円
消費支出,55～59歳,2021000101,310194,円
消費支出,55～59歳,2021000202,298202,円
消費支出,55～59歳,2021000303,386332,円
消費支出,55～59歳,2021000404,406037,円
消費支出,55～59歳,2021000505,323074,円
消費支出,55～59歳,2021000606,278564,円
消費支出,55～59歳,2021000707,313081,円
消費支出,55～59歳,2021000808,311384,円
消費支出,55～59歳,2021000909,307433,円
消費支出,55～59歳,2021001010,378163,円
消費支出,55～59歳,2021001111,319578,円
消費支出,55～59歳,2021001212,380686,円
消費支出,55～59歳,2022000101,311790,円
消費支出,55～59歳,2022000202,312080,円
消費支出,55～59歳,2022000303,372676,円
消費支出,55～59歳,2022000404,416080,円
消費支出,55～59歳,2022000505,364093,円
消費支出,55～59歳,2022000606,341091,円
消費支出,55～59歳,2022000707,394836,円
消費支出,55～59歳,2022000808,363264,円
消費支出,55～59歳,2022000909,344468,円
消費支出,55～59歳,2022001010,360891,円
消費支出,55～59歳,2022001111,324430,円
消費支出,55～59歳,2022001212,387529,円
消費支出,55～59歳,2023000101,351197,円
消費支出,55～59歳,2023000202,300810,円
消費支出,55～59歳,2023000303,353836,円
消費支出,55～59歳,2023000404,342493,円
消費支出,55～59歳,2023000505,329896,円
消費支出,55～59歳,2023000606,328596,円
消費支出,55～59歳,2023000707,318893,円
消費支出,55～59歳,2023000808,321834,円
消費支出,55～59歳,2023000909,374495,円
消費支出,55～59歳,2023001010,393875,円
消費支出,55～59歳,2023001111,346308,円
消費支出,55～59歳,2023001212,381784,円
消費支出,55～59歳,2024000101,347741,円
消費支出,55～59歳,2024000202,358331,円
消費支出,55～59歳,2024000303,374136,円
消費支出,55～59歳,2024000404,419642,円
消費支出,55～59歳,2024000505,349891,円
消費支出,55～59歳,2024000606,301337,円
消費支出,55～59歳,2024000707,323306,円
消費支出,55～59歳,2024000808,332866,円
消費支出,55～59歳,2024000909,334172,円
消費支出,55～59歳,2024001010,324225,円
消費支出,55～59歳,2024001111,344323,円
消費支出,55～59歳,2024001212,439250,円
消費支出,55～59歳,2025000101,353024,円
消費支出,55～59歳,2025000202,338358,円
消費支出,55～59歳,2025000303,382193,円
消費支出,55～59歳,2025000404,398470,円
消費支出,55～59歳,2025000505,363277,円
消費支出,55～59歳,2025000606,335690,円
消費支出,55～59歳,2025000707,331598,円
消費支出,55～59歳,2025000808,361050,円
消費支出,55～59歳,2025000909,361055,円
消費支出,55～59歳,2025001010,397739,円
消費支出,55～59歳,2025001111,356258,円
消費支出,55～59歳,2025001212,356941,円
消費支出,55～59歳,2026000101,349478,円
消費支出,55～59歳,2026000202,317860,円
消費支出,55～59歳,2026000303,401560,円
消費支出,55～59歳,2026000404,375306,円
消費支出,55～59歳,2026000505,369606,円
消費支出,60～64歳,2000000101,290898,円
消費支出,60～64歳,2000000202,299777,円
消費支出,60～64歳,2000000303,357077,円
消費支出,60～64歳,2000000404,315981,円
消費支出,60～64歳,2000000505,320844,円
消費支出,60～64歳,2000000606,309255,円
消費支出,60～64歳,2000000707,367243,円
消費支出,60～64歳,2000000808,319304,円
消費支出,60～64歳,2000000909,286161,円
消費支出,60～64歳,2000001010,319008,円
消費支出,60～64歳,2000001111,283400,円
消費支出,60～64歳,2000001212,436339,円
消費支出,60～64歳,2001000101,278824,円
消費支出,60～64歳,2001000202,289326,円
消費支出,60～64歳,2001000303,341018,円
消費支出,60～64歳,2001000404,315732,円
消費支出,60～64歳,2001000505,315978,円
消費支出,60～64歳,2001000606,296406,円
消費支出,60～64歳,2001000707,310863,円
消費支出,60～64歳,2001000808,332551,円
消費支出,60～64歳,2001000909,309010,円
消費支出,60～64歳,2001001010,307992,円
消費支出,60～64歳,2001001111,386594,円
消費支出,60～64歳,2001001212,371032,円
消費支出,60～64歳,2002000101,277554,円
消費支出,60～64歳,2002000202,254478,円
消費支出,60～64歳,2002000303,324305,円
消費支出,60～64歳,2002000404,302014,円
消費支出,60～64歳,2002000505,285890,円
消費支出,60～64歳,2002000606,286841,円
消費支出,60～64歳,2002000707,357808,円
消費支出,60～64歳,2002000808,313823,円
消費支出,60～64歳,2002000909,262550,円
消費支出,60～64歳,2002001010,333566,円
消費支出,60～64歳,2002001111,308041,円
消費支出,60～64歳,2002001212,395487,円
消費支出,60～64歳,2003000101,305627,円
消費支出,60～64歳,2003000202,281301,円
消費支出,60～64歳,2003000303,338176,円
消費支出,60～64歳,2003000404,304726,円
消費支出,60～64歳,2003000505,336567,円
消費支出,60～64歳,2003000606,300926,円
消費支出,60～64歳,2003000707,296452,円
消費支出,60～64歳,2003000808,313449,円
消費支出,60～64歳,2003000909,310136,円
消費支出,60～64歳,2003001010,333311,円
消費支出,60～64歳,2003001111,308163,円
消費支出,60～64歳,2003001212,397243,円
消費支出,60～64歳,2004000101,324227,円
消費支出,60～64歳,2004000202,285795,円
消費支出,60～64歳,2004000303,305817,円
消費支出,60～64歳,2004000404,388979,円
消費支出,60～64歳,2004000505,318094,円
消費支出,60～64歳,2004000606,304559,円
消費支出,60～64歳,2004000707,330601,円
消費支出,60～64歳,2004000808,312647,円
消費支出,60～64歳,2004000909,318033,円
消費支出,60～64歳,2004001010,287049,円
消費支出,60～64歳,2004001111,283862,円
消費支出,60～64歳,2004001212,334550,円
消費支出,60～64歳,2005000101,287964,円
消費支出,60～64歳,2005000202,266326,円
消費支出,60～64歳,2005000303,330344,円
消費支出,60～64歳,2005000404,366523,円
消費支出,60～64歳,2005000505,314715,円
消費支出,60～64歳,2005000606,297317,円
消費支出,60～64歳,2005000707,342746,円
消費支出,60～64歳,2005000808,297217,円
消費支出,60～64歳,2005000909,314875,円
消費支出,60～64歳,2005001010,343674,円
消費支出,60～64歳,2005001111,317660,円
消費支出,60～64歳,2005001212,412468,円
消費支出,60～64歳,2006000101,377281,円
消費支出,60～64歳,2006000202,286331,円
消費支出,60～64歳,2006000303,305886,円
消費支出,60～64歳,2006000404,363044,円
消費支出,60～64歳,2006000505,310863,円
消費支出,60～64歳,2006000606,300985,円
消費支出,60～64歳,2006000707,339475,円
消費支出,60～64歳,2006000808,295873,円
消費支出,60～64歳,2006000909,277459,円
消費支出,60～64歳,2006001010,288345,円
消費支出,60～64歳,2006001111,287491,円
消費支出,60～64歳,2006001212,359920,円
消費支出,60～64歳,2007000101,274463,円
消費支出,60～64歳,2007000202,284459,円
消費支出,60～64歳,2007000303,334080,円
消費支出,60～64歳,2007000404,284621,円
消費支出,60～64歳,2007000505,273192,円
消費支出,60～64歳,2007000606,302432,円
消費支出,60～64歳,2007000707,318186,円
消費支出,60～64歳,2007000808,309403,円
消費支出,60～64歳,2007000909,321751,円
消費支出,60～64歳,2007001010,310183,円
消費支出,60～64歳,2007001111,313435,円
消費支出,60～64歳,2007001212,392364,円
消費支出,60～64歳,2008000101,292302,円
消費支出,60～64歳,2008000202,300913,円
消費支出,60～64歳,2008000303,312957,円
消費支出,60～64歳,2008000404,316132,円
消費支出,60～64歳,2008000505,287796,円
消費支出,60～64歳,2008000606,307475,円
消費支出,60～64歳,2008000707,321096,円
消費支出,60～64歳,2008000808,302236,円
消費支出,60～64歳,2008000909,287269,円
消費支出,60～64歳,2008001010,289193,円
消費支出,60～64歳,2008001111,316995,円
消費支出,60～64歳,2008001212,376362,円
消費支出,60～64歳,2009000101,325076,円
消費支出,60～64歳,2009000202,288010,円
消費支出,60～64歳,2009000303,300608,円
消費支出,60～64歳,2009000404,295034,円
消費支出,60～64歳,2009000505,288780,円
消費支出,60～64歳,2009000606,283806,円
消費支出,60～64歳,2009000707,299044,円
消費支出,60～64歳,2009000808,299464,円
消費支出,60～64歳,2009000909,305772,円
消費支出,60～64歳,2009001010,304788,円
消費支出,60～64歳,2009001111,350515,円
消費支出,60～64歳,2009001212,376465,円
消費支出,60～64歳,2010000101,325774,円
消費支出,60～64歳,2010000202,284289,円
消費支出,60～64歳,2010000303,350327,円
消費支出,60～64歳,2010000404,315357,円
消費支出,60～64歳,2010000505,299846,円
消費支出,60～64歳,2010000606,350690,円
消費支出,60～64歳,2010000707,316424,円
消費支出,60～64歳,2010000808,348263,円
消費支出,60～64歳,2010000909,337899,円
消費支出,60～64歳,2010001010,332537,円
消費支出,60～64歳,2010001111,365732,円
消費支出,60～64歳,2010001212,388556,円
消費支出,60～64歳,2011000101,319650,円
消費支出,60～64歳,2011000202,285904,円
消費支出,60～64歳,2011000303,320543,円
消費支出,60～64歳,2011000404,315209,円
消費支出,60～64歳,2011000505,309284,円
消費支出,60～64歳,2011000606,280482,円
消費支出,60～64歳,2011000707,298131,円
消費支出,60～64歳,2011000808,324677,円
消費支出,60～64歳,2011000909,289486,円
消費支出,60～64歳,2011001010,303487,円
消費支出,60～64歳,2011001111,286181,円
消費支出,60～64歳,2011001212,391718,円
消費支出,60～64歳,2012000101,292254,円
消費支出,60～64歳,2012000202,300632,円
消費支出,60～64歳,2012000303,310798,円
消費支出,60～64歳,2012000404,320136,円
消費支出,60～64歳,2012000505,315823,円
消費支出,60～64歳,2012000606,298197,円
消費支出,60～64歳,2012000707,324383,円
消費支出,60～64歳,2012000808,305916,円
消費支出,60～64歳,2012000909,285189,円
消費支出,60～64歳,2012001010,322515,円
消費支出,60～64歳,2012001111,287568,円
消費支出,60～64歳,2012001212,386725,円
消費支出,60～64歳,2013000101,289561,円
消費支出,60～64歳,2013000202,312499,円
消費支出,60～64歳,2013000303,365161,円
消費支出,60～64歳,2013000404,356520,円
消費支出,60～64歳,2013000505,332049,円
消費支出,60～64歳,2013000606,292624,円
消費支出,60～64歳,2013000707,297677,円
消費支出,60～64歳,2013000808,294389,円
消費支出,60～64歳,2013000909,344138,円
消費支出,60～64歳,2013001010,321515,円
消費支出,60～64歳,2013001111,287255,円
消費支出,60～64歳,2013001212,351648,円
消費支出,60～64歳,2014000101,325998,円
消費支出,60～64歳,2014000202,305005,円
消費支出,60～64歳,2014000303,361823,円
消費支出,60～64歳,2014000404,305774,円
消費支出,60～64歳,2014000505,277601,円
消費支出,60～64歳,2014000606,294677,円
消費支出,60～64歳,2014000707,312194,円
消費支出,60～64歳,2014000808,325303,円
消費支出,60～64歳,2014000909,326301,円
消費支出,60～64歳,2014001010,319045,円
消費支出,60～64歳,2014001111,320416,円
消費支出,60～64歳,2014001212,391294,円
消費支出,60～64歳,2015000101,343473,円
消費支出,60～64歳,2015000202,300495,円
消費支出,60～64歳,2015000303,342674,円
消費支出,60～64歳,2015000404,345279,円
消費支出,60～64歳,2015000505,314884,円
消費支出,60～64歳,2015000606,285430,円
消費支出,60～64歳,2015000707,300438,円
消費支出,60～64歳,2015000808,306417,円
消費支出,60～64歳,2015000909,287182,円
消費支出,60～64歳,2015001010,309264,円
消費支出,60～64歳,2015001111,285028,円
消費支出,60～64歳,2015001212,342679,円
消費支出,60～64歳,2016000101,291734,円
消費支出,60～64歳,2016000202,262608,円
消費支出,60～64歳,2016000303,332795,円
消費支出,60～64歳,2016000404,286423,円
消費支出,60～64歳,2016000505,270292,円
消費支出,60～64歳,2016000606,269021,円
消費支出,60～64歳,2016000707,307747,円
消費支出,60～64歳,2016000808,288496,円
消費支出,60～64歳,2016000909,303762,円
消費支出,60～64歳,2016001010,321779,円
消費支出,60～64歳,2016001111,295855,円
消費支出,60～64歳,2016001212,369527,円
消費支出,60～64歳,2017000101,274237,円
消費支出,60～64歳,2017000202,327476,円
消費支出,60～64歳,2017000303,297995,円
消費支出,60～64歳,2017000404,321317,円
消費支出,60～64歳,2017000505,344471,円
消費支出,60～64歳,2017000606,282516,円
消費支出,60～64歳,2017000707,329772,円
消費支出,60～64歳,2017000808,305796,円
消費支出,60～64歳,2017000909,320154,円
消費支出,60～64歳,2017001010,333412,円
消費支出,60～64歳,2017001111,297807,円
消費支出,60～64歳,2017001212,394800,円
消費支出,60～64歳,2018000101,310844,円
消費支出,60～64歳,2018000202,301484,円
消費支出,60～64歳,2018000303,323950,円
消費支出,60～64歳,2018000404,343919,円
消費支出,60～64歳,2018000505,319821,円
消費支出,60～64歳,2018000606,300331,円
消費支出,60～64歳,2018000707,289595,円
消費支出,60～64歳,2018000808,306375,円
消費支出,60～64歳,2018000909,301420,円
消費支出,60～64歳,2018001010,300184,円
消費支出,60～64歳,2018001111,277954,円
消費支出,60～64歳,2018001212,326276,円
消費支出,60～64歳,2019000101,288839,円
消費支出,60～64歳,2019000202,283848,円
消費支出,60～64歳,2019000303,323619,円
消費支出,60～64歳,2019000404,313216,円
消費支出,60～64歳,2019000505,333056,円
消費支出,60～64歳,2019000606,321134,円
消費支出,60～64歳,2019000707,319622,円
消費支出,60～64歳,2019000808,304419,円
消費支出,60～64歳,2019000909,313837,円
消費支出,60～64歳,2019001010,289020,円
消費支出,60～64歳,2019001111,319932,円
消費支出,60～64歳,2019001212,329539,円
消費支出,60～64歳,2020000101,322483,円
消費支出,60～64歳,2020000202,273339,円
消費支出,60～64歳,2020000303,304722,円
消費支出,60～64歳,2020000404,290176,円
消費支出,60～64歳,2020000505,276626,円
消費支出,60～64歳,2020000606,269849,円
消費支出,60～64歳,2020000707,275197,円
消費支出,60～64歳,2020000808,279770,円
消費支出,60～64歳,2020000909,296881,円
消費支出,60～64歳,2020001010,284323,円
消費支出,60～64歳,2020001111,306257,円
消費支出,60～64歳,2020001212,346054,円
消費支出,60～64歳,2021000101,298988,円
消費支出,60～64歳,2021000202,265587,円
消費支出,60～64歳,2021000303,324502,円
消費支出,60～64歳,2021000404,327021,円
消費支出,60～64歳,2021000505,292860,円
消費支出,60～64歳,2021000606,283248,円
消費支出,60～64歳,2021000707,317640,円
消費支出,60～64歳,2021000808,323846,円
消費支出,60～64歳,2021000909,285714,円
消費支出,60～64歳,2021001010,314545,円
消費支出,60～64歳,2021001111,320517,円
消費支出,60～64歳,2021001212,358146,円
消費支出,60～64歳,2022000101,346399,円
消費支出,60～64歳,2022000202,265875,円
消費支出,60～64歳,2022000303,339760,円
消費支出,60～64歳,2022000404,320648,円
消費支出,60～64歳,2022000505,305309,円
消費支出,60～64歳,2022000606,312111,円
消費支出,60～64歳,2022000707,310971,円
消費支出,60～64歳,2022000808,300671,円
消費支出,60～64歳,2022000909,307873,円
消費支出,60～64歳,2022001010,305475,円
消費支出,60～64歳,2022001111,281141,円
消費支出,60～64歳,2022001212,349815,円
消費支出,60～64歳,2023000101,290311,円
消費支出,60～64歳,2023000202,298459,円
消費支出,60～64歳,2023000303,318293,円
消費支出,60～64歳,2023000404,319155,円
消費支出,60～64歳,2023000505,305433,円
消費支出,60～64歳,2023000606,325365,円
消費支出,60～64歳,2023000707,312760,円
消費支出,60～64歳,2023000808,304896,円
消費支出,60～64歳,2023000909,300671,円
消費支出,60～64歳,2023001010,334650,円
消費支出,60～64歳,2023001111,313648,円
消費支出,60～64歳,2023001212,351196,円
消費支出,60～64歳,2024000101,289099,円
消費支出,60～64歳,2024000202,284543,円
消費支出,60～64歳,2024000303,322952,円
消費支出,60～64歳,2024000404,325530,円
消費支出,60～64歳,2024000505,303868,円
消費支出,60～64歳,2024000606,327972,円
消費支出,60～64歳,2024000707,298402,円
消費支出,60～64歳,2024000808,346901,円
消費支出,60～64歳,2024000909,296727,円
消費支出,60～64歳,2024001010,365627,円
消費支出,60～64歳,2024001111,340731,円
消費支出,60～64歳,2024001212,357430,円
消費支出,60～64歳,2025000101,342651,円
消費支出,60～64歳,2025000202,312851,円
消費支出,60～64歳,2025000303,358415,円
消費支出,60～64歳,2025000404,327826,円
消費支出,60～64歳,2025000505,357458,円
消費支出,60～64歳,2025000606,338610,円
消費支出,60～64歳,2025000707,362011,円
消費支出,60～64歳,2025000808,370067,円
消費支出,60～64歳,2025000909,392574,円
消費支出,60～64歳,2025001010,350116,円
消費支出,60～64歳,2025001111,365185,円
消費支出,60～64歳,2025001212,373150,円
消費支出,60～64歳,2026000101,319566,円
消費支出,60～64歳,2026000202,307385,円
消費支出,60～64歳,2026000303,359827,円
消費支出,60～64歳,2026000404,340268,円
消費支出,60～64歳,2026000505,332604,円
消費支出,65～69歳,2000000101,353819,円
消費支出,65～69歳,2000000202,277971,円
消費支出,65～69歳,2000000303,328850,円
消費支出,65～69歳,2000000404,317525,円
消費支出,65～69歳,2000000505,286389,円
消費支出,65～69歳,2000000606,324158,円
消費支出,65～69歳,2000000707,303991,円
消費支出,65～69歳,2000000808,316036,円
消費支出,65～69歳,2000000909,282843,円
消費支出,65～69歳,2000001010,300656,円
消費支出,65～69歳,2000001111,292495,円
消費支出,65～69歳,2000001212,377357,円
消費支出,65～69歳,2001000101,282592,円
消費支出,65～69歳,2001000202,244040,円
消費支出,65～69歳,2001000303,286861,円
消費支出,65～69歳,2001000404,316028,円
消費支出,65～69歳,2001000505,315196,円
消費支出,65～69歳,2001000606,253116,円
消費支出,65～69歳,2001000707,287709,円
消費支出,65～69歳,2001000808,339887,円
消費支出,65～69歳,2001000909,293457,円
消費支出,65～69歳,2001001010,290066,円
消費支出,65～69歳,2001001111,288614,円
消費支出,65～69歳,2001001212,402396,円
消費支出,65～69歳,2002000101,301995,円
消費支出,65～69歳,2002000202,281945,円
消費支出,65～69歳,2002000303,277321,円
消費支出,65～69歳,2002000404,367335,円
消費支出,65～69歳,2002000505,293136,円
消費支出,65～69歳,2002000606,308061,円
消費支出,65～69歳,2002000707,302721,円
消費支出,65～69歳,2002000808,288832,円
消費支出,65～69歳,2002000909,273444,円
消費支出,65～69歳,2002001010,318689,円
消費支出,65～69歳,2002001111,299366,円
消費支出,65～69歳,2002001212,374515,円
消費支出,65～69歳,2003000101,323755,円
消費支出,65～69歳,2003000202,264766,円
消費支出,65～69歳,2003000303,268439,円
消費支出,65～69歳,2003000404,270210,円
消費支出,65～69歳,2003000505,274321,円
消費支出,65～69歳,2003000606,256446,円
消費支出,65～69歳,2003000707,268958,円
消費支出,65～69歳,2003000808,263683,円
消費支出,65～69歳,2003000909,262667,円
消費支出,65～69歳,2003001010,260845,円
消費支出,65～69歳,2003001111,302485,円
消費支出,65～69歳,2003001212,356021,円
消費支出,65～69歳,2004000101,265696,円
消費支出,65～69歳,2004000202,274612,円
消費支出,65～69歳,2004000303,307831,円
消費支出,65～69歳,2004000404,314368,円
消費支出,65～69歳,2004000505,281806,円
消費支出,65～69歳,2004000606,273729,円
消費支出,65～69歳,2004000707,319940,円
消費支出,65～69歳,2004000808,284650,円
消費支出,65～69歳,2004000909,256395,円
消費支出,65～69歳,2004001010,264010,円
消費支出,65～69歳,2004001111,273872,円
消費支出,65～69歳,2004001212,348561,円
消費支出,65～69歳,2005000101,257887,円
消費支出,65～69歳,2005000202,239464,円
消費支出,65～69歳,2005000303,307807,円
消費支出,65～69歳,2005000404,328252,円
消費支出,65～69歳,2005000505,320297,円
消費支出,65～69歳,2005000606,262723,円
消費支出,65～69歳,2005000707,276494,円
消費支出,65～69歳,2005000808,282744,円
消費支出,65～69歳,2005000909,288856,円
消費支出,65～69歳,2005001010,269060,円
消費支出,65～69歳,2005001111,282634,円
消費支出,65～69歳,2005001212,331167,円
消費支出,65～69歳,2006000101,268595,円
消費支出,65～69歳,2006000202,238914,円
消費支出,65～69歳,2006000303,296941,円
消費支出,65～69歳,2006000404,295096,円
消費支出,65～69歳,2006000505,330406,円
消費支出,65～69歳,2006000606,283288,円
消費支出,65～69歳,2006000707,288568,円
消費支出,65～69歳,2006000808,302809,円
消費支出,65～69歳,2006000909,257099,円
消費支出,65～69歳,2006001010,336363,円
消費支出,65～69歳,2006001111,275594,円
消費支出,65～69歳,2006001212,329436,円
消費支出,65～69歳,2007000101,275205,円
消費支出,65～69歳,2007000202,262235,円
消費支出,65～69歳,2007000303,307952,円
消費支出,65～69歳,2007000404,317971,円
消費支出,65～69歳,2007000505,305633,円
消費支出,65～69歳,2007000606,303744,円
消費支出,65～69歳,2007000707,281305,円
消費支出,65～69歳,2007000808,262580,円
消費支出,65～69歳,2007000909,287779,円
消費支出,65～69歳,2007001010,315927,円
消費支出,65～69歳,2007001111,261658,円
消費支出,65～69歳,2007001212,454913,円
消費支出,65～69歳,2008000101,290925,円
消費支出,65～69歳,2008000202,247041,円
消費支出,65～69歳,2008000303,315890,円
消費支出,65～69歳,2008000404,282555,円
消費支出,65～69歳,2008000505,287679,円
消費支出,65～69歳,2008000606,259748,円
消費支出,65～69歳,2008000707,284477,円
消費支出,65～69歳,2008000808,373014,円
消費支出,65～69歳,2008000909,294593,円
消費支出,65～69歳,2008001010,308386,円
消費支出,65～69歳,2008001111,319826,円
消費支出,65～69歳,2008001212,328441,円
消費支出,65～69歳,2009000101,278712,円
消費支出,65～69歳,2009000202,272719,円
消費支出,65～69歳,2009000303,333531,円
消費支出,65～69歳,2009000404,306698,円
消費支出,65～69歳,2009000505,296669,円
消費支出,65～69歳,2009000606,278936,円
消費支出,65～69歳,2009000707,284140,円
消費支出,65～69歳,2009000808,297773,円
消費支出,65～69歳,2009000909,328586,円
消費支出,65～69歳,2009001010,285167,円
消費支出,65～69歳,2009001111,281497,円
消費支出,65～69歳,2009001212,336130,円
消費支出,65～69歳,2010000101,241416,円
消費支出,65～69歳,2010000202,257090,円
消費支出,65～69歳,2010000303,267843,円
消費支出,65～69歳,2010000404,243292,円
消費支出,65～69歳,2010000505,289844,円
消費支出,65～69歳,2010000606,276614,円
消費支出,65～69歳,2010000707,269274,円
消費支出,65～69歳,2010000808,294149,円
消費支出,65～69歳,2010000909,255350,円
消費支出,65～69歳,2010001010,269903,円
消費支出,65～69歳,2010001111,237149,円
消費支出,65～69歳,2010001212,290773,円
消費支出,65～69歳,2011000101,283570,円
消費支出,65～69歳,2011000202,243343,円
消費支出,65～69歳,2011000303,269289,円
消費支出,65～69歳,2011000404,266336,円
消費支出,65～69歳,2011000505,288459,円
消費支出,65～69歳,2011000606,272082,円
消費支出,65～69歳,2011000707,283943,円
消費支出,65～69歳,2011000808,347511,円
消費支出,65～69歳,2011000909,325348,円
消費支出,65～69歳,2011001010,287627,円
消費支出,65～69歳,2011001111,324084,円
消費支出,65～69歳,2011001212,350836,円
消費支出,65～69歳,2012000101,256571,円
消費支出,65～69歳,2012000202,275147,円
消費支出,65～69歳,2012000303,298223,円
消費支出,65～69歳,2012000404,285102,円
消費支出,65～69歳,2012000505,287227,円
消費支出,65～69歳,2012000606,300987,円
消費支出,65～69歳,2012000707,300159,円
消費支出,65～69歳,2012000808,279513,円
消費支出,65～69歳,2012000909,298807,円
消費支出,65～69歳,2012001010,280933,円
消費支出,65～69歳,2012001111,290106,円
消費支出,65～69歳,2012001212,369585,円
消費支出,65～69歳,2013000101,265073,円
消費支出,65～69歳,2013000202,275723,円
消費支出,65～69歳,2013000303,337251,円
消費支出,65～69歳,2013000404,356373,円
消費支出,65～69歳,2013000505,283010,円
消費支出,65～69歳,2013000606,333434,円
消費支出,65～69歳,2013000707,340259,円
消費支出,65～69歳,2013000808,310762,円
消費支出,65～69歳,2013000909,260353,円
消費支出,65～69歳,2013001010,319078,円
消費支出,65～69歳,2013001111,274258,円
消費支出,65～69歳,2013001212,359863,円
消費支出,65～69歳,2014000101,329828,円
消費支出,65～69歳,2014000202,264472,円
消費支出,65～69歳,2014000303,361195,円
消費支出,65～69歳,2014000404,290887,円
消費支出,65～69歳,2014000505,276625,円
消費支出,65～69歳,2014000606,341641,円
消費支出,65～69歳,2014000707,321884,円
消費支出,65～69歳,2014000808,291185,円
消費支出,65～69歳,2014000909,301568,円
消費支出,65～69歳,2014001010,308099,円
消費支出,65～69歳,2014001111,275945,円
消費支出,65～69歳,2014001212,377310,円
消費支出,65～69歳,2015000101,296540,円
消費支出,65～69歳,2015000202,304419,円
消費支出,65～69歳,2015000303,378825,円
消費支出,65～69歳,2015000404,316499,円
消費支出,65～69歳,2015000505,291237,円
消費支出,65～69歳,2015000606,333779,円
消費支出,65～69歳,2015000707,284937,円
消費支出,65～69歳,2015000808,297834,円
消費支出,65～69歳,2015000909,256743,円
消費支出,65～69歳,2015001010,308880,円
消費支出,65～69歳,2015001111,265362,円
消費支出,65～69歳,2015001212,349107,円
消費支出,65～69歳,2016000101,273941,円
消費支出,65～69歳,2016000202,248461,円
消費支出,65～69歳,2016000303,277483,円
消費支出,65～69歳,2016000404,291182,円
消費支出,65～69歳,2016000505,262023,円
消費支出,65～69歳,2016000606,264428,円
消費支出,65～69歳,2016000707,266682,円
消費支出,65～69歳,2016000808,289464,円
消費支出,65～69歳,2016000909,265529,円
消費支出,65～69歳,2016001010,300101,円
消費支出,65～69歳,2016001111,274259,円
消費支出,65～69歳,2016001212,347514,円
消費支出,65～69歳,2017000101,277990,円
消費支出,65～69歳,2017000202,285264,円
消費支出,65～69歳,2017000303,315460,円
消費支出,65～69歳,2017000404,296275,円
消費支出,65～69歳,2017000505,265852,円
消費支出,65～69歳,2017000606,297628,円
消費支出,65～69歳,2017000707,286132,円
消費支出,65～69歳,2017000808,287725,円
消費支出,65～69歳,2017000909,286609,円
消費支出,65～69歳,2017001010,316807,円
消費支出,65～69歳,2017001111,281437,円
消費支出,65～69歳,2017001212,347971,円
消費支出,65～69歳,2018000101,301604,円
消費支出,65～69歳,2018000202,264450,円
消費支出,65～69歳,2018000303,299246,円
消費支出,65～69歳,2018000404,311700,円
消費支出,65～69歳,2018000505,334774,円
消費支出,65～69歳,2018000606,279894,円
消費支出,65～69歳,2018000707,309837,円
消費支出,65～69歳,2018000808,292228,円
消費支出,65～69歳,2018000909,246117,円
消費支出,65～69歳,2018001010,265779,円
消費支出,65～69歳,2018001111,270960,円
消費支出,65～69歳,2018001212,326538,円
消費支出,65～69歳,2019000101,280861,円
消費支出,65～69歳,2019000202,288269,円
消費支出,65～69歳,2019000303,298691,円
消費支出,65～69歳,2019000404,300407,円
消費支出,65～69歳,2019000505,307241,円
消費支出,65～69歳,2019000606,288046,円
消費支出,65～69歳,2019000707,316672,円
消費支出,65～69歳,2019000808,331096,円
消費支出,65～69歳,2019000909,277242,円
消費支出,65～69歳,2019001010,278112,円
消費支出,65～69歳,2019001111,276393,円
消費支出,65～69歳,2019001212,331977,円
消費支出,65～69歳,2020000101,324208,円
消費支出,65～69歳,2020000202,274187,円
消費支出,65～69歳,2020000303,314207,円
消費支出,65～69歳,2020000404,286346,円
消費支出,65～69歳,2020000505,271536,円
消費支出,65～69歳,2020000606,285142,円
消費支出,65～69歳,2020000707,274271,円
消費支出,65～69歳,2020000808,277963,円
消費支出,65～69歳,2020000909,298367,円
消費支出,65～69歳,2020001010,300139,円
消費支出,65～69歳,2020001111,290626,円
消費支出,65～69歳,2020001212,328399,円
消費支出,65～69歳,2021000101,289486,円
消費支出,65～69歳,2021000202,265698,円
消費支出,65～69歳,2021000303,293376,円
消費支出,65～69歳,2021000404,298121,円
消費支出,65～69歳,2021000505,318919,円
消費支出,65～69歳,2021000606,285958,円
消費支出,65～69歳,2021000707,290261,円
消費支出,65～69歳,2021000808,323962,円
消費支出,65～69歳,2021000909,263266,円
消費支出,65～69歳,2021001010,260211,円
消費支出,65～69歳,2021001111,342507,円
消費支出,65～69歳,2021001212,325656,円
消費支出,65～69歳,2022000101,301920,円
消費支出,65～69歳,2022000202,264244,円
消費支出,65～69歳,2022000303,347518,円
消費支出,65～69歳,2022000404,305141,円
消費支出,65～69歳,2022000505,286120,円
消費支出,65～69歳,2022000606,301668,円
消費支出,65～69歳,2022000707,311820,円
消費支出,65～69歳,2022000808,303695,円
消費支出,65～69歳,2022000909,273559,円
消費支出,65～69歳,2022001010,295528,円
消費支出,65～69歳,2022001111,307873,円
消費支出,65～69歳,2022001212,333655,円
消費支出,65～69歳,2023000101,291092,円
消費支出,65～69歳,2023000202,263119,円
消費支出,65～69歳,2023000303,313696,円
消費支出,65～69歳,2023000404,251656,円
消費支出,65～69歳,2023000505,287172,円
消費支出,65～69歳,2023000606,334663,円
消費支出,65～69歳,2023000707,317154,円
消費支出,65～69歳,2023000808,303999,円
消費支出,65～69歳,2023000909,307943,円
消費支出,65～69歳,2023001010,349027,円
消費支出,65～69歳,2023001111,300012,円
消費支出,65～69歳,2023001212,394782,円
消費支出,65～69歳,2024000101,301092,円
消費支出,65～69歳,2024000202,281275,円
消費支出,65～69歳,2024000303,336253,円
消費支出,65～69歳,2024000404,296781,円
消費支出,65～69歳,2024000505,326569,円
消費支出,65～69歳,2024000606,319399,円
消費支出,65～69歳,2024000707,306742,円
消費支出,65～69歳,2024000808,292911,円
消費支出,65～69歳,2024000909,263472,円
消費支出,65～69歳,2024001010,308558,円
消費支出,65～69歳,2024001111,293622,円
消費支出,65～69歳,2024001212,398815,円
消費支出,65～69歳,2025000101,311049,円
消費支出,65～69歳,2025000202,284219,円
消費支出,65～69歳,2025000303,363744,円
消費支出,65～69歳,2025000404,358358,円
消費支出,65～69歳,2025000505,314441,円
消費支出,65～69歳,2025000606,304639,円
消費支出,65～69歳,2025000707,331773,円
消費支出,65～69歳,2025000808,353914,円
消費支出,65～69歳,2025000909,300868,円
消費支出,65～69歳,2025001010,316924,円
消費支出,65～69歳,2025001111,346044,円
消費支出,65～69歳,2025001212,418180,円
消費支出,65～69歳,2026000101,311278,円
消費支出,65～69歳,2026000202,335124,円
消費支出,65～69歳,2026000303,442933,円
消費支出,65～69歳,2026000404,380826,円
消費支出,65～69歳,2026000505,351022,円
可処分所得,24歳以下,2000000101,237720,円
可処分所得,24歳以下,2000000202,258663,円
可処分所得,24歳以下,2000000303,293162,円
可処分所得,24歳以下,2000000404,280225,円
可処分所得,24歳以下,2000000505,250821,円
可処分所得,24歳以下,2000000606,269220,円
可処分所得,24歳以下,2000000707,320137,円
可処分所得,24歳以下,2000000808,311349,円
可処分所得,24歳以下,2000000909,244411,円
可処分所得,24歳以下,2000001010,255366,円
可処分所得,24歳以下,2000001111,280675,円
可処分所得,24歳以下,2000001212,402944,円
可処分所得,24歳以下,2001000101,263830,円
可処分所得,24歳以下,2001000202,264809,円
可処分所得,24歳以下,2001000303,252839,円
可処分所得,24歳以下,2001000404,267387,円
可処分所得,24歳以下,2001000505,277666,円
可処分所得,24歳以下,2001000606,458636,円
可処分所得,24歳以下,2001000707,374001,円
可処分所得,24歳以下,2001000808,367311,円
可処分所得,24歳以下,2001000909,280656,円
可処分所得,24歳以下,2001001010,218127,円
可処分所得,24歳以下,2001001111,229846,円
可処分所得,24歳以下,2001001212,371653,円
可処分所得,24歳以下,2002000101,214709,円
可処分所得,24歳以下,2002000202,218841,円
可処分所得,24歳以下,2002000303,268424,円
可処分所得,24歳以下,2002000404,247258,円
可処分所得,24歳以下,2002000505,274143,円
可処分所得,24歳以下,2002000606,303202,円
可処分所得,24歳以下,2002000707,305088,円
可処分所得,24歳以下,2002000808,279315,円
可処分所得,24歳以下,2002000909,264843,円
可処分所得,24歳以下,2002001010,253892,円
可処分所得,24歳以下,2002001111,249655,円
可処分所得,24歳以下,2002001212,391628,円
可処分所得,24歳以下,2003000101,252484,円
可処分所得,24歳以下,2003000202,250109,円
可処分所得,24歳以下,2003000303,226109,円
可処分所得,24歳以下,2003000404,252701,円
可処分所得,24歳以下,2003000505,223376,円
可処分所得,24歳以下,2003000606,438933,円
可処分所得,24歳以下,2003000707,372462,円
可処分所得,24歳以下,2003000808,234873,円
可処分所得,24歳以下,2003000909,327687,円
可処分所得,24歳以下,2003001010,262235,円
可処分所得,24歳以下,2003001111,276653,円
可処分所得,24歳以下,2003001212,473222,円
可処分所得,24歳以下,2004000101,287712,円
可処分所得,24歳以下,2004000202,266247,円
可処分所得,24歳以下,2004000303,242366,円
可処分所得,24歳以下,2004000404,269050,円
可処分所得,24歳以下,2004000505,228065,円
可処分所得,24歳以下,2004000606,284036,円
可処分所得,24歳以下,2004000707,280321,円
可処分所得,24歳以下,2004000808,206234,円
可処分所得,24歳以下,2004000909,215973,円
可処分所得,24歳以下,2004001010,232411,円
可処分所得,24歳以下,2004001111,253580,円
可処分所得,24歳以下,2004001212,338255,円
可処分所得,24歳以下,2005000101,259286,円
可処分所得,24歳以下,2005000202,251105,円
可処分所得,24歳以下,2005000303,277193,円
可処分所得,24歳以下,2005000404,263581,円
可処分所得,24歳以下,2005000505,211047,円
可処分所得,24歳以下,2005000606,267401,円
可処分所得,24歳以下,2005000707,262668,円
可処分所得,24歳以下,2005000808,277946,円
可処分所得,24歳以下,2005000909,225809,円
可処分所得,24歳以下,2005001010,233057,円
可処分所得,24歳以下,2005001111,226296,円
可処分所得,24歳以下,2005001212,400273,円
可処分所得,24歳以下,2006000101,244884,円
可処分所得,24歳以下,2006000202,227941,円
可処分所得,24歳以下,2006000303,253592,円
可処分所得,24歳以下,2006000404,324080,円
可処分所得,24歳以下,2006000505,289407,円
可処分所得,24歳以下,2006000606,305453,円
可処分所得,24歳以下,2006000707,396674,円
可処分所得,24歳以下,2006000808,359933,円
可処分所得,24歳以下,2006000909,235773,円
可処分所得,24歳以下,2006001010,217722,円
可処分所得,24歳以下,2006001111,218464,円
可処分所得,24歳以下,2006001212,299248,円
可処分所得,24歳以下,2007000101,263505,円
可処分所得,24歳以下,2007000202,227843,円
可処分所得,24歳以下,2007000303,255234,円
可処分所得,24歳以下,2007000404,270584,円
可処分所得,24歳以下,2007000505,196058,円
可処分所得,24歳以下,2007000606,308763,円
可処分所得,24歳以下,2007000707,237307,円
可処分所得,24歳以下,2007000808,275644,円
可処分所得,24歳以下,2007000909,246435,円
可処分所得,24歳以下,2007001010,250177,円
可処分所得,24歳以下,2007001111,244321,円
可処分所得,24歳以下,2007001212,408023,円
可処分所得,24歳以下,2008000101,281592,円
可処分所得,24歳以下,2008000202,278899,円
可処分所得,24歳以下,2008000303,261418,円
可処分所得,24歳以下,2008000404,209794,円
可処分所得,24歳以下,2008000505,226940,円
可処分所得,24歳以下,2008000606,200346,円
可処分所得,24歳以下,2008000707,218334,円
可処分所得,24歳以下,2008000808,190811,円
可処分所得,24歳以下,2008000909,200285,円
可処分所得,24歳以下,2008001010,204408,円
可処分所得,24歳以下,2008001111,195021,円
可処分所得,24歳以下,2008001212,263452,円
可処分所得,24歳以下,2009000101,195038,円
可処分所得,24歳以下,2009000202,257883,円
可処分所得,24歳以下,2009000303,176521,円
可処分所得,24歳以下,2009000404,227437,円
可処分所得,24歳以下,2009000505,201938,円
可処分所得,24歳以下,2009000606,288716,円
可処分所得,24歳以下,2009000707,279512,円
可処分所得,24歳以下,2009000808,259824,円
可処分所得,24歳以下,2009000909,248005,円
可処分所得,24歳以下,2009001010,260633,円
可処分所得,24歳以下,2009001111,252785,円
可処分所得,24歳以下,2009001212,437312,円
可処分所得,24歳以下,2010000101,278761,円
可処分所得,24歳以下,2010000202,245312,円
可処分所得,24歳以下,2010000303,249730,円
可処分所得,24歳以下,2010000404,249810,円
可処分所得,24歳以下,2010000505,219989,円
可処分所得,24歳以下,2010000606,323433,円
可処分所得,24歳以下,2010000707,299269,円
可処分所得,24歳以下,2010000808,222028,円
可処分所得,24歳以下,2010000909,266933,円
可処分所得,24歳以下,2010001010,257261,円
可処分所得,24歳以下,2010001111,247424,円
可処分所得,24歳以下,2010001212,423119,円
可処分所得,24歳以下,2011000101,237025,円
可処分所得,24歳以下,2011000202,346246,円
可処分所得,24歳以下,2011000303,262446,円
可処分所得,24歳以下,2011000404,290780,円
可処分所得,24歳以下,2011000505,239160,円
可処分所得,24歳以下,2011000606,284013,円
可処分所得,24歳以下,2011000707,329299,円
可処分所得,24歳以下,2011000808,186720,円
可処分所得,24歳以下,2011000909,170835,円
可処分所得,24歳以下,2011001010,172842,円
可処分所得,24歳以下,2011001111,201334,円
可処分所得,24歳以下,2011001212,352940,円
可処分所得,24歳以下,2012000101,272388,円
可処分所得,24歳以下,2012000202,288238,円
可処分所得,24歳以下,2012000303,377596,円
可処分所得,24歳以下,2012000404,235269,円
可処分所得,24歳以下,2012000505,249779,円
可処分所得,24歳以下,2012000606,249502,円
可処分所得,24歳以下,2012000707,245785,円
可処分所得,24歳以下,2012000808,225655,円
可処分所得,24歳以下,2012000909,256523,円
可処分所得,24歳以下,2012001010,297203,円
可処分所得,24歳以下,2012001111,235900,円
可処分所得,24歳以下,2012001212,329786,円
可処分所得,24歳以下,2013000101,264019,円
可処分所得,24歳以下,2013000202,232095,円
可処分所得,24歳以下,2013000303,279738,円
可処分所得,24歳以下,2013000404,237425,円
可処分所得,24歳以下,2013000505,222911,円
可処分所得,24歳以下,2013000606,421251,円
可処分所得,24歳以下,2013000707,256425,円
可処分所得,24歳以下,2013000808,223234,円
可処分所得,24歳以下,2013000909,196981,円
可処分所得,24歳以下,2013001010,204138,円
可処分所得,24歳以下,2013001111,195364,円
可処分所得,24歳以下,2013001212,415698,円
可処分所得,24歳以下,2014000101,223059,円
可処分所得,24歳以下,2014000202,227874,円
可処分所得,24歳以下,2014000303,261258,円
可処分所得,24歳以下,2014000404,270911,円
可処分所得,24歳以下,2014000505,239852,円
可処分所得,24歳以下,2014000606,239948,円
可処分所得,24歳以下,2014000707,295207,円
可処分所得,24歳以下,2014000808,161219,円
可処分所得,24歳以下,2014000909,210874,円
可処分所得,24歳以下,2014001010,217240,円
可処分所得,24歳以下,2014001111,259771,円
可処分所得,24歳以下,2014001212,550151,円
可処分所得,34歳以下,2015000101,314223,円
可処分所得,34歳以下,2015000202,332303,円
可処分所得,34歳以下,2015000303,328373,円
可処分所得,34歳以下,2015000404,338597,円
可処分所得,34歳以下,2015000505,316694,円
可処分所得,34歳以下,2015000606,550388,円
可処分所得,34歳以下,2015000707,442157,円
可処分所得,34歳以下,2015000808,324703,円
可処分所得,34歳以下,2015000909,314103,円
可処分所得,34歳以下,2015001010,360871,円
可処分所得,34歳以下,2015001111,301592,円
可処分所得,34歳以下,2015001212,619893,円
可処分所得,34歳以下,2016000101,320344,円
可処分所得,34歳以下,2016000202,349142,円
可処分所得,34歳以下,2016000303,363050,円
可処分所得,34歳以下,2016000404,330233,円
可処分所得,34歳以下,2016000505,301048,円
可処分所得,34歳以下,2016000606,513976,円
可処分所得,34歳以下,2016000707,404064,円
可処分所得,34歳以下,2016000808,330115,円
可処分所得,34歳以下,2016000909,312883,円
可処分所得,34歳以下,2016001010,351252,円
可処分所得,34歳以下,2016001111,309076,円
可処分所得,34歳以下,2016001212,620189,円
可処分所得,34歳以下,2017000101,334790,円
可処分所得,34歳以下,2017000202,337839,円
可処分所得,34歳以下,2017000303,321901,円
可処分所得,34歳以下,2017000404,336239,円
可処分所得,34歳以下,2017000505,304541,円
可処分所得,34歳以下,2017000606,528829,円
可処分所得,34歳以下,2017000707,441104,円
可処分所得,34歳以下,2017000808,346938,円
可処分所得,34歳以下,2017000909,320408,円
可処分所得,34歳以下,2017001010,369071,円
可処分所得,34歳以下,2017001111,332557,円
可処分所得,34歳以下,2017001212,668623,円
可処分所得,34歳以下,2018000101,326715,円
可処分所得,34歳以下,2018000202,388920,円
可処分所得,34歳以下,2018000303,351951,円
可処分所得,34歳以下,2018000404,343902,円
可処分所得,34歳以下,2018000505,305512,円
可処分所得,34歳以下,2018000606,554844,円
可処分所得,34歳以下,2018000707,463238,円
可処分所得,34歳以下,2018000808,339465,円
可処分所得,34歳以下,2018000909,333407,円
可処分所得,34歳以下,2018001010,402507,円
可処分所得,34歳以下,2018001111,337832,円
可処分所得,34歳以下,2018001212,708293,円
可処分所得,34歳以下,2019000101,370884,円
可処分所得,34歳以下,2019000202,399966,円
可処分所得,34歳以下,2019000303,361390,円
可処分所得,34歳以下,2019000404,382004,円
可処分所得,34歳以下,2019000505,331253,円
可処分所得,34歳以下,2019000606,600551,円
可処分所得,34歳以下,2019000707,476422,円
可処分所得,34歳以下,2019000808,359772,円
可処分所得,34歳以下,2019000909,345576,円
可処分所得,34歳以下,2019001010,427595,円
可処分所得,34歳以下,2019001111,376761,円
可処分所得,34歳以下,2019001212,840513,円
可処分所得,34歳以下,2020000101,384025,円
可処分所得,34歳以下,2020000202,405805,円
可処分所得,34歳以下,2020000303,381384,円
可処分所得,34歳以下,2020000404,366145,円
可処分所得,34歳以下,2020000505,353167,円
可処分所得,34歳以下,2020000606,828941,円
可処分所得,34歳以下,2020000707,562552,円
可処分所得,34歳以下,2020000808,367748,円
可処分所得,34歳以下,2020000909,364080,円
可処分所得,34歳以下,2020001010,418013,円
可処分所得,34歳以下,2020001111,374029,円
可処分所得,34歳以下,2020001212,787384,円
可処分所得,34歳以下,2021000101,366886,円
可処分所得,34歳以下,2021000202,408722,円
可処分所得,34歳以下,2021000303,394951,円
可処分所得,34歳以下,2021000404,386559,円
可処分所得,34歳以下,2021000505,370048,円
可処分所得,34歳以下,2021000606,649217,円
可処分所得,34歳以下,2021000707,503731,円
可処分所得,34歳以下,2021000808,391604,円
可処分所得,34歳以下,2021000909,378900,円
可処分所得,34歳以下,2021001010,423776,円
可処分所得,34歳以下,2021001111,395447,円
可処分所得,34歳以下,2021001212,914649,円
可処分所得,34歳以下,2022000101,397206,円
可処分所得,34歳以下,2022000202,403991,円
可処分所得,34歳以下,2022000303,428021,円
可処分所得,34歳以下,2022000404,385191,円
可処分所得,34歳以下,2022000505,354787,円
可処分所得,34歳以下,2022000606,665671,円
可処分所得,34歳以下,2022000707,502970,円
可処分所得,34歳以下,2022000808,394852,円
可処分所得,34歳以下,2022000909,378718,円
可処分所得,34歳以下,2022001010,431021,円
可処分所得,34歳以下,2022001111,392751,円
可処分所得,34歳以下,2022001212,957872,円
可処分所得,34歳以下,2023000101,400964,円
可処分所得,34歳以下,2023000202,420166,円
可処分所得,34歳以下,2023000303,420900,円
可処分所得,34歳以下,2023000404,404036,円
可処分所得,34歳以下,2023000505,362169,円
可処分所得,34歳以下,2023000606,672149,円
可処分所得,34歳以下,2023000707,475708,円
可処分所得,34歳以下,2023000808,392486,円
可処分所得,34歳以下,2023000909,395814,円
可処分所得,34歳以下,2023001010,412245,円
可処分所得,34歳以下,2023001111,389999,円
可処分所得,34歳以下,2023001212,845739,円
可処分所得,34歳以下,2024000101,412279,円
可処分所得,34歳以下,2024000202,424442,円
可処分所得,34歳以下,2024000303,392591,円
可処分所得,34歳以下,2024000404,420478,円
可処分所得,34歳以下,2024000505,378364,円
可処分所得,34歳以下,2024000606,742398,円
可処分所得,34歳以下,2024000707,545804,円
可処分所得,34歳以下,2024000808,422673,円
可処分所得,34歳以下,2024000909,432994,円
可処分所得,34歳以下,2024001010,460604,円
可処分所得,34歳以下,2024001111,446439,円
可処分所得,34歳以下,2024001212,867297,円
可処分所得,34歳以下,2025000101,459729,円
可処分所得,34歳以下,2025000202,449532,円
可処分所得,34歳以下,2025000303,446370,円
可処分所得,34歳以下,2025000404,438307,円
可処分所得,34歳以下,2025000505,437747,円
可処分所得,34歳以下,2025000606,758232,円
可処分所得,34歳以下,2025000707,475244,円
可処分所得,34歳以下,2025000808,450025,円
可処分所得,34歳以下,2025000909,428722,円
可処分所得,34歳以下,2025001010,450614,円
可処分所得,34歳以下,2025001111,454503,円
可処分所得,34歳以下,2025001212,1035690,円
可処分所得,34歳以下,2026000101,487163,円
可処分所得,34歳以下,2026000202,473751,円
可処分所得,34歳以下,2026000303,465209,円
可処分所得,34歳以下,2026000404,464784,円
可処分所得,34歳以下,2026000505,432269,円
可処分所得,25～29歳,2000000101,313180,円
可処分所得,25～29歳,2000000202,303247,円
可処分所得,25～29歳,2000000303,324197,円
可処分所得,25～29歳,2000000404,298658,円
可処分所得,25～29歳,2000000505,292521,円
可処分所得,25～29歳,2000000606,446859,円
可処分所得,25～29歳,2000000707,436454,円
可処分所得,25～29歳,2000000808,326152,円
可処分所得,25～29歳,2000000909,293118,円
可処分所得,25～29歳,2000001010,302968,円
可処分所得,25～29歳,2000001111,303138,円
可処分所得,25～29歳,2000001212,635276,円
可処分所得,25～29歳,2001000101,301470,円
可処分所得,25～29歳,2001000202,290816,円
可処分所得,25～29歳,2001000303,322870,円
可処分所得,25～29歳,2001000404,309427,円
可処分所得,25～29歳,2001000505,271413,円
可処分所得,25～29歳,2001000606,400043,円
可処分所得,25～29歳,2001000707,390115,円
可処分所得,25～29歳,2001000808,292807,円
可処分所得,25～29歳,2001000909,275520,円
可処分所得,25～29歳,2001001010,273093,円
可処分所得,25～29歳,2001001111,284466,円
可処分所得,25～29歳,2001001212,612846,円
可処分所得,25～29歳,2002000101,303308,円
可処分所得,25～29歳,2002000202,286805,円
可処分所得,25～29歳,2002000303,306913,円
可処分所得,25～29歳,2002000404,285919,円
可処分所得,25～29歳,2002000505,279160,円
可処分所得,25～29歳,2002000606,376801,円
可処分所得,25～29歳,2002000707,380534,円
可処分所得,25～29歳,2002000808,322738,円
可処分所得,25～29歳,2002000909,293467,円
可処分所得,25～29歳,2002001010,288143,円
可処分所得,25～29歳,2002001111,281643,円
可処分所得,25～29歳,2002001212,567895,円
可処分所得,25～29歳,2003000101,301217,円
可処分所得,25～29歳,2003000202,284683,円
可処分所得,25～29歳,2003000303,285406,円
可処分所得,25～29歳,2003000404,288170,円
可処分所得,25～29歳,2003000505,268767,円
可処分所得,25～29歳,2003000606,442270,円
可処分所得,25～29歳,2003000707,364841,円
可処分所得,25～29歳,2003000808,296092,円
可処分所得,25～29歳,2003000909,308805,円
可処分所得,25～29歳,2003001010,298283,円
可処分所得,25～29歳,2003001111,296671,円
可処分所得,25～29歳,2003001212,546776,円
可処分所得,25～29歳,2004000101,314513,円
可処分所得,25～29歳,2004000202,311128,円
可処分所得,25～29歳,2004000303,311743,円
可処分所得,25～29歳,2004000404,317598,円
可処分所得,25～29歳,2004000505,290629,円
可処分所得,25～29歳,2004000606,440802,円
可処分所得,25～29歳,2004000707,405344,円
可処分所得,25～29歳,2004000808,321850,円
可処分所得,25～29歳,2004000909,301261,円
可処分所得,25～29歳,2004001010,298696,円
可処分所得,25～29歳,2004001111,289323,円
可処分所得,25～29歳,2004001212,559492,円
可処分所得,25～29歳,2005000101,305840,円
可処分所得,25～29歳,2005000202,313933,円
可処分所得,25～29歳,2005000303,303765,円
可処分所得,25～29歳,2005000404,300238,円
可処分所得,25～29歳,2005000505,275113,円
可処分所得,25～29歳,2005000606,441685,円
可処分所得,25～29歳,2005000707,338811,円
可処分所得,25～29歳,2005000808,292169,円
可処分所得,25～29歳,2005000909,278965,円
可処分所得,25～29歳,2005001010,286787,円
可処分所得,25～29歳,2005001111,293340,円
可処分所得,25～29歳,2005001212,506659,円
可処分所得,25～29歳,2006000101,288046,円
可処分所得,25～29歳,2006000202,286972,円
可処分所得,25～29歳,2006000303,277335,円
可処分所得,25～29歳,2006000404,303354,円
可処分所得,25～29歳,2006000505,285094,円
可処分所得,25～29歳,2006000606,345691,円
可処分所得,25～29歳,2006000707,385363,円
可処分所得,25～29歳,2006000808,310242,円
可処分所得,25～29歳,2006000909,283511,円
可処分所得,25～29歳,2006001010,296826,円
可処分所得,25～29歳,2006001111,293559,円
可処分所得,25～29歳,2006001212,566300,円
可処分所得,25～29歳,2007000101,318856,円
可処分所得,25～29歳,2007000202,304578,円
可処分所得,25～29歳,2007000303,304668,円
可処分所得,25～29歳,2007000404,301005,円
可処分所得,25～29歳,2007000505,298663,円
可処分所得,25～29歳,2007000606,386025,円
可処分所得,25～29歳,2007000707,425660,円
可処分所得,25～29歳,2007000808,335467,円
可処分所得,25～29歳,2007000909,318179,円
可処分所得,25～29歳,2007001010,312262,円
可処分所得,25～29歳,2007001111,302774,円
可処分所得,25～29歳,2007001212,593493,円
可処分所得,25～29歳,2008000101,316683,円
可処分所得,25～29歳,2008000202,294949,円
可処分所得,25～29歳,2008000303,295142,円
可処分所得,25～29歳,2008000404,278397,円
可処分所得,25～29歳,2008000505,285450,円
可処分所得,25～29歳,2008000606,433114,円
可処分所得,25～29歳,2008000707,441417,円
可処分所得,25～29歳,2008000808,299273,円
可処分所得,25～29歳,2008000909,324512,円
可処分所得,25～29歳,2008001010,297843,円
可処分所得,25～29歳,2008001111,308681,円
可処分所得,25～29歳,2008001212,583773,円
可処分所得,25～29歳,2009000101,298473,円
可処分所得,25～29歳,2009000202,301057,円
可処分所得,25～29歳,2009000303,281027,円
可処分所得,25～29歳,2009000404,279386,円
可処分所得,25～29歳,2009000505,276877,円
可処分所得,25～29歳,2009000606,398216,円
可処分所得,25～29歳,2009000707,346043,円
可処分所得,25～29歳,2009000808,289145,円
可処分所得,25～29歳,2009000909,275966,円
可処分所得,25～29歳,2009001010,288655,円
可処分所得,25～29歳,2009001111,287910,円
可処分所得,25～29歳,2009001212,611764,円
可処分所得,25～29歳,2010000101,329463,円
可処分所得,25～29歳,2010000202,301331,円
可処分所得,25～29歳,2010000303,287866,円
可処分所得,25～29歳,2010000404,286842,円
可処分所得,25～29歳,2010000505,269340,円
可処分所得,25～29歳,2010000606,397824,円
可処分所得,25～29歳,2010000707,302970,円
可処分所得,25～29歳,2010000808,295116,円
可処分所得,25～29歳,2010000909,281309,円
可処分所得,25～29歳,2010001010,318866,円
可処分所得,25～29歳,2010001111,288054,円
可処分所得,25～29歳,2010001212,549347,円
可処分所得,25～29歳,2011000101,309697,円
可処分所得,25～29歳,2011000202,333584,円
可処分所得,25～29歳,2011000303,278606,円
可処分所得,25～29歳,2011000404,340620,円
可処分所得,25～29歳,2011000505,275209,円
可処分所得,25～29歳,2011000606,398442,円
可処分所得,25～29歳,2011000707,367387,円
可処分所得,25～29歳,2011000808,301644,円
可処分所得,25～29歳,2011000909,284982,円
可処分所得,25～29歳,2011001010,307118,円
可処分所得,25～29歳,2011001111,290775,円
可処分所得,25～29歳,2011001212,507226,円
可処分所得,25～29歳,2012000101,275852,円
可処分所得,25～29歳,2012000202,321027,円
可処分所得,25～29歳,2012000303,294163,円
可処分所得,25～29歳,2012000404,282661,円
可処分所得,25～29歳,2012000505,265020,円
可処分所得,25～29歳,2012000606,490323,円
可処分所得,25～29歳,2012000707,344105,円
可処分所得,25～29歳,2012000808,289285,円
可処分所得,25～29歳,2012000909,275641,円
可処分所得,25～29歳,2012001010,319476,円
可処分所得,25～29歳,2012001111,282876,円
可処分所得,25～29歳,2012001212,527505,円
可処分所得,25～29歳,2013000101,298504,円
可処分所得,25～29歳,2013000202,340294,円
可処分所得,25～29歳,2013000303,302661,円
可処分所得,25～29歳,2013000404,327023,円
可処分所得,25～29歳,2013000505,295114,円
可処分所得,25～29歳,2013000606,532502,円
可処分所得,25～29歳,2013000707,368191,円
可処分所得,25～29歳,2013000808,311089,円
可処分所得,25～29歳,2013000909,341433,円
可処分所得,25～29歳,2013001010,340979,円
可処分所得,25～29歳,2013001111,297227,円
可処分所得,25～29歳,2013001212,510293,円
可処分所得,25～29歳,2014000101,286237,円
可処分所得,25～29歳,2014000202,334207,円
可処分所得,25～29歳,2014000303,276942,円
可処分所得,25～29歳,2014000404,275959,円
可処分所得,25～29歳,2014000505,271366,円
可処分所得,25～29歳,2014000606,450859,円
可処分所得,25～29歳,2014000707,428734,円
可処分所得,25～29歳,2014000808,305104,円
可処分所得,25～29歳,2014000909,272231,円
可処分所得,25～29歳,2014001010,321996,円
可処分所得,25～29歳,2014001111,294155,円
可処分所得,25～29歳,2014001212,549548,円
可処分所得,30～34歳,2000000101,351039,円
可処分所得,30～34歳,2000000202,343012,円
可処分所得,30～34歳,2000000303,355237,円
可処分所得,30～34歳,2000000404,353508,円
可処分所得,30～34歳,2000000505,321703,円
可処分所得,30～34歳,2000000606,523016,円
可処分所得,30～34歳,2000000707,489487,円
可処分所得,30～34歳,2000000808,341347,円
可処分所得,30～34歳,2000000909,319545,円
可処分所得,30～34歳,2000001010,336056,円
可処分所得,30～34歳,2000001111,335470,円
可処分所得,30～34歳,2000001212,780339,円
可処分所得,30～34歳,2001000101,351089,円
可処分所得,30～34歳,2001000202,331961,円
可処分所得,30～34歳,2001000303,346584,円
可処分所得,30～34歳,2001000404,348241,円
可処分所得,30～34歳,2001000505,315850,円
可処分所得,30～34歳,2001000606,566456,円
可処分所得,30～34歳,2001000707,440226,円
可処分所得,30～34歳,2001000808,347944,円
可処分所得,30～34歳,2001000909,345402,円
可処分所得,30～34歳,2001001010,346028,円
可処分所得,30～34歳,2001001111,335793,円
可処分所得,30～34歳,2001001212,820194,円
可処分所得,30～34歳,2002000101,348471,円
可処分所得,30～34歳,2002000202,346318,円
可処分所得,30～34歳,2002000303,372333,円
可処分所得,30～34歳,2002000404,337161,円
可処分所得,30～34歳,2002000505,312679,円
可処分所得,30～34歳,2002000606,535670,円
可処分所得,30～34歳,2002000707,446916,円
可処分所得,30～34歳,2002000808,341170,円
可処分所得,30～34歳,2002000909,327872,円
可処分所得,30～34歳,2002001010,366447,円
可処分所得,30～34歳,2002001111,331938,円
可処分所得,30～34歳,2002001212,744825,円
可処分所得,30～34歳,2003000101,324762,円
可処分所得,30～34歳,2003000202,332178,円
可処分所得,30～34歳,2003000303,331346,円
可処分所得,30～34歳,2003000404,332287,円
可処分所得,30～34歳,2003000505,316080,円
可処分所得,30～34歳,2003000606,509567,円
可処分所得,30～34歳,2003000707,438611,円
可処分所得,30～34歳,2003000808,350877,円
可処分所得,30～34歳,2003000909,324434,円
可処分所得,30～34歳,2003001010,340677,円
可処分所得,30～34歳,2003001111,354008,円
可処分所得,30～34歳,2003001212,732048,円
可処分所得,30～34歳,2004000101,344823,円
可処分所得,30～34歳,2004000202,339209,円
可処分所得,30～34歳,2004000303,341566,円
可処分所得,30～34歳,2004000404,353354,円
可処分所得,30～34歳,2004000505,317238,円
可処分所得,30～34歳,2004000606,503003,円
可処分所得,30～34歳,2004000707,452184,円
可処分所得,30～34歳,2004000808,345381,円
可処分所得,30～34歳,2004000909,333242,円
可処分所得,30～34歳,2004001010,361217,円
可処分所得,30～34歳,2004001111,334840,円
可処分所得,30～34歳,2004001212,661379,円
可処分所得,30～34歳,2005000101,343038,円
可処分所得,30～34歳,2005000202,357004,円
可処分所得,30～34歳,2005000303,343412,円
可処分所得,30～34歳,2005000404,348643,円
可処分所得,30～34歳,2005000505,323515,円
可処分所得,30～34歳,2005000606,543585,円
可処分所得,30～34歳,2005000707,434544,円
可処分所得,30～34歳,2005000808,327721,円
可処分所得,30～34歳,2005000909,314487,円
可処分所得,30～34歳,2005001010,332199,円
可処分所得,30～34歳,2005001111,331244,円
可処分所得,30～34歳,2005001212,645296,円
可処分所得,30～34歳,2006000101,332825,円
可処分所得,30～34歳,2006000202,335846,円
可処分所得,30～34歳,2006000303,324170,円
可処分所得,30～34歳,2006000404,334183,円
可処分所得,30～34歳,2006000505,309702,円
可処分所得,30～34歳,2006000606,465661,円
可処分所得,30～34歳,2006000707,451754,円
可処分所得,30～34歳,2006000808,341710,円
可処分所得,30～34歳,2006000909,331250,円
可処分所得,30～34歳,2006001010,333776,円
可処分所得,30～34歳,2006001111,331856,円
可処分所得,30～34歳,2006001212,723195,円
可処分所得,30～34歳,2007000101,348465,円
可処分所得,30～34歳,2007000202,334722,円
可処分所得,30～34歳,2007000303,336258,円
可処分所得,30～34歳,2007000404,324883,円
可処分所得,30～34歳,2007000505,293914,円
可処分所得,30～34歳,2007000606,490212,円
可処分所得,30～34歳,2007000707,432762,円
可処分所得,30～34歳,2007000808,329671,円
可処分所得,30～34歳,2007000909,322408,円
可処分所得,30～34歳,2007001010,328499,円
可処分所得,30～34歳,2007001111,328650,円
可処分所得,30～34歳,2007001212,650260,円
可処分所得,30～34歳,2008000101,306309,円
可処分所得,30～34歳,2008000202,341013,円
可処分所得,30～34歳,2008000303,336060,円
可処分所得,30～34歳,2008000404,334911,円
可処分所得,30～34歳,2008000505,310208,円
可処分所得,30～34歳,2008000606,489373,円
可処分所得,30～34歳,2008000707,430342,円
可処分所得,30～34歳,2008000808,352231,円
可処分所得,30～34歳,2008000909,327090,円
可処分所得,30～34歳,2008001010,344724,円
可処分所得,30～34歳,2008001111,334759,円
可処分所得,30～34歳,2008001212,638345,円
可処分所得,30～34歳,2009000101,344642,円
可処分所得,30～34歳,2009000202,336913,円
可処分所得,30～34歳,2009000303,330705,円
可処分所得,30～34歳,2009000404,326901,円
可処分所得,30～34歳,2009000505,311565,円
可処分所得,30～34歳,2009000606,472389,円
可処分所得,30～34歳,2009000707,433231,円
可処分所得,30～34歳,2009000808,335124,円
可処分所得,30～34歳,2009000909,304133,円
可処分所得,30～34歳,2009001010,321134,円
可処分所得,30～34歳,2009001111,304746,円
可処分所得,30～34歳,2009001212,611190,円
可処分所得,30～34歳,2010000101,326355,円
可処分所得,30～34歳,2010000202,324066,円
可処分所得,30～34歳,2010000303,329449,円
可処分所得,30～34歳,2010000404,323130,円
可処分所得,30～34歳,2010000505,288507,円
可処分所得,30～34歳,2010000606,495698,円
可処分所得,30～34歳,2010000707,411248,円
可処分所得,30～34歳,2010000808,314640,円
可処分所得,30～34歳,2010000909,302904,円
可処分所得,30～34歳,2010001010,372720,円
可処分所得,30～34歳,2010001111,332144,円
可処分所得,30～34歳,2010001212,640408,円
可処分所得,30～34歳,2011000101,321363,円
可処分所得,30～34歳,2011000202,367583,円
可処分所得,30～34歳,2011000303,308299,円
可処分所得,30～34歳,2011000404,293830,円
可処分所得,30～34歳,2011000505,270541,円
可処分所得,30～34歳,2011000606,463253,円
可処分所得,30～34歳,2011000707,384118,円
可処分所得,30～34歳,2011000808,331304,円
可処分所得,30～34歳,2011000909,313346,円
可処分所得,30～34歳,2011001010,366096,円
可処分所得,30～34歳,2011001111,319788,円
可処分所得,30～34歳,2011001212,663812,円
可処分所得,30～34歳,2012000101,321418,円
可処分所得,30～34歳,2012000202,350474,円
可処分所得,30～34歳,2012000303,338678,円
可処分所得,30～34歳,2012000404,338249,円
可処分所得,30～34歳,2012000505,292310,円
可処分所得,30～34歳,2012000606,490489,円
可処分所得,30～34歳,2012000707,419406,円
可処分所得,30～34歳,2012000808,340853,円
可処分所得,30～34歳,2012000909,315783,円
可処分所得,30～34歳,2012001010,365707,円
可処分所得,30～34歳,2012001111,321464,円
可処分所得,30～34歳,2012001212,672703,円
可処分所得,30～34歳,2013000101,321559,円
可処分所得,30～34歳,2013000202,360934,円
可処分所得,30～34歳,2013000303,328643,円
可処分所得,30～34歳,2013000404,321339,円
可処分所得,30～34歳,2013000505,299774,円
可処分所得,30～34歳,2013000606,516216,円
可処分所得,30～34歳,2013000707,440843,円
可処分所得,30～34歳,2013000808,328492,円
可処分所得,30～34歳,2013000909,320838,円
可処分所得,30～34歳,2013001010,371900,円
可処分所得,30～34歳,2013001111,325186,円
可処分所得,30～34歳,2013001212,670280,円
可処分所得,30～34歳,2014000101,340021,円
可処分所得,30～34歳,2014000202,370156,円
可処分所得,30～34歳,2014000303,328438,円
可処分所得,30～34歳,2014000404,333399,円
可処分所得,30～34歳,2014000505,300411,円
可処分所得,30～34歳,2014000606,528362,円
可処分所得,30～34歳,2014000707,442477,円
可処分所得,30～34歳,2014000808,320672,円
可処分所得,30～34歳,2014000909,308817,円
可処分所得,30～34歳,2014001010,348483,円
可処分所得,30～34歳,2014001111,304513,円
可処分所得,30～34歳,2014001212,618145,円
可処分所得,35～39歳,2000000101,371826,円
可処分所得,35～39歳,2000000202,379607,円
可処分所得,35～39歳,2000000303,412261,円
可処分所得,35～39歳,2000000404,393277,円
可処分所得,35～39歳,2000000505,346697,円
可処分所得,35～39歳,2000000606,670193,円
可処分所得,35～39歳,2000000707,517999,円
可処分所得,35～39歳,2000000808,385888,円
可処分所得,35～39歳,2000000909,356727,円
可処分所得,35～39歳,2000001010,371278,円
可処分所得,35～39歳,2000001111,352350,円
可処分所得,35～39歳,2000001212,887302,円
可処分所得,35～39歳,2001000101,373806,円
可処分所得,35～39歳,2001000202,358251,円
可処分所得,35～39歳,2001000303,400082,円
可処分所得,35～39歳,2001000404,397025,円
可処分所得,35～39歳,2001000505,338756,円
可処分所得,35～39歳,2001000606,649996,円
可処分所得,35～39歳,2001000707,507744,円
可処分所得,35～39歳,2001000808,402583,円
可処分所得,35～39歳,2001000909,366921,円
可処分所得,35～39歳,2001001010,384202,円
可処分所得,35～39歳,2001001111,381147,円
可処分所得,35～39歳,2001001212,891545,円
可処分所得,35～39歳,2002000101,389370,円
可処分所得,35～39歳,2002000202,384458,円
可処分所得,35～39歳,2002000303,413314,円
可処分所得,35～39歳,2002000404,379987,円
可処分所得,35～39歳,2002000505,342881,円
可処分所得,35～39歳,2002000606,622659,円
可処分所得,35～39歳,2002000707,516797,円
可処分所得,35～39歳,2002000808,412191,円
可処分所得,35～39歳,2002000909,357703,円
可処分所得,35～39歳,2002001010,385111,円
可処分所得,35～39歳,2002001111,354790,円
可処分所得,35～39歳,2002001212,823372,円
可処分所得,35～39歳,2003000101,373242,円
可処分所得,35～39歳,2003000202,357874,円
可処分所得,35～39歳,2003000303,370680,円
可処分所得,35～39歳,2003000404,372070,円
可処分所得,35～39歳,2003000505,337940,円
可処分所得,35～39歳,2003000606,604126,円
可処分所得,35～39歳,2003000707,490115,円
可処分所得,35～39歳,2003000808,386489,円
可処分所得,35～39歳,2003000909,362759,円
可処分所得,35～39歳,2003001010,382857,円
可処分所得,35～39歳,2003001111,368113,円
可処分所得,35～39歳,2003001212,819481,円
可処分所得,35～39歳,2004000101,390513,円
可処分所得,35～39歳,2004000202,380713,円
可処分所得,35～39歳,2004000303,383681,円
可処分所得,35～39歳,2004000404,382769,円
可処分所得,35～39歳,2004000505,330275,円
可処分所得,35～39歳,2004000606,540743,円
可処分所得,35～39歳,2004000707,491541,円
可処分所得,35～39歳,2004000808,381956,円
可処分所得,35～39歳,2004000909,366555,円
可処分所得,35～39歳,2004001010,387688,円
可処分所得,35～39歳,2004001111,382167,円
可処分所得,35～39歳,2004001212,777572,円
可処分所得,35～39歳,2005000101,371863,円
可処分所得,35～39歳,2005000202,389097,円
可処分所得,35～39歳,2005000303,367301,円
可処分所得,35～39歳,2005000404,376487,円
可処分所得,35～39歳,2005000505,323057,円
可処分所得,35～39歳,2005000606,617601,円
可処分所得,35～39歳,2005000707,476727,円
可処分所得,35～39歳,2005000808,373698,円
可処分所得,35～39歳,2005000909,359266,円
可処分所得,35～39歳,2005001010,369486,円
可処分所得,35～39歳,2005001111,350490,円
可処分所得,35～39歳,2005001212,738835,円
可処分所得,35～39歳,2006000101,361628,円
可処分所得,35～39歳,2006000202,359774,円
可処分所得,35～39歳,2006000303,349545,円
可処分所得,35～39歳,2006000404,350983,円
可処分所得,35～39歳,2006000505,320369,円
可処分所得,35～39歳,2006000606,574804,円
可処分所得,35～39歳,2006000707,485006,円
可処分所得,35～39歳,2006000808,375454,円
可処分所得,35～39歳,2006000909,357088,円
可処分所得,35～39歳,2006001010,391471,円
可処分所得,35～39歳,2006001111,371628,円
可処分所得,35～39歳,2006001212,797965,円
可処分所得,35～39歳,2007000101,371400,円
可処分所得,35～39歳,2007000202,375230,円
可処分所得,35～39歳,2007000303,358735,円
可処分所得,35～39歳,2007000404,359077,円
可処分所得,35～39歳,2007000505,322831,円
可処分所得,35～39歳,2007000606,591855,円
可処分所得,35～39歳,2007000707,480976,円
可処分所得,35～39歳,2007000808,362802,円
可処分所得,35～39歳,2007000909,342921,円
可処分所得,35～39歳,2007001010,375583,円
可処分所得,35～39歳,2007001111,362077,円
可処分所得,35～39歳,2007001212,791334,円
可処分所得,35～39歳,2008000101,348472,円
可処分所得,35～39歳,2008000202,380479,円
可処分所得,35～39歳,2008000303,367025,円
可処分所得,35～39歳,2008000404,363413,円
可処分所得,35～39歳,2008000505,337721,円
可処分所得,35～39歳,2008000606,568162,円
可処分所得,35～39歳,2008000707,460702,円
可処分所得,35～39歳,2008000808,366497,円
可処分所得,35～39歳,2008000909,344694,円
可処分所得,35～39歳,2008001010,369367,円
可処分所得,35～39歳,2008001111,358301,円
可処分所得,35～39歳,2008001212,783539,円
可処分所得,35～39歳,2009000101,364246,円
可処分所得,35～39歳,2009000202,353133,円
可処分所得,35～39歳,2009000303,346985,円
可処分所得,35～39歳,2009000404,350285,円
可処分所得,35～39歳,2009000505,331887,円
可処分所得,35～39歳,2009000606,529547,円
可処分所得,35～39歳,2009000707,455451,円
可処分所得,35～39歳,2009000808,351807,円
可処分所得,35～39歳,2009000909,352832,円
可処分所得,35～39歳,2009001010,357854,円
可処分所得,35～39歳,2009001111,355290,円
可処分所得,35～39歳,2009001212,740257,円
可処分所得,35～39歳,2010000101,357846,円
可処分所得,35～39歳,2010000202,356944,円
可処分所得,35～39歳,2010000303,350596,円
可処分所得,35～39歳,2010000404,357082,円
可処分所得,35～39歳,2010000505,307067,円
可処分所得,35～39歳,2010000606,590806,円
可処分所得,35～39歳,2010000707,458735,円
可処分所得,35～39歳,2010000808,359234,円
可処分所得,35～39歳,2010000909,342454,円
可処分所得,35～39歳,2010001010,409441,円
可処分所得,35～39歳,2010001111,366626,円
可処分所得,35～39歳,2010001212,763304,円
可処分所得,35～39歳,2011000101,363388,円
可処分所得,35～39歳,2011000202,402053,円
可処分所得,35～39歳,2011000303,351570,円
可処分所得,35～39歳,2011000404,349345,円
可処分所得,35～39歳,2011000505,300734,円
可処分所得,35～39歳,2011000606,531696,円
可処分所得,35～39歳,2011000707,467322,円
可処分所得,35～39歳,2011000808,334604,円
可処分所得,35～39歳,2011000909,333305,円
可処分所得,35～39歳,2011001010,383504,円
可処分所得,35～39歳,2011001111,335256,円
可処分所得,35～39歳,2011001212,690963,円
可処分所得,35～39歳,2012000101,360716,円
可処分所得,35～39歳,2012000202,395238,円
可処分所得,35～39歳,2012000303,362260,円
可処分所得,35～39歳,2012000404,373206,円
可処分所得,35～39歳,2012000505,311729,円
可処分所得,35～39歳,2012000606,561764,円
可処分所得,35～39歳,2012000707,449499,円
可処分所得,35～39歳,2012000808,340792,円
可処分所得,35～39歳,2012000909,343404,円
可処分所得,35～39歳,2012001010,381954,円
可処分所得,35～39歳,2012001111,338031,円
可処分所得,35～39歳,2012001212,709055,円
可処分所得,35～39歳,2013000101,343802,円
可処分所得,35～39歳,2013000202,378619,円
可処分所得,35～39歳,2013000303,347384,円
可処分所得,35～39歳,2013000404,344191,円
可処分所得,35～39歳,2013000505,306533,円
可処分所得,35～39歳,2013000606,562290,円
可処分所得,35～39歳,2013000707,436636,円
可処分所得,35～39歳,2013000808,353375,円
可処分所得,35～39歳,2013000909,327108,円
可処分所得,35～39歳,2013001010,386017,円
可処分所得,35～39歳,2013001111,339981,円
可処分所得,35～39歳,2013001212,717974,円
可処分所得,35～39歳,2014000101,356088,円
可処分所得,35～39歳,2014000202,390222,円
可処分所得,35～39歳,2014000303,370880,円
可処分所得,35～39歳,2014000404,360722,円
可処分所得,35～39歳,2014000505,321710,円
可処分所得,35～39歳,2014000606,537869,円
可処分所得,35～39歳,2014000707,443177,円
可処分所得,35～39歳,2014000808,362119,円
可処分所得,35～39歳,2014000909,334221,円
可処分所得,35～39歳,2014001010,393328,円
可処分所得,35～39歳,2014001111,347705,円
可処分所得,35～39歳,2014001212,816649,円
可処分所得,35～39歳,2015000101,374683,円
可処分所得,35～39歳,2015000202,409563,円
可処分所得,35～39歳,2015000303,362504,円
可処分所得,35～39歳,2015000404,355312,円
可処分所得,35～39歳,2015000505,351336,円
可処分所得,35～39歳,2015000606,547338,円
可処分所得,35～39歳,2015000707,488631,円
可処分所得,35～39歳,2015000808,360693,円
可処分所得,35～39歳,2015000909,344592,円
可処分所得,35～39歳,2015001010,402323,円
可処分所得,35～39歳,2015001111,368608,円
可処分所得,35～39歳,2015001212,824135,円
可処分所得,35～39歳,2016000101,369679,円
可処分所得,35～39歳,2016000202,414249,円
可処分所得,35～39歳,2016000303,386805,円
可処分所得,35～39歳,2016000404,357167,円
可処分所得,35～39歳,2016000505,327246,円
可処分所得,35～39歳,2016000606,560618,円
可処分所得,35～39歳,2016000707,499857,円
可処分所得,35～39歳,2016000808,349229,円
可処分所得,35～39歳,2016000909,337156,円
可処分所得,35～39歳,2016001010,392944,円
可処分所得,35～39歳,2016001111,334078,円
可処分所得,35～39歳,2016001212,757782,円
可処分所得,35～39歳,2017000101,350553,円
可処分所得,35～39歳,2017000202,387435,円
可処分所得,35～39歳,2017000303,337706,円
可処分所得,35～39歳,2017000404,341635,円
可処分所得,35～39歳,2017000505,302196,円
可処分所得,35～39歳,2017000606,518889,円
可処分所得,35～39歳,2017000707,472007,円
可処分所得,35～39歳,2017000808,354145,円
可処分所得,35～39歳,2017000909,338837,円
可処分所得,35～39歳,2017001010,399730,円
可処分所得,35～39歳,2017001111,367434,円
可処分所得,35～39歳,2017001212,760303,円
可処分所得,35～39歳,2018000101,358191,円
可処分所得,35～39歳,2018000202,414483,円
可処分所得,35～39歳,2018000303,378624,円
可処分所得,35～39歳,2018000404,384972,円
可処分所得,35～39歳,2018000505,354117,円
可処分所得,35～39歳,2018000606,618982,円
可処分所得,35～39歳,2018000707,512332,円
可処分所得,35～39歳,2018000808,391875,円
可処分所得,35～39歳,2018000909,383044,円
可処分所得,35～39歳,2018001010,431201,円
可処分所得,35～39歳,2018001111,385421,円
可処分所得,35～39歳,2018001212,912928,円
可処分所得,35～39歳,2019000101,416486,円
可処分所得,35～39歳,2019000202,421742,円
可処分所得,35～39歳,2019000303,410581,円
可処分所得,35～39歳,2019000404,382299,円
可処分所得,35～39歳,2019000505,335117,円
可処分所得,35～39歳,2019000606,740852,円
可処分所得,35～39歳,2019000707,462027,円
可処分所得,35～39歳,2019000808,389581,円
可処分所得,35～39歳,2019000909,377188,円
可処分所得,35～39歳,2019001010,430466,円
可処分所得,35～39歳,2019001111,395771,円
可処分所得,35～39歳,2019001212,871631,円
可処分所得,35～39歳,2020000101,426770,円
可処分所得,35～39歳,2020000202,456847,円
可処分所得,35～39歳,2020000303,413584,円
可処分所得,35～39歳,2020000404,404030,円
可処分所得,35～39歳,2020000505,406514,円
可処分所得,35～39歳,2020000606,872226,円
可処分所得,35～39歳,2020000707,566937,円
可処分所得,35～39歳,2020000808,394347,円
可処分所得,35～39歳,2020000909,382222,円
可処分所得,35～39歳,2020001010,450224,円
可処分所得,35～39歳,2020001111,395281,円
可処分所得,35～39歳,2020001212,896280,円
可処分所得,35～39歳,2021000101,395154,円
可処分所得,35～39歳,2021000202,446042,円
可処分所得,35～39歳,2021000303,398244,円
可処分所得,35～39歳,2021000404,378868,円
可処分所得,35～39歳,2021000505,371998,円
可処分所得,35～39歳,2021000606,688462,円
可処分所得,35～39歳,2021000707,515019,円
可処分所得,35～39歳,2021000808,392584,円
可処分所得,35～39歳,2021000909,378547,円
可処分所得,35～39歳,2021001010,439137,円
可処分所得,35～39歳,2021001111,379763,円
可処分所得,35～39歳,2021001212,943670,円
可処分所得,35～39歳,2022000101,420188,円
可処分所得,35～39歳,2022000202,425922,円
可処分所得,35～39歳,2022000303,399529,円
可処分所得,35～39歳,2022000404,424118,円
可処分所得,35～39歳,2022000505,387780,円
可処分所得,35～39歳,2022000606,783449,円
可処分所得,35～39歳,2022000707,549481,円
可処分所得,35～39歳,2022000808,414820,円
可処分所得,35～39歳,2022000909,398901,円
可処分所得,35～39歳,2022001010,454261,円
可処分所得,35～39歳,2022001111,406473,円
可処分所得,35～39歳,2022001212,1002057,円
可処分所得,35～39歳,2023000101,424497,円
可処分所得,35～39歳,2023000202,445371,円
可処分所得,35～39歳,2023000303,422682,円
可処分所得,35～39歳,2023000404,399356,円
可処分所得,35～39歳,2023000505,350964,円
可処分所得,35～39歳,2023000606,712781,円
可処分所得,35～39歳,2023000707,513964,円
可処分所得,35～39歳,2023000808,393255,円
可処分所得,35～39歳,2023000909,392424,円
可処分所得,35～39歳,2023001010,466248,円
可処分所得,35～39歳,2023001111,414929,円
可処分所得,35～39歳,2023001212,940070,円
可処分所得,35～39歳,2024000101,430792,円
可処分所得,35～39歳,2024000202,459277,円
可処分所得,35～39歳,2024000303,421958,円
可処分所得,35～39歳,2024000404,420656,円
可処分所得,35～39歳,2024000505,405633,円
可処分所得,35～39歳,2024000606,851439,円
可処分所得,35～39歳,2024000707,604192,円
可処分所得,35～39歳,2024000808,449333,円
可処分所得,35～39歳,2024000909,435875,円
可処分所得,35～39歳,2024001010,471941,円
可処分所得,35～39歳,2024001111,438228,円
可処分所得,35～39歳,2024001212,1010894,円
可処分所得,35～39歳,2025000101,445904,円
可処分所得,35～39歳,2025000202,473175,円
可処分所得,35～39歳,2025000303,458871,円
可処分所得,35～39歳,2025000404,465509,円
可処分所得,35～39歳,2025000505,473461,円
可処分所得,35～39歳,2025000606,864637,円
可処分所得,35～39歳,2025000707,568176,円
可処分所得,35～39歳,2025000808,495172,円
可処分所得,35～39歳,2025000909,435583,円
可処分所得,35～39歳,2025001010,454066,円
可処分所得,35～39歳,2025001111,444656,円
可処分所得,35～39歳,2025001212,1098533,円
可処分所得,35～39歳,2026000101,453131,円
可処分所得,35～39歳,2026000202,472691,円
可処分所得,35～39歳,2026000303,453742,円
可処分所得,35～39歳,2026000404,466726,円
可処分所得,35～39歳,2026000505,430717,円
可処分所得,40～44歳,2000000101,403326,円
可処分所得,40～44歳,2000000202,397915,円
可処分所得,40～44歳,2000000303,439332,円
可処分所得,40～44歳,2000000404,430056,円
可処分所得,40～44歳,2000000505,361221,円
可処分所得,40～44歳,2000000606,709901,円
可処分所得,40～44歳,2000000707,565231,円
可処分所得,40～44歳,2000000808,438634,円
可処分所得,40～44歳,2000000909,390126,円
可処分所得,40～44歳,2000001010,409023,円
可処分所得,40～44歳,2000001111,409140,円
可処分所得,40～44歳,2000001212,1003274,円
可処分所得,40～44歳,2001000101,385253,円
可処分所得,40～44歳,2001000202,408164,円
可処分所得,40～44歳,2001000303,423932,円
可処分所得,40～44歳,2001000404,401361,円
可処分所得,40～44歳,2001000505,353984,円
可処分所得,40～44歳,2001000606,677839,円
可処分所得,40～44歳,2001000707,570193,円
可処分所得,40～44歳,2001000808,396130,円
可処分所得,40～44歳,2001000909,389177,円
可処分所得,40～44歳,2001001010,411008,円
可処分所得,40～44歳,2001001111,386528,円
可処分所得,40～44歳,2001001212,940673,円
可処分所得,40～44歳,2002000101,396549,円
可処分所得,40～44歳,2002000202,416137,円
可処分所得,40～44歳,2002000303,451149,円
可処分所得,40～44歳,2002000404,402699,円
可処分所得,40～44歳,2002000505,361242,円
可処分所得,40～44歳,2002000606,692513,円
可処分所得,40～44歳,2002000707,506131,円
可処分所得,40～44歳,2002000808,413632,円
可処分所得,40～44歳,2002000909,376229,円
可処分所得,40～44歳,2002001010,399703,円
可処分所得,40～44歳,2002001111,380460,円
可処分所得,40～44歳,2002001212,939553,円
可処分所得,40～44歳,2003000101,399450,円
可処分所得,40～44歳,2003000202,401352,円
可処分所得,40～44歳,2003000303,410709,円
可処分所得,40～44歳,2003000404,407137,円
可処分所得,40～44歳,2003000505,356939,円
可処分所得,40～44歳,2003000606,657460,円
可処分所得,40～44歳,2003000707,509660,円
可処分所得,40～44歳,2003000808,432475,円
可処分所得,40～44歳,2003000909,397493,円
可処分所得,40～44歳,2003001010,419203,円
可処分所得,40～44歳,2003001111,404405,円
可処分所得,40～44歳,2003001212,839021,円
可処分所得,40～44歳,2004000101,395153,円
可処分所得,40～44歳,2004000202,400246,円
可処分所得,40～44歳,2004000303,404977,円
可処分所得,40～44歳,2004000404,405526,円
可処分所得,40～44歳,2004000505,382141,円
可処分所得,40～44歳,2004000606,691515,円
可処分所得,40～44歳,2004000707,496770,円
可処分所得,40～44歳,2004000808,406802,円
可処分所得,40～44歳,2004000909,388965,円
可処分所得,40～44歳,2004001010,395894,円
可処分所得,40～44歳,2004001111,391069,円
可処分所得,40～44歳,2004001212,812410,円
可処分所得,40～44歳,2005000101,399217,円
可処分所得,40～44歳,2005000202,397483,円
可処分所得,40～44歳,2005000303,410657,円
可処分所得,40～44歳,2005000404,408676,円
可処分所得,40～44歳,2005000505,371760,円
可処分所得,40～44歳,2005000606,644009,円
可処分所得,40～44歳,2005000707,524776,円
可処分所得,40～44歳,2005000808,398571,円
可処分所得,40～44歳,2005000909,381469,円
可処分所得,40～44歳,2005001010,399229,円
可処分所得,40～44歳,2005001111,380417,円
可処分所得,40～44歳,2005001212,804318,円
可処分所得,40～44歳,2006000101,387389,円
可処分所得,40～44歳,2006000202,382401,円
可処分所得,40～44歳,2006000303,384951,円
可処分所得,40～44歳,2006000404,402997,円
可処分所得,40～44歳,2006000505,351298,円
可処分所得,40～44歳,2006000606,576633,円
可処分所得,40～44歳,2006000707,584434,円
可処分所得,40～44歳,2006000808,424294,円
可処分所得,40～44歳,2006000909,383906,円
可処分所得,40～44歳,2006001010,395709,円
可処分所得,40～44歳,2006001111,385637,円
可処分所得,40～44歳,2006001212,956150,円
可処分所得,40～44歳,2007000101,392113,円
可処分所得,40～44歳,2007000202,393842,円
可処分所得,40～44歳,2007000303,404121,円
可処分所得,40～44歳,2007000404,408006,円
可処分所得,40～44歳,2007000505,369871,円
可処分所得,40～44歳,2007000606,668069,円
可処分所得,40～44歳,2007000707,556186,円
可処分所得,40～44歳,2007000808,400160,円
可処分所得,40～44歳,2007000909,398961,円
可処分所得,40～44歳,2007001010,402860,円
可処分所得,40～44歳,2007001111,392681,円
可処分所得,40～44歳,2007001212,897167,円
可処分所得,40～44歳,2008000101,404648,円
可処分所得,40～44歳,2008000202,414801,円
可処分所得,40～44歳,2008000303,412440,円
可処分所得,40～44歳,2008000404,392290,円
可処分所得,40～44歳,2008000505,367346,円
可処分所得,40～44歳,2008000606,682795,円
可処分所得,40～44歳,2008000707,518745,円
可処分所得,40～44歳,2008000808,406166,円
可処分所得,40～44歳,2008000909,364177,円
可処分所得,40～44歳,2008001010,412803,円
可処分所得,40～44歳,2008001111,376240,円
可処分所得,40～44歳,2008001212,899872,円
可処分所得,40～44歳,2009000101,385579,円
可処分所得,40～44歳,2009000202,391387,円
可処分所得,40～44歳,2009000303,397933,円
可処分所得,40～44歳,2009000404,403850,円
可処分所得,40～44歳,2009000505,365567,円
可処分所得,40～44歳,2009000606,662959,円
可処分所得,40～44歳,2009000707,507503,円
可処分所得,40～44歳,2009000808,396405,円
可処分所得,40～44歳,2009000909,369365,円
可処分所得,40～44歳,2009001010,386206,円
可処分所得,40～44歳,2009001111,390169,円
可処分所得,40～44歳,2009001212,794049,円
可処分所得,40～44歳,2010000101,392978,円
可処分所得,40～44歳,2010000202,387016,円
可処分所得,40～44歳,2010000303,396725,円
可処分所得,40～44歳,2010000404,412733,円
可処分所得,40～44歳,2010000505,360039,円
可処分所得,40～44歳,2010000606,655869,円
可処分所得,40～44歳,2010000707,533175,円
可処分所得,40～44歳,2010000808,402780,円
可処分所得,40～44歳,2010000909,380225,円
可処分所得,40～44歳,2010001010,453113,円
可処分所得,40～44歳,2010001111,392988,円
可処分所得,40～44歳,2010001212,812373,円
可処分所得,40～44歳,2011000101,367263,円
可処分所得,40～44歳,2011000202,426004,円
可処分所得,40～44歳,2011000303,376896,円
可処分所得,40～44歳,2011000404,390200,円
可処分所得,40～44歳,2011000505,344560,円
可処分所得,40～44歳,2011000606,653743,円
可処分所得,40～44歳,2011000707,500873,円
可処分所得,40～44歳,2011000808,374146,円
可処分所得,40～44歳,2011000909,355787,円
可処分所得,40～44歳,2011001010,414702,円
可処分所得,40～44歳,2011001111,363954,円
可処分所得,40～44歳,2011001212,830475,円
可処分所得,40～44歳,2012000101,378834,円
可処分所得,40～44歳,2012000202,413459,円
可処分所得,40～44歳,2012000303,383354,円
可処分所得,40～44歳,2012000404,379473,円
可処分所得,40～44歳,2012000505,325412,円
可処分所得,40～44歳,2012000606,587803,円
可処分所得,40～44歳,2012000707,510919,円
可処分所得,40～44歳,2012000808,370503,円
可処分所得,40～44歳,2012000909,354776,円
可処分所得,40～44歳,2012001010,403750,円
可処分所得,40～44歳,2012001111,371386,円
可処分所得,40～44歳,2012001212,831945,円
可処分所得,40～44歳,2013000101,380259,円
可処分所得,40～44歳,2013000202,410446,円
可処分所得,40～44歳,2013000303,376959,円
可処分所得,40～44歳,2013000404,380166,円
可処分所得,40～44歳,2013000505,335930,円
可処分所得,40～44歳,2013000606,630460,円
可処分所得,40～44歳,2013000707,482202,円
可処分所得,40～44歳,2013000808,371793,円
可処分所得,40～44歳,2013000909,363790,円
可処分所得,40～44歳,2013001010,394290,円
可処分所得,40～44歳,2013001111,382166,円
可処分所得,40～44歳,2013001212,776540,円
可処分所得,40～44歳,2014000101,393690,円
可処分所得,40～44歳,2014000202,412018,円
可処分所得,40～44歳,2014000303,375393,円
可処分所得,40～44歳,2014000404,383651,円
可処分所得,40～44歳,2014000505,340160,円
可処分所得,40～44歳,2014000606,603567,円
可処分所得,40～44歳,2014000707,485270,円
可処分所得,40～44歳,2014000808,389206,円
可処分所得,40～44歳,2014000909,374109,円
可処分所得,40～44歳,2014001010,425132,円
可処分所得,40～44歳,2014001111,376730,円
可処分所得,40～44歳,2014001212,849581,円
可処分所得,40～44歳,2015000101,370688,円
可処分所得,40～44歳,2015000202,418742,円
可処分所得,40～44歳,2015000303,386677,円
可処分所得,40～44歳,2015000404,394741,円
可処分所得,40～44歳,2015000505,347021,円
可処分所得,40～44歳,2015000606,619117,円
可処分所得,40～44歳,2015000707,545822,円
可処分所得,40～44歳,2015000808,388962,円
可処分所得,40～44歳,2015000909,367886,円
可処分所得,40～44歳,2015001010,419180,円
可処分所得,40～44歳,2015001111,379055,円
可処分所得,40～44歳,2015001212,815415,円
可処分所得,40～44歳,2016000101,385410,円
可処分所得,40～44歳,2016000202,414467,円
可処分所得,40～44歳,2016000303,384927,円
可処分所得,40～44歳,2016000404,379974,円
可処分所得,40～44歳,2016000505,326819,円
可処分所得,40～44歳,2016000606,646673,円
可処分所得,40～44歳,2016000707,479070,円
可処分所得,40～44歳,2016000808,379197,円
可処分所得,40～44歳,2016000909,370376,円
可処分所得,40～44歳,2016001010,415648,円
可処分所得,40～44歳,2016001111,364788,円
可処分所得,40～44歳,2016001212,821951,円
可処分所得,40～44歳,2017000101,393324,円
可処分所得,40～44歳,2017000202,426891,円
可処分所得,40～44歳,2017000303,397837,円
可処分所得,40～44歳,2017000404,396439,円
可処分所得,40～44歳,2017000505,333474,円
可処分所得,40～44歳,2017000606,676538,円
可処分所得,40～44歳,2017000707,524089,円
可処分所得,40～44歳,2017000808,391390,円
可処分所得,40～44歳,2017000909,377367,円
可処分所得,40～44歳,2017001010,409501,円
可処分所得,40～44歳,2017001111,373688,円
可処分所得,40～44歳,2017001212,866194,円
可処分所得,40～44歳,2018000101,410469,円
可処分所得,40～44歳,2018000202,422356,円
可処分所得,40～44歳,2018000303,407787,円
可処分所得,40～44歳,2018000404,384501,円
可処分所得,40～44歳,2018000505,340628,円
可処分所得,40～44歳,2018000606,680025,円
可処分所得,40～44歳,2018000707,515099,円
可処分所得,40～44歳,2018000808,408366,円
可処分所得,40～44歳,2018000909,373187,円
可処分所得,40～44歳,2018001010,419435,円
可処分所得,40～44歳,2018001111,390718,円
可処分所得,40～44歳,2018001212,865008,円
可処分所得,40～44歳,2019000101,402437,円
可処分所得,40～44歳,2019000202,434228,円
可処分所得,40～44歳,2019000303,411170,円
可処分所得,40～44歳,2019000404,415367,円
可処分所得,40～44歳,2019000505,351325,円
可処分所得,40～44歳,2019000606,675520,円
可処分所得,40～44歳,2019000707,583488,円
可処分所得,40～44歳,2019000808,422633,円
可処分所得,40～44歳,2019000909,405424,円
可処分所得,40～44歳,2019001010,439476,円
可処分所得,40～44歳,2019001111,412336,円
可処分所得,40～44歳,2019001212,966533,円
可処分所得,40～44歳,2020000101,424294,円
可処分所得,40～44歳,2020000202,448600,円
可処分所得,40～44歳,2020000303,429662,円
可処分所得,40～44歳,2020000404,424825,円
可処分所得,40～44歳,2020000505,420719,円
可処分所得,40～44歳,2020000606,886730,円
可処分所得,40～44歳,2020000707,637494,円
可処分所得,40～44歳,2020000808,432196,円
可処分所得,40～44歳,2020000909,411008,円
可処分所得,40～44歳,2020001010,467153,円
可処分所得,40～44歳,2020001111,426568,円
可処分所得,40～44歳,2020001212,894151,円
可処分所得,40～44歳,2021000101,432976,円
可処分所得,40～44歳,2021000202,464062,円
可処分所得,40～44歳,2021000303,433766,円
可処分所得,40～44歳,2021000404,427307,円
可処分所得,40～44歳,2021000505,390399,円
可処分所得,40～44歳,2021000606,761983,円
可処分所得,40～44歳,2021000707,566045,円
可処分所得,40～44歳,2021000808,478029,円
可処分所得,40～44歳,2021000909,418174,円
可処分所得,40～44歳,2021001010,472583,円
可処分所得,40～44歳,2021001111,425477,円
可処分所得,40～44歳,2021001212,1001188,円
可処分所得,40～44歳,2022000101,441112,円
可処分所得,40～44歳,2022000202,460363,円
可処分所得,40～44歳,2022000303,453793,円
可処分所得,40～44歳,2022000404,417557,円
可処分所得,40～44歳,2022000505,378098,円
可処分所得,40～44歳,2022000606,741082,円
可処分所得,40～44歳,2022000707,555028,円
可処分所得,40～44歳,2022000808,477690,円
可処分所得,40～44歳,2022000909,432649,円
可処分所得,40～44歳,2022001010,478854,円
可処分所得,40～44歳,2022001111,433912,円
可処分所得,40～44歳,2022001212,1020157,円
可処分所得,40～44歳,2023000101,440901,円
可処分所得,40～44歳,2023000202,464867,円
可処分所得,40～44歳,2023000303,440011,円
可処分所得,40～44歳,2023000404,436948,円
可処分所得,40～44歳,2023000505,398756,円
可処分所得,40～44歳,2023000606,789674,円
可処分所得,40～44歳,2023000707,574370,円
可処分所得,40～44歳,2023000808,442779,円
可処分所得,40～44歳,2023000909,432995,円
可処分所得,40～44歳,2023001010,474424,円
可処分所得,40～44歳,2023001111,427195,円
可処分所得,40～44歳,2023001212,953325,円
可処分所得,40～44歳,2024000101,443013,円
可処分所得,40～44歳,2024000202,462372,円
可処分所得,40～44歳,2024000303,456150,円
可処分所得,40～44歳,2024000404,452611,円
可処分所得,40～44歳,2024000505,407872,円
可処分所得,40～44歳,2024000606,870753,円
可処分所得,40～44歳,2024000707,678666,円
可処分所得,40～44歳,2024000808,470361,円
可処分所得,40～44歳,2024000909,424591,円
可処分所得,40～44歳,2024001010,507141,円
可処分所得,40～44歳,2024001111,466501,円
可処分所得,40～44歳,2024001212,1137093,円
可処分所得,40～44歳,2025000101,467862,円
可処分所得,40～44歳,2025000202,499399,円
可処分所得,40～44歳,2025000303,491754,円
可処分所得,40～44歳,2025000404,503294,円
可処分所得,40～44歳,2025000505,443182,円
可処分所得,40～44歳,2025000606,906021,円
可処分所得,40～44歳,2025000707,621403,円
可処分所得,40～44歳,2025000808,531411,円
可処分所得,40～44歳,2025000909,453901,円
可処分所得,40～44歳,2025001010,487587,円
可処分所得,40～44歳,2025001111,451471,円
可処分所得,40～44歳,2025001212,1097494,円
可処分所得,40～44歳,2026000101,475891,円
可処分所得,40～44歳,2026000202,499827,円
可処分所得,40～44歳,2026000303,506869,円
可処分所得,40～44歳,2026000404,509451,円
可処分所得,40～44歳,2026000505,488165,円
可処分所得,45～49歳,2000000101,437902,円
可処分所得,45～49歳,2000000202,435742,円
可処分所得,45～49歳,2000000303,466612,円
可処分所得,45～49歳,2000000404,461929,円
可処分所得,45～49歳,2000000505,381631,円
可処分所得,45～49歳,2000000606,676384,円
可処分所得,45～49歳,2000000707,619930,円
可処分所得,45～49歳,2000000808,458012,円
可処分所得,45～49歳,2000000909,419691,円
可処分所得,45～49歳,2000001010,443262,円
可処分所得,45～49歳,2000001111,428905,円
可処分所得,45～49歳,2000001212,1097283,円
可処分所得,45～49歳,2001000101,425723,円
可処分所得,45～49歳,2001000202,433544,円
可処分所得,45～49歳,2001000303,467773,円
可処分所得,45～49歳,2001000404,422774,円
可処分所得,45～49歳,2001000505,387916,円
可処分所得,45～49歳,2001000606,759726,円
可処分所得,45～49歳,2001000707,582237,円
可処分所得,45～49歳,2001000808,440540,円
可処分所得,45～49歳,2001000909,411480,円
可処分所得,45～49歳,2001001010,437352,円
可処分所得,45～49歳,2001001111,418724,円
可処分所得,45～49歳,2001001212,985637,円
可処分所得,45～49歳,2002000101,414771,円
可処分所得,45～49歳,2002000202,415343,円
可処分所得,45～49歳,2002000303,450294,円
可処分所得,45～49歳,2002000404,411523,円
可処分所得,45～49歳,2002000505,367757,円
可処分所得,45～49歳,2002000606,748828,円
可処分所得,45～49歳,2002000707,524505,円
可処分所得,45～49歳,2002000808,428692,円
可処分所得,45～49歳,2002000909,400628,円
可処分所得,45～49歳,2002001010,411771,円
可処分所得,45～49歳,2002001111,415676,円
可処分所得,45～49歳,2002001212,977325,円
可処分所得,45～49歳,2003000101,409116,円
可処分所得,45～49歳,2003000202,393890,円
可処分所得,45～49歳,2003000303,435061,円
可処分所得,45～49歳,2003000404,420254,円
可処分所得,45～49歳,2003000505,379549,円
可処分所得,45～49歳,2003000606,709593,円
可処分所得,45～49歳,2003000707,535247,円
可処分所得,45～49歳,2003000808,436403,円
可処分所得,45～49歳,2003000909,407892,円
可処分所得,45～49歳,2003001010,434563,円
可処分所得,45～49歳,2003001111,418994,円
可処分所得,45～49歳,2003001212,973573,円
可処分所得,45～49歳,2004000101,445906,円
可処分所得,45～49歳,2004000202,459720,円
可処分所得,45～49歳,2004000303,457875,円
可処分所得,45～49歳,2004000404,442687,円
可処分所得,45～49歳,2004000505,405120,円
可処分所得,45～49歳,2004000606,707534,円
可処分所得,45～49歳,2004000707,652888,円
可処分所得,45～49歳,2004000808,434086,円
可処分所得,45～49歳,2004000909,421817,円
可処分所得,45～49歳,2004001010,434172,円
可処分所得,45～49歳,2004001111,437880,円
可処分所得,45～49歳,2004001212,958746,円
可処分所得,45～49歳,2005000101,437268,円
可処分所得,45～49歳,2005000202,426858,円
可処分所得,45～49歳,2005000303,442570,円
可処分所得,45～49歳,2005000404,448568,円
可処分所得,45～49歳,2005000505,380673,円
可処分所得,45～49歳,2005000606,690285,円
可処分所得,45～49歳,2005000707,557055,円
可処分所得,45～49歳,2005000808,424640,円
可処分所得,45～49歳,2005000909,404917,円
可処分所得,45～49歳,2005001010,430151,円
可処分所得,45～49歳,2005001111,416095,円
可処分所得,45～49歳,2005001212,948093,円
可処分所得,45～49歳,2006000101,428177,円
可処分所得,45～49歳,2006000202,430038,円
可処分所得,45～49歳,2006000303,422873,円
可処分所得,45～49歳,2006000404,436124,円
可処分所得,45～49歳,2006000505,377436,円
可処分所得,45～49歳,2006000606,670181,円
可処分所得,45～49歳,2006000707,643382,円
可処分所得,45～49歳,2006000808,453414,円
可処分所得,45～49歳,2006000909,414250,円
可処分所得,45～49歳,2006001010,432327,円
可処分所得,45～49歳,2006001111,421537,円
可処分所得,45～49歳,2006001212,953829,円
可処分所得,45～49歳,2007000101,427583,円
可処分所得,45～49歳,2007000202,441818,円
可処分所得,45～49歳,2007000303,446307,円
可処分所得,45～49歳,2007000404,448040,円
可処分所得,45～49歳,2007000505,386534,円
可処分所得,45～49歳,2007000606,681684,円
可処分所得,45～49歳,2007000707,571103,円
可処分所得,45～49歳,2007000808,425398,円
可処分所得,45～49歳,2007000909,412298,円
可処分所得,45～49歳,2007001010,432712,円
可処分所得,45～49歳,2007001111,414347,円
可処分所得,45～49歳,2007001212,958543,円
可処分所得,45～49歳,2008000101,428227,円
可処分所得,45～49歳,2008000202,431186,円
可処分所得,45～49歳,2008000303,437524,円
可処分所得,45～49歳,2008000404,427298,円
可処分所得,45～49歳,2008000505,389860,円
可処分所得,45～49歳,2008000606,702790,円
可処分所得,45～49歳,2008000707,594364,円
可処分所得,45～49歳,2008000808,454424,円
可処分所得,45～49歳,2008000909,416017,円
可処分所得,45～49歳,2008001010,435560,円
可処分所得,45～49歳,2008001111,422088,円
可処分所得,45～49歳,2008001212,971613,円
可処分所得,45～49歳,2009000101,423344,円
可処分所得,45～49歳,2009000202,407642,円
可処分所得,45～49歳,2009000303,405341,円
可処分所得,45～49歳,2009000404,416762,円
可処分所得,45～49歳,2009000505,386471,円
可処分所得,45～49歳,2009000606,644257,円
可処分所得,45～49歳,2009000707,546441,円
可処分所得,45～49歳,2009000808,416302,円
可処分所得,45～49歳,2009000909,390830,円
可処分所得,45～49歳,2009001010,417715,円
可処分所得,45～49歳,2009001111,404283,円
可処分所得,45～49歳,2009001212,905575,円
可処分所得,45～49歳,2010000101,419565,円
可処分所得,45～49歳,2010000202,427734,円
可処分所得,45～49歳,2010000303,425876,円
可処分所得,45～49歳,2010000404,419658,円
可処分所得,45～49歳,2010000505,390256,円
可処分所得,45～49歳,2010000606,717600,円
可処分所得,45～49歳,2010000707,535772,円
可処分所得,45～49歳,2010000808,424365,円
可処分所得,45～49歳,2010000909,396086,円
可処分所得,45～49歳,2010001010,456917,円
可処分所得,45～49歳,2010001111,399723,円
可処分所得,45～49歳,2010001212,923727,円
可処分所得,45～49歳,2011000101,407076,円
可処分所得,45～49歳,2011000202,443755,円
可処分所得,45～49歳,2011000303,410378,円
可処分所得,45～49歳,2011000404,415275,円
可処分所得,45～49歳,2011000505,357649,円
可処分所得,45～49歳,2011000606,637759,円
可処分所得,45～49歳,2011000707,530309,円
可処分所得,45～49歳,2011000808,410149,円
可処分所得,45～49歳,2011000909,393722,円
可処分所得,45～49歳,2011001010,447715,円
可処分所得,45～49歳,2011001111,415396,円
可処分所得,45～49歳,2011001212,886817,円
可処分所得,45～49歳,2012000101,412483,円
可処分所得,45～49歳,2012000202,430182,円
可処分所得,45～49歳,2012000303,412560,円
可処分所得,45～49歳,2012000404,407676,円
可処分所得,45～49歳,2012000505,346740,円
可処分所得,45～49歳,2012000606,601229,円
可処分所得,45～49歳,2012000707,488106,円
可処分所得,45～49歳,2012000808,391331,円
可処分所得,45～49歳,2012000909,376583,円
可処分所得,45～49歳,2012001010,412871,円
可処分所得,45～49歳,2012001111,385310,円
可処分所得,45～49歳,2012001212,838948,円
可処分所得,45～49歳,2013000101,406608,円
可処分所得,45～49歳,2013000202,416114,円
可処分所得,45～49歳,2013000303,402556,円
可処分所得,45～49歳,2013000404,408481,円
可処分所得,45～49歳,2013000505,363574,円
可処分所得,45～49歳,2013000606,665914,円
可処分所得,45～49歳,2013000707,539478,円
可処分所得,45～49歳,2013000808,409914,円
可処分所得,45～49歳,2013000909,398372,円
可処分所得,45～49歳,2013001010,439703,円
可処分所得,45～49歳,2013001111,412840,円
可処分所得,45～49歳,2013001212,894572,円
可処分所得,45～49歳,2014000101,417162,円
可処分所得,45～49歳,2014000202,425030,円
可処分所得,45～49歳,2014000303,406741,円
可処分所得,45～49歳,2014000404,392393,円
可処分所得,45～49歳,2014000505,355953,円
可処分所得,45～49歳,2014000606,627262,円
可処分所得,45～49歳,2014000707,482043,円
可処分所得,45～49歳,2014000808,403126,円
可処分所得,45～49歳,2014000909,380400,円
可処分所得,45～49歳,2014001010,415458,円
可処分所得,45～49歳,2014001111,394688,円
可処分所得,45～49歳,2014001212,904047,円
可処分所得,45～49歳,2015000101,423550,円
可処分所得,45～49歳,2015000202,424944,円
可処分所得,45～49歳,2015000303,417849,円
可処分所得,45～49歳,2015000404,399467,円
可処分所得,45～49歳,2015000505,367009,円
可処分所得,45～49歳,2015000606,645635,円
可処分所得,45～49歳,2015000707,555511,円
可処分所得,45～49歳,2015000808,419055,円
可処分所得,45～49歳,2015000909,387362,円
可処分所得,45～49歳,2015001010,433864,円
可処分所得,45～49歳,2015001111,381243,円
可処分所得,45～49歳,2015001212,874418,円
可処分所得,45～49歳,2016000101,411472,円
可処分所得,45～49歳,2016000202,401662,円
可処分所得,45～49歳,2016000303,400144,円
可処分所得,45～49歳,2016000404,416326,円
可処分所得,45～49歳,2016000505,352044,円
可処分所得,45～49歳,2016000606,635024,円
可処分所得,45～49歳,2016000707,547553,円
可処分所得,45～49歳,2016000808,420822,円
可処分所得,45～49歳,2016000909,375818,円
可処分所得,45～49歳,2016001010,411474,円
可処分所得,45～49歳,2016001111,395161,円
可処分所得,45～49歳,2016001212,848963,円
可処分所得,45～49歳,2017000101,420561,円
可処分所得,45～49歳,2017000202,424128,円
可処分所得,45～49歳,2017000303,426585,円
可処分所得,45～49歳,2017000404,420719,円
可処分所得,45～49歳,2017000505,362680,円
可処分所得,45～49歳,2017000606,712406,円
可処分所得,45～49歳,2017000707,569305,円
可処分所得,45～49歳,2017000808,429181,円
可処分所得,45～49歳,2017000909,410698,円
可処分所得,45～49歳,2017001010,451836,円
可処分所得,45～49歳,2017001111,423052,円
可処分所得,45～49歳,2017001212,942469,円
可処分所得,45～49歳,2018000101,418039,円
可処分所得,45～49歳,2018000202,434900,円
可処分所得,45～49歳,2018000303,418448,円
可処分所得,45～49歳,2018000404,423923,円
可処分所得,45～49歳,2018000505,366631,円
可処分所得,45～49歳,2018000606,759735,円
可処分所得,45～49歳,2018000707,568309,円
可処分所得,45～49歳,2018000808,427911,円
可処分所得,45～49歳,2018000909,408153,円
可処分所得,45～49歳,2018001010,442110,円
可処分所得,45～49歳,2018001111,425881,円
可処分所得,45～49歳,2018001212,955489,円
可処分所得,45～49歳,2019000101,427521,円
可処分所得,45～49歳,2019000202,450048,円
可処分所得,45～49歳,2019000303,432902,円
可処分所得,45～49歳,2019000404,456564,円
可処分所得,45～49歳,2019000505,394955,円
可処分所得,45～49歳,2019000606,817065,円
可処分所得,45～49歳,2019000707,566011,円
可処分所得,45～49歳,2019000808,427404,円
可処分所得,45～49歳,2019000909,401436,円
可処分所得,45～49歳,2019001010,450606,円
可処分所得,45～49歳,2019001111,420668,円
可処分所得,45～49歳,2019001212,948974,円
可処分所得,45～49歳,2020000101,461071,円
可処分所得,45～49歳,2020000202,479548,円
可処分所得,45～49歳,2020000303,460027,円
可処分所得,45～49歳,2020000404,435526,円
可処分所得,45～49歳,2020000505,434473,円
可処分所得,45～49歳,2020000606,977727,円
可処分所得,45～49歳,2020000707,625216,円
可処分所得,45～49歳,2020000808,453251,円
可処分所得,45～49歳,2020000909,427150,円
可処分所得,45～49歳,2020001010,474010,円
可処分所得,45～49歳,2020001111,411338,円
可処分所得,45～49歳,2020001212,941387,円
可処分所得,45～49歳,2021000101,430384,円
可処分所得,45～49歳,2021000202,440051,円
可処分所得,45～49歳,2021000303,418041,円
可処分所得,45～49歳,2021000404,445928,円
可処分所得,45～49歳,2021000505,402589,円
可処分所得,45～49歳,2021000606,774378,円
可処分所得,45～49歳,2021000707,619426,円
可処分所得,45～49歳,2021000808,461544,円
可処分所得,45～49歳,2021000909,428812,円
可処分所得,45～49歳,2021001010,478879,円
可処分所得,45～49歳,2021001111,436808,円
可処分所得,45～49歳,2021001212,1048154,円
可処分所得,45～49歳,2022000101,449846,円
可処分所得,45～49歳,2022000202,458192,円
可処分所得,45～49歳,2022000303,458631,円
可処分所得,45～49歳,2022000404,434427,円
可処分所得,45～49歳,2022000505,402284,円
可処分所得,45～49歳,2022000606,789534,円
可処分所得,45～49歳,2022000707,572532,円
可処分所得,45～49歳,2022000808,480747,円
可処分所得,45～49歳,2022000909,452110,円
可処分所得,45～49歳,2022001010,476246,円
可処分所得,45～49歳,2022001111,453537,円
可処分所得,45～49歳,2022001212,1090313,円
可処分所得,45～49歳,2023000101,458972,円
可処分所得,45～49歳,2023000202,483103,円
可処分所得,45～49歳,2023000303,458519,円
可処分所得,45～49歳,2023000404,488114,円
可処分所得,45～49歳,2023000505,395152,円
可処分所得,45～49歳,2023000606,790410,円
可処分所得,45～49歳,2023000707,616099,円
可処分所得,45～49歳,2023000808,437438,円
可処分所得,45～49歳,2023000909,445494,円
可処分所得,45～49歳,2023001010,468848,円
可処分所得,45～49歳,2023001111,448791,円
可処分所得,45～49歳,2023001212,1003974,円
可処分所得,45～49歳,2024000101,438585,円
可処分所得,45～49歳,2024000202,482837,円
可処分所得,45～49歳,2024000303,481571,円
可処分所得,45～49歳,2024000404,460419,円
可処分所得,45～49歳,2024000505,422343,円
可処分所得,45～49歳,2024000606,912517,円
可処分所得,45～49歳,2024000707,670944,円
可処分所得,45～49歳,2024000808,499165,円
可処分所得,45～49歳,2024000909,442220,円
可処分所得,45～49歳,2024001010,508130,円
可処分所得,45～49歳,2024001111,491158,円
可処分所得,45～49歳,2024001212,1107383,円
可処分所得,45～49歳,2025000101,455948,円
可処分所得,45～49歳,2025000202,468528,円
可処分所得,45～49歳,2025000303,479805,円
可処分所得,45～49歳,2025000404,485273,円
可処分所得,45～49歳,2025000505,436228,円
可処分所得,45～49歳,2025000606,781168,円
可処分所得,45～49歳,2025000707,652317,円
可処分所得,45～49歳,2025000808,524543,円
可処分所得,45～49歳,2025000909,454620,円
可処分所得,45～49歳,2025001010,541386,円
可処分所得,45～49歳,2025001111,491580,円
可処分所得,45～49歳,2025001212,1164899,円
可処分所得,45～49歳,2026000101,508626,円
可処分所得,45～49歳,2026000202,516906,円
可処分所得,45～49歳,2026000303,526771,円
可処分所得,45～49歳,2026000404,501865,円
可処分所得,45～49歳,2026000505,443684,円
可処分所得,50～54歳,2000000101,455210,円
可処分所得,50～54歳,2000000202,460444,円
可処分所得,50～54歳,2000000303,510547,円
可処分所得,50～54歳,2000000404,469699,円
可処分所得,50～54歳,2000000505,408446,円
可処分所得,50～54歳,2000000606,775956,円
可処分所得,50～54歳,2000000707,662294,円
可処分所得,50～54歳,2000000808,469610,円
可処分所得,50～54歳,2000000909,430281,円
可処分所得,50～54歳,2000001010,443488,円
可処分所得,50～54歳,2000001111,428936,円
可処分所得,50～54歳,2000001212,1037180,円
可処分所得,50～54歳,2001000101,434212,円
可処分所得,50～54歳,2001000202,443821,円
可処分所得,50～54歳,2001000303,477234,円
可処分所得,50～54歳,2001000404,445047,円
可処分所得,50～54歳,2001000505,414210,円
可処分所得,50～54歳,2001000606,746727,円
可処分所得,50～54歳,2001000707,649610,円
可処分所得,50～54歳,2001000808,464109,円
可処分所得,50～54歳,2001000909,432249,円
可処分所得,50～54歳,2001001010,449776,円
可処分所得,50～54歳,2001001111,452352,円
可処分所得,50～54歳,2001001212,1062130,円
可処分所得,50～54歳,2002000101,441139,円
可処分所得,50～54歳,2002000202,440318,円
可処分所得,50～54歳,2002000303,495894,円
可処分所得,50～54歳,2002000404,426763,円
可処分所得,50～54歳,2002000505,399675,円
可処分所得,50～54歳,2002000606,736570,円
可処分所得,50～54歳,2002000707,562352,円
可処分所得,50～54歳,2002000808,444149,円
可処分所得,50～54歳,2002000909,435967,円
可処分所得,50～54歳,2002001010,433488,円
可処分所得,50～54歳,2002001111,431240,円
可処分所得,50～54歳,2002001212,966593,円
可処分所得,50～54歳,2003000101,413646,円
可処分所得,50～54歳,2003000202,415457,円
可処分所得,50～54歳,2003000303,426235,円
可処分所得,50～54歳,2003000404,427770,円
可処分所得,50～54歳,2003000505,386522,円
可処分所得,50～54歳,2003000606,678988,円
可処分所得,50～54歳,2003000707,557185,円
可処分所得,50～54歳,2003000808,431590,円
可処分所得,50～54歳,2003000909,413245,円
可処分所得,50～54歳,2003001010,423595,円
可処分所得,50～54歳,2003001111,426130,円
可処分所得,50～54歳,2003001212,972992,円
可処分所得,50～54歳,2004000101,445109,円
可処分所得,50～54歳,2004000202,430086,円
可処分所得,50～54歳,2004000303,423187,円
可処分所得,50～54歳,2004000404,429731,円
可処分所得,50～54歳,2004000505,387639,円
可処分所得,50～54歳,2004000606,666277,円
可処分所得,50～54歳,2004000707,538166,円
可処分所得,50～54歳,2004000808,444863,円
可処分所得,50～54歳,2004000909,424546,円
可処分所得,50～54歳,2004001010,432071,円
可処分所得,50～54歳,2004001111,422335,円
可処分所得,50～54歳,2004001212,935297,円
可処分所得,50～54歳,2005000101,429551,円
可処分所得,50～54歳,2005000202,425217,円
可処分所得,50～54歳,2005000303,433739,円
可処分所得,50～54歳,2005000404,457277,円
可処分所得,50～54歳,2005000505,402413,円
可処分所得,50～54歳,2005000606,667429,円
可処分所得,50～54歳,2005000707,576662,円
可処分所得,50～54歳,2005000808,429001,円
可処分所得,50～54歳,2005000909,419336,円
可処分所得,50～54歳,2005001010,442148,円
可処分所得,50～54歳,2005001111,413849,円
可処分所得,50～54歳,2005001212,905023,円
可処分所得,50～54歳,2006000101,434308,円
可処分所得,50～54歳,2006000202,434712,円
可処分所得,50～54歳,2006000303,426160,円
可処分所得,50～54歳,2006000404,441467,円
可処分所得,50～54歳,2006000505,382565,円
可処分所得,50～54歳,2006000606,679645,円
可処分所得,50～54歳,2006000707,576325,円
可処分所得,50～54歳,2006000808,446905,円
可処分所得,50～54歳,2006000909,408336,円
可処分所得,50～54歳,2006001010,411505,円
可処分所得,50～54歳,2006001111,417455,円
可処分所得,50～54歳,2006001212,927590,円
可処分所得,50～54歳,2007000101,409992,円
可処分所得,50～54歳,2007000202,434375,円
可処分所得,50～54歳,2007000303,434973,円
可処分所得,50～54歳,2007000404,438450,円
可処分所得,50～54歳,2007000505,393548,円
可処分所得,50～54歳,2007000606,750054,円
可処分所得,50～54歳,2007000707,585024,円
可処分所得,50～54歳,2007000808,436772,円
可処分所得,50～54歳,2007000909,421776,円
可処分所得,50～54歳,2007001010,437842,円
可処分所得,50～54歳,2007001111,424449,円
可処分所得,50～54歳,2007001212,979788,円
可処分所得,50～54歳,2008000101,433408,円
可処分所得,50～54歳,2008000202,449436,円
可処分所得,50～54歳,2008000303,454109,円
可処分所得,50～54歳,2008000404,428851,円
可処分所得,50～54歳,2008000505,395303,円
可処分所得,50～54歳,2008000606,738851,円
可処分所得,50～54歳,2008000707,551875,円
可処分所得,50～54歳,2008000808,472349,円
可処分所得,50～54歳,2008000909,427679,円
可処分所得,50～54歳,2008001010,441797,円
可処分所得,50～54歳,2008001111,431284,円
可処分所得,50～54歳,2008001212,981902,円
可処分所得,50～54歳,2009000101,421203,円
可処分所得,50～54歳,2009000202,449477,円
可処分所得,50～54歳,2009000303,454541,円
可処分所得,50～54歳,2009000404,446102,円
可処分所得,50～54歳,2009000505,407624,円
可処分所得,50～54歳,2009000606,665761,円
可処分所得,50～54歳,2009000707,593023,円
可処分所得,50～54歳,2009000808,432806,円
可処分所得,50～54歳,2009000909,392123,円
可処分所得,50～54歳,2009001010,421820,円
可処分所得,50～54歳,2009001111,399376,円
可処分所得,50～54歳,2009001212,937147,円
可処分所得,50～54歳,2010000101,420278,円
可処分所得,50～54歳,2010000202,438785,円
可処分所得,50～54歳,2010000303,422506,円
可処分所得,50～54歳,2010000404,402960,円
可処分所得,50～54歳,2010000505,363569,円
可処分所得,50～54歳,2010000606,701886,円
可処分所得,50～54歳,2010000707,555680,円
可処分所得,50～54歳,2010000808,432788,円
可処分所得,50～54歳,2010000909,431887,円
可処分所得,50～54歳,2010001010,451414,円
可処分所得,50～54歳,2010001111,420127,円
可処分所得,50～54歳,2010001212,947850,円
可処分所得,50～54歳,2011000101,412386,円
可処分所得,50～54歳,2011000202,408766,円
可処分所得,50～54歳,2011000303,402376,円
可処分所得,50～54歳,2011000404,405320,円
可処分所得,50～54歳,2011000505,345709,円
可処分所得,50～54歳,2011000606,623217,円
可処分所得,50～54歳,2011000707,558706,円
可処分所得,50～54歳,2011000808,427023,円
可処分所得,50～54歳,2011000909,420379,円
可処分所得,50～54歳,2011001010,431717,円
可処分所得,50～54歳,2011001111,424257,円
可処分所得,50～54歳,2011001212,941297,円
可処分所得,50～54歳,2012000101,431271,円
可処分所得,50～54歳,2012000202,443224,円
可処分所得,50～54歳,2012000303,419126,円
可処分所得,50～54歳,2012000404,416633,円
可処分所得,50～54歳,2012000505,363027,円
可処分所得,50～54歳,2012000606,694913,円
可処分所得,50～54歳,2012000707,554310,円
可処分所得,50～54歳,2012000808,446987,円
可処分所得,50～54歳,2012000909,419923,円
可処分所得,50～54歳,2012001010,433347,円
可処分所得,50～54歳,2012001111,426993,円
可処分所得,50～54歳,2012001212,885257,円
可処分所得,50～54歳,2013000101,418447,円
可処分所得,50～54歳,2013000202,418117,円
可処分所得,50～54歳,2013000303,440551,円
可処分所得,50～54歳,2013000404,442691,円
可処分所得,50～54歳,2013000505,381933,円
可処分所得,50～54歳,2013000606,669972,円
可処分所得,50～54歳,2013000707,532173,円
可処分所得,50～54歳,2013000808,427693,円
可処分所得,50～54歳,2013000909,411716,円
可処分所得,50～54歳,2013001010,421846,円
可処分所得,50～54歳,2013001111,412835,円
可処分所得,50～54歳,2013001212,934980,円
可処分所得,50～54歳,2014000101,409586,円
可処分所得,50～54歳,2014000202,414756,円
可処分所得,50～54歳,2014000303,411295,円
可処分所得,50～54歳,2014000404,402429,円
可処分所得,50～54歳,2014000505,381570,円
可処分所得,50～54歳,2014000606,691059,円
可処分所得,50～54歳,2014000707,536516,円
可処分所得,50～54歳,2014000808,425857,円
可処分所得,50～54歳,2014000909,407925,円
可処分所得,50～54歳,2014001010,428891,円
可処分所得,50～54歳,2014001111,419826,円
可処分所得,50～54歳,2014001212,919034,円
可処分所得,50～54歳,2015000101,402497,円
可処分所得,50～54歳,2015000202,413980,円
可処分所得,50～54歳,2015000303,417948,円
可処分所得,50～54歳,2015000404,419364,円
可処分所得,50～54歳,2015000505,384150,円
可処分所得,50～54歳,2015000606,698407,円
可処分所得,50～54歳,2015000707,532738,円
可処分所得,50～54歳,2015000808,416301,円
可処分所得,50～54歳,2015000909,376415,円
可処分所得,50～54歳,2015001010,411318,円
可処分所得,50～54歳,2015001111,387580,円
可処分所得,50～54歳,2015001212,829338,円
可処分所得,50～54歳,2016000101,404211,円
可処分所得,50～54歳,2016000202,415083,円
可処分所得,50～54歳,2016000303,434586,円
可処分所得,50～54歳,2016000404,434510,円
可処分所得,50～54歳,2016000505,371984,円
可処分所得,50～54歳,2016000606,732490,円
可処分所得,50～54歳,2016000707,571133,円
可処分所得,50～54歳,2016000808,435792,円
可処分所得,50～54歳,2016000909,415724,円
可処分所得,50～54歳,2016001010,423070,円
可処分所得,50～54歳,2016001111,424504,円
可処分所得,50～54歳,2016001212,901435,円
可処分所得,50～54歳,2017000101,420772,円
可処分所得,50～54歳,2017000202,429189,円
可処分所得,50～54歳,2017000303,424909,円
可処分所得,50～54歳,2017000404,401519,円
可処分所得,50～54歳,2017000505,352328,円
可処分所得,50～54歳,2017000606,670243,円
可処分所得,50～54歳,2017000707,575899,円
可処分所得,50～54歳,2017000808,427538,円
可処分所得,50～54歳,2017000909,429298,円
可処分所得,50～54歳,2017001010,439309,円
可処分所得,50～54歳,2017001111,435555,円
可処分所得,50～54歳,2017001212,926035,円
可処分所得,50～54歳,2018000101,413121,円
可処分所得,50～54歳,2018000202,457138,円
可処分所得,50～54歳,2018000303,435268,円
可処分所得,50～54歳,2018000404,443577,円
可処分所得,50～54歳,2018000505,382720,円
可処分所得,50～54歳,2018000606,739478,円
可処分所得,50～54歳,2018000707,563452,円
可処分所得,50～54歳,2018000808,460021,円
可処分所得,50～54歳,2018000909,428903,円
可処分所得,50～54歳,2018001010,456923,円
可処分所得,50～54歳,2018001111,432568,円
可処分所得,50～54歳,2018001212,1030687,円
可処分所得,50～54歳,2019000101,441398,円
可処分所得,50～54歳,2019000202,467250,円
可処分所得,50～54歳,2019000303,451819,円
可処分所得,50～54歳,2019000404,452898,円
可処分所得,50～54歳,2019000505,398253,円
可処分所得,50～54歳,2019000606,827331,円
可処分所得,50～54歳,2019000707,578919,円
可処分所得,50～54歳,2019000808,463160,円
可処分所得,50～54歳,2019000909,444279,円
可処分所得,50～54歳,2019001010,474051,円
可処分所得,50～54歳,2019001111,469329,円
可処分所得,50～54歳,2019001212,1098213,円
可処分所得,50～54歳,2020000101,431035,円
可処分所得,50～54歳,2020000202,435922,円
可処分所得,50～54歳,2020000303,467370,円
可処分所得,50～54歳,2020000404,446152,円
可処分所得,50～54歳,2020000505,436438,円
可処分所得,50～54歳,2020000606,957472,円
可処分所得,50～54歳,2020000707,641523,円
可処分所得,50～54歳,2020000808,457605,円
可処分所得,50～54歳,2020000909,444240,円
可処分所得,50～54歳,2020001010,479292,円
可処分所得,50～54歳,2020001111,450936,円
可処分所得,50～54歳,2020001212,1036034,円
可処分所得,50～54歳,2021000101,445702,円
可処分所得,50～54歳,2021000202,467176,円
可処分所得,50～54歳,2021000303,464379,円
可処分所得,50～54歳,2021000404,483143,円
可処分所得,50～54歳,2021000505,445920,円
可処分所得,50～54歳,2021000606,866175,円
可処分所得,50～54歳,2021000707,648568,円
可処分所得,50～54歳,2021000808,473119,円
可処分所得,50～54歳,2021000909,443669,円
可処分所得,50～54歳,2021001010,464290,円
可処分所得,50～54歳,2021001111,442001,円
可処分所得,50～54歳,2021001212,1100742,円
可処分所得,50～54歳,2022000101,444404,円
可処分所得,50～54歳,2022000202,458060,円
可処分所得,50～54歳,2022000303,454056,円
可処分所得,50～54歳,2022000404,449544,円
可処分所得,50～54歳,2022000505,401417,円
可処分所得,50～54歳,2022000606,844500,円
可処分所得,50～54歳,2022000707,643227,円
可処分所得,50～54歳,2022000808,469111,円
可処分所得,50～54歳,2022000909,464521,円
可処分所得,50～54歳,2022001010,475878,円
可処分所得,50～54歳,2022001111,450448,円
可処分所得,50～54歳,2022001212,1051611,円
可処分所得,50～54歳,2023000101,460024,円
可処分所得,50～54歳,2023000202,454710,円
可処分所得,50～54歳,2023000303,450678,円
可処分所得,50～54歳,2023000404,459777,円
可処分所得,50～54歳,2023000505,389895,円
可処分所得,50～54歳,2023000606,818087,円
可処分所得,50～54歳,2023000707,571020,円
可処分所得,50～54歳,2023000808,476150,円
可処分所得,50～54歳,2023000909,447207,円
可処分所得,50～54歳,2023001010,467263,円
可処分所得,50～54歳,2023001111,454463,円
可処分所得,50～54歳,2023001212,1032548,円
可処分所得,50～54歳,2024000101,461373,円
可処分所得,50～54歳,2024000202,467511,円
可処分所得,50～54歳,2024000303,459987,円
可処分所得,50～54歳,2024000404,463808,円
可処分所得,50～54歳,2024000505,410883,円
可処分所得,50～54歳,2024000606,875535,円
可処分所得,50～54歳,2024000707,628594,円
可処分所得,50～54歳,2024000808,487932,円
可処分所得,50～54歳,2024000909,445666,円
可処分所得,50～54歳,2024001010,462755,円
可処分所得,50～54歳,2024001111,461977,円
可処分所得,50～54歳,2024001212,1107392,円
可処分所得,50～54歳,2025000101,469103,円
可処分所得,50～54歳,2025000202,485126,円
可処分所得,50～54歳,2025000303,484815,円
可処分所得,50～54歳,2025000404,493965,円
可処分所得,50～54歳,2025000505,432765,円
可処分所得,50～54歳,2025000606,819871,円
可処分所得,50～54歳,2025000707,659199,円
可処分所得,50～54歳,2025000808,502025,円
可処分所得,50～54歳,2025000909,445194,円
可処分所得,50～54歳,2025001010,512198,円
可処分所得,50～54歳,2025001111,479710,円
可処分所得,50～54歳,2025001212,1116027,円
可処分所得,50～54歳,2026000101,476361,円
可処分所得,50～54歳,2026000202,504954,円
可処分所得,50～54歳,2026000303,511670,円
可処分所得,50～54歳,2026000404,507464,円
可処分所得,50～54歳,2026000505,463487,円
可処分所得,55～59歳,2000000101,411935,円
可処分所得,55～59歳,2000000202,426160,円
可処分所得,55～59歳,2000000303,451750,円
可処分所得,55～59歳,2000000404,456811,円
可処分所得,55～59歳,2000000505,385817,円
可処分所得,55～59歳,2000000606,720187,円
可処分所得,55～59歳,2000000707,602650,円
可処分所得,55～59歳,2000000808,444398,円
可処分所得,55～59歳,2000000909,424615,円
可処分所得,55～59歳,2000001010,438911,円
可処分所得,55～59歳,2000001111,435079,円
可処分所得,55～59歳,2000001212,1042094,円
可処分所得,55～59歳,2001000101,428936,円
可処分所得,55～59歳,2001000202,417910,円
可処分所得,55～59歳,2001000303,450019,円
可処分所得,55～59歳,2001000404,432150,円
可処分所得,55～59歳,2001000505,369372,円
可処分所得,55～59歳,2001000606,695077,円
可処分所得,55～59歳,2001000707,573884,円
可処分所得,55～59歳,2001000808,438326,円
可処分所得,55～59歳,2001000909,405577,円
可処分所得,55～59歳,2001001010,417938,円
可処分所得,55～59歳,2001001111,407625,円
可処分所得,55～59歳,2001001212,937195,円
可処分所得,55～59歳,2002000101,441264,円
可処分所得,55～59歳,2002000202,398966,円
可処分所得,55～59歳,2002000303,450125,円
可処分所得,55～59歳,2002000404,407216,円
可処分所得,55～59歳,2002000505,364201,円
可処分所得,55～59歳,2002000606,656901,円
可処分所得,55～59歳,2002000707,571893,円
可処分所得,55～59歳,2002000808,437789,円
可処分所得,55～59歳,2002000909,395948,円
可処分所得,55～59歳,2002001010,441019,円
可処分所得,55～59歳,2002001111,396349,円
可処分所得,55～59歳,2002001212,862193,円
可処分所得,55～59歳,2003000101,376058,円
可処分所得,55～59歳,2003000202,377318,円
可処分所得,55～59歳,2003000303,447426,円
可処分所得,55～59歳,2003000404,408045,円
可処分所得,55～59歳,2003000505,371772,円
可処分所得,55～59歳,2003000606,625370,円
可処分所得,55～59歳,2003000707,534524,円
可処分所得,55～59歳,2003000808,420637,円
可処分所得,55～59歳,2003000909,378654,円
可処分所得,55～59歳,2003001010,400966,円
可処分所得,55～59歳,2003001111,381917,円
可処分所得,55～59歳,2003001212,785182,円
可処分所得,55～59歳,2004000101,376008,円
可処分所得,55～59歳,2004000202,421134,円
可処分所得,55～59歳,2004000303,421248,円
可処分所得,55～59歳,2004000404,418558,円
可処分所得,55～59歳,2004000505,380250,円
可処分所得,55～59歳,2004000606,633429,円
可処分所得,55～59歳,2004000707,549856,円
可処分所得,55～59歳,2004000808,404631,円
可処分所得,55～59歳,2004000909,399313,円
可処分所得,55～59歳,2004001010,421380,円
可処分所得,55～59歳,2004001111,401364,円
可処分所得,55～59歳,2004001212,839421,円
可処分所得,55～59歳,2005000101,419560,円
可処分所得,55～59歳,2005000202,412690,円
可処分所得,55～59歳,2005000303,408433,円
可処分所得,55～59歳,2005000404,425164,円
可処分所得,55～59歳,2005000505,354155,円
可処分所得,55～59歳,2005000606,618341,円
可処分所得,55～59歳,2005000707,536817,円
可処分所得,55～59歳,2005000808,421177,円
可処分所得,55～59歳,2005000909,405290,円
可処分所得,55～59歳,2005001010,425278,円
可処分所得,55～59歳,2005001111,413866,円
可処分所得,55～59歳,2005001212,865855,円
可処分所得,55～59歳,2006000101,410005,円
可処分所得,55～59歳,2006000202,418479,円
可処分所得,55～59歳,2006000303,404778,円
可処分所得,55～59歳,2006000404,452679,円
可処分所得,55～59歳,2006000505,343914,円
可処分所得,55～59歳,2006000606,577233,円
可処分所得,55～59歳,2006000707,535089,円
可処分所得,55～59歳,2006000808,415501,円
可処分所得,55～59歳,2006000909,397197,円
可処分所得,55～59歳,2006001010,431460,円
可処分所得,55～59歳,2006001111,410598,円
可処分所得,55～59歳,2006001212,928252,円
可処分所得,55～59歳,2007000101,411892,円
可処分所得,55～59歳,2007000202,424056,円
可処分所得,55～59歳,2007000303,412190,円
可処分所得,55～59歳,2007000404,407753,円
可処分所得,55～59歳,2007000505,348687,円
可処分所得,55～59歳,2007000606,660220,円
可処分所得,55～59歳,2007000707,536981,円
可処分所得,55～59歳,2007000808,400120,円
可処分所得,55～59歳,2007000909,382559,円
可処分所得,55～59歳,2007001010,399720,円
可処分所得,55～59歳,2007001111,395957,円
可処分所得,55～59歳,2007001212,834636,円
可処分所得,55～59歳,2008000101,402619,円
可処分所得,55～59歳,2008000202,417176,円
可処分所得,55～59歳,2008000303,408805,円
可処分所得,55～59歳,2008000404,388059,円
可処分所得,55～59歳,2008000505,380117,円
可処分所得,55～59歳,2008000606,614729,円
可処分所得,55～59歳,2008000707,556607,円
可処分所得,55～59歳,2008000808,447112,円
可処分所得,55～59歳,2008000909,411074,円
可処分所得,55～59歳,2008001010,440806,円
可処分所得,55～59歳,2008001111,408050,円
可処分所得,55～59歳,2008001212,949969,円
可処分所得,55～59歳,2009000101,427304,円
可処分所得,55～59歳,2009000202,412263,円
可処分所得,55～59歳,2009000303,388936,円
可処分所得,55～59歳,2009000404,396354,円
可処分所得,55～59歳,2009000505,358685,円
可処分所得,55～59歳,2009000606,566950,円
可処分所得,55～59歳,2009000707,507510,円
可処分所得,55～59歳,2009000808,403835,円
可処分所得,55～59歳,2009000909,398167,円
可処分所得,55～59歳,2009001010,409154,円
可処分所得,55～59歳,2009001111,398672,円
可処分所得,55～59歳,2009001212,868022,円
可処分所得,55～59歳,2010000101,373028,円
可処分所得,55～59歳,2010000202,406374,円
可処分所得,55～59歳,2010000303,387682,円
可処分所得,55～59歳,2010000404,402978,円
可処分所得,55～59歳,2010000505,343204,円
可処分所得,55～59歳,2010000606,616003,円
可処分所得,55～59歳,2010000707,510084,円
可処分所得,55～59歳,2010000808,395977,円
可処分所得,55～59歳,2010000909,374282,円
可処分所得,55～59歳,2010001010,387168,円
可処分所得,55～59歳,2010001111,364114,円
可処分所得,55～59歳,2010001212,778585,円
可処分所得,55～59歳,2011000101,353652,円
可処分所得,55～59歳,2011000202,367297,円
可処分所得,55～59歳,2011000303,363636,円
可処分所得,55～59歳,2011000404,385537,円
可処分所得,55～59歳,2011000505,338026,円
可処分所得,55～59歳,2011000606,624016,円
可処分所得,55～59歳,2011000707,561534,円
可処分所得,55～59歳,2011000808,420224,円
可処分所得,55～59歳,2011000909,391699,円
可処分所得,55～59歳,2011001010,414420,円
可処分所得,55～59歳,2011001111,388165,円
可処分所得,55～59歳,2011001212,841353,円
可処分所得,55～59歳,2012000101,388733,円
可処分所得,55～59歳,2012000202,412145,円
可処分所得,55～59歳,2012000303,407566,円
可処分所得,55～59歳,2012000404,402684,円
可処分所得,55～59歳,2012000505,338520,円
可処分所得,55～59歳,2012000606,676767,円
可処分所得,55～59歳,2012000707,488200,円
可処分所得,55～59歳,2012000808,420080,円
可処分所得,55～59歳,2012000909,383512,円
可処分所得,55～59歳,2012001010,408069,円
可処分所得,55～59歳,2012001111,412763,円
可処分所得,55～59歳,2012001212,846665,円
可処分所得,55～59歳,2013000101,409304,円
可処分所得,55～59歳,2013000202,408701,円
可処分所得,55～59歳,2013000303,407105,円
可処分所得,55～59歳,2013000404,391177,円
可処分所得,55～59歳,2013000505,342973,円
可処分所得,55～59歳,2013000606,616910,円
可処分所得,55～59歳,2013000707,505839,円
可処分所得,55～59歳,2013000808,416156,円
可処分所得,55～59歳,2013000909,394806,円
可処分所得,55～59歳,2013001010,411253,円
可処分所得,55～59歳,2013001111,395067,円
可処分所得,55～59歳,2013001212,828962,円
可処分所得,55～59歳,2014000101,395447,円
可処分所得,55～59歳,2014000202,411626,円
可処分所得,55～59歳,2014000303,402202,円
可処分所得,55～59歳,2014000404,377313,円
可処分所得,55～59歳,2014000505,351931,円
可処分所得,55～59歳,2014000606,621948,円
可処分所得,55～59歳,2014000707,512251,円
可処分所得,55～59歳,2014000808,391791,円
可処分所得,55～59歳,2014000909,359998,円
可処分所得,55～59歳,2014001010,410354,円
可処分所得,55～59歳,2014001111,388965,円
可処分所得,55～59歳,2014001212,820233,円
可処分所得,55～59歳,2015000101,396605,円
可処分所得,55～59歳,2015000202,418397,円
可処分所得,55～59歳,2015000303,403276,円
可処分所得,55～59歳,2015000404,396729,円
可処分所得,55～59歳,2015000505,360598,円
可処分所得,55～59歳,2015000606,640042,円
可処分所得,55～59歳,2015000707,525442,円
可処分所得,55～59歳,2015000808,416456,円
可処分所得,55～59歳,2015000909,382769,円
可処分所得,55～59歳,2015001010,399967,円
可処分所得,55～59歳,2015001111,382983,円
可処分所得,55～59歳,2015001212,890593,円
可処分所得,55～59歳,2016000101,411342,円
可処分所得,55～59歳,2016000202,402103,円
可処分所得,55～59歳,2016000303,425368,円
可処分所得,55～59歳,2016000404,403048,円
可処分所得,55～59歳,2016000505,359302,円
可処分所得,55～59歳,2016000606,648328,円
可処分所得,55～59歳,2016000707,544989,円
可処分所得,55～59歳,2016000808,420049,円
可処分所得,55～59歳,2016000909,406866,円
可処分所得,55～59歳,2016001010,427127,円
可処分所得,55～59歳,2016001111,395417,円
可処分所得,55～59歳,2016001212,949841,円
可処分所得,55～59歳,2017000101,390880,円
可処分所得,55～59歳,2017000202,396556,円
可処分所得,55～59歳,2017000303,410881,円
可処分所得,55～59歳,2017000404,380226,円
可処分所得,55～59歳,2017000505,336603,円
可処分所得,55～59歳,2017000606,614886,円
可処分所得,55～59歳,2017000707,563994,円
可処分所得,55～59歳,2017000808,404071,円
可処分所得,55～59歳,2017000909,395153,円
可処分所得,55～59歳,2017001010,407531,円
可処分所得,55～59歳,2017001111,384820,円
可処分所得,55～59歳,2017001212,841006,円
可処分所得,55～59歳,2018000101,395708,円
可処分所得,55～59歳,2018000202,406526,円
可処分所得,55～59歳,2018000303,412403,円
可処分所得,55～59歳,2018000404,415323,円
可処分所得,55～59歳,2018000505,354194,円
可処分所得,55～59歳,2018000606,729515,円
可処分所得,55～59歳,2018000707,574197,円
可処分所得,55～59歳,2018000808,447370,円
可処分所得,55～59歳,2018000909,418659,円
可処分所得,55～59歳,2018001010,432322,円
可処分所得,55～59歳,2018001111,427285,円
可処分所得,55～59歳,2018001212,1018513,円
可処分所得,55～59歳,2019000101,433194,円
可処分所得,55～59歳,2019000202,453071,円
可処分所得,55～59歳,2019000303,457300,円
可処分所得,55～59歳,2019000404,464268,円
可処分所得,55～59歳,2019000505,380126,円
可処分所得,55～59歳,2019000606,858831,円
可処分所得,55～59歳,2019000707,594403,円
可処分所得,55～59歳,2019000808,457553,円
可処分所得,55～59歳,2019000909,419259,円
可処分所得,55～59歳,2019001010,454689,円
可処分所得,55～59歳,2019001111,435056,円
可処分所得,55～59歳,2019001212,994158,円
可処分所得,55～59歳,2020000101,446315,円
可処分所得,55～59歳,2020000202,465215,円
可処分所得,55～59歳,2020000303,438129,円
可処分所得,55～59歳,2020000404,456268,円
可処分所得,55～59歳,2020000505,421153,円
可処分所得,55～59歳,2020000606,934279,円
可処分所得,55～59歳,2020000707,670683,円
可処分所得,55～59歳,2020000808,474073,円
可処分所得,55～59歳,2020000909,441923,円
可処分所得,55～59歳,2020001010,460273,円
可処分所得,55～59歳,2020001111,429052,円
可処分所得,55～59歳,2020001212,998272,円
可処分所得,55～59歳,2021000101,420083,円
可処分所得,55～59歳,2021000202,443039,円
可処分所得,55～59歳,2021000303,436550,円
可処分所得,55～59歳,2021000404,462638,円
可処分所得,55～59歳,2021000505,407386,円
可処分所得,55～59歳,2021000606,820476,円
可処分所得,55～59歳,2021000707,605114,円
可処分所得,55～59歳,2021000808,462586,円
可処分所得,55～59歳,2021000909,438438,円
可処分所得,55～59歳,2021001010,444094,円
可処分所得,55～59歳,2021001111,458387,円
可処分所得,55～59歳,2021001212,979495,円
可処分所得,55～59歳,2022000101,435080,円
可処分所得,55～59歳,2022000202,481589,円
可処分所得,55～59歳,2022000303,467904,円
可処分所得,55～59歳,2022000404,475564,円
可処分所得,55～59歳,2022000505,405383,円
可処分所得,55～59歳,2022000606,843092,円
可処分所得,55～59歳,2022000707,606635,円
可処分所得,55～59歳,2022000808,466269,円
可処分所得,55～59歳,2022000909,451979,円
可処分所得,55～59歳,2022001010,476566,円
可処分所得,55～59歳,2022001111,463139,円
可処分所得,55～59歳,2022001212,1026162,円
可処分所得,55～59歳,2023000101,431567,円
可処分所得,55～59歳,2023000202,467667,円
可処分所得,55～59歳,2023000303,463261,円
可処分所得,55～59歳,2023000404,458948,円
可処分所得,55～59歳,2023000505,392877,円
可処分所得,55～59歳,2023000606,845622,円
可処分所得,55～59歳,2023000707,606625,円
可処分所得,55～59歳,2023000808,475937,円
可処分所得,55～59歳,2023000909,458463,円
可処分所得,55～59歳,2023001010,476830,円
可処分所得,55～59歳,2023001111,488066,円
可処分所得,55～59歳,2023001212,1102353,円
可処分所得,55～59歳,2024000101,495622,円
可処分所得,55～59歳,2024000202,509025,円
可処分所得,55～59歳,2024000303,502151,円
可処分所得,55～59歳,2024000404,496806,円
可処分所得,55～59歳,2024000505,421127,円
可処分所得,55～59歳,2024000606,895453,円
可処分所得,55～59歳,2024000707,655869,円
可処分所得,55～59歳,2024000808,487216,円
可処分所得,55～59歳,2024000909,441610,円
可処分所得,55～59歳,2024001010,493798,円
可処分所得,55～59歳,2024001111,463580,円
可処分所得,55～59歳,2024001212,1094900,円
可処分所得,55～59歳,2025000101,467870,円
可処分所得,55～59歳,2025000202,470109,円
可処分所得,55～59歳,2025000303,447104,円
可処分所得,55～59歳,2025000404,452214,円
可処分所得,55～59歳,2025000505,417484,円
可処分所得,55～59歳,2025000606,834135,円
可処分所得,55～59歳,2025000707,668954,円
可処分所得,55～59歳,2025000808,497603,円
可処分所得,55～59歳,2025000909,451059,円
可処分所得,55～59歳,2025001010,488663,円
可処分所得,55～59歳,2025001111,471775,円
可処分所得,55～59歳,2025001212,1095634,円
可処分所得,55～59歳,2026000101,470621,円
可処分所得,55～59歳,2026000202,489391,円
可処分所得,55～59歳,2026000303,482158,円
可処分所得,55～59歳,2026000404,499662,円
可処分所得,55～59歳,2026000505,434718,円
可処分所得,60～64歳,2000000101,273429,円
可処分所得,60～64歳,2000000202,432165,円
可処分所得,60～64歳,2000000303,285949,円
可処分所得,60～64歳,2000000404,434003,円
可処分所得,60～64歳,2000000505,217814,円
可処分所得,60～64歳,2000000606,494897,円
可処分所得,60～64歳,2000000707,337266,円
可処分所得,60～64歳,2000000808,427101,円
可処分所得,60～64歳,2000000909,278595,円
可処分所得,60～64歳,2000001010,419624,円
可処分所得,60～64歳,2000001111,296807,円
可処分所得,60～64歳,2000001212,706118,円
可処分所得,60～64歳,2001000101,277487,円
可処分所得,60～64歳,2001000202,403017,円
可処分所得,60～64歳,2001000303,296861,円
可処分所得,60～64歳,2001000404,462660,円
可処分所得,60～64歳,2001000505,249868,円
可処分所得,60～64歳,2001000606,502791,円
可処分所得,60～64歳,2001000707,323070,円
可処分所得,60～64歳,2001000808,439010,円
可処分所得,60～64歳,2001000909,285974,円
可処分所得,60～64歳,2001001010,425161,円
可処分所得,60～64歳,2001001111,328822,円
可処分所得,60～64歳,2001001212,648827,円
可処分所得,60～64歳,2002000101,287900,円
可処分所得,60～64歳,2002000202,383159,円
可処分所得,60～64歳,2002000303,296804,円
可処分所得,60～64歳,2002000404,384196,円
可処分所得,60～64歳,2002000505,237990,円
可処分所得,60～64歳,2002000606,483657,円
可処分所得,60～64歳,2002000707,318648,円
可処分所得,60～64歳,2002000808,359747,円
可処分所得,60～64歳,2002000909,263741,円
可処分所得,60～64歳,2002001010,345787,円
可処分所得,60～64歳,2002001111,269766,円
可処分所得,60～64歳,2002001212,624585,円
可処分所得,60～64歳,2003000101,280518,円
可処分所得,60～64歳,2003000202,377569,円
可処分所得,60～64歳,2003000303,286701,円
可処分所得,60～64歳,2003000404,399934,円
可処分所得,60～64歳,2003000505,280301,円
可処分所得,60～64歳,2003000606,466704,円
可処分所得,60～64歳,2003000707,330020,円
可処分所得,60～64歳,2003000808,410005,円
可処分所得,60～64歳,2003000909,269830,円
可処分所得,60～64歳,2003001010,420200,円
可処分所得,60～64歳,2003001111,268658,円
可処分所得,60～64歳,2003001212,617447,円
可処分所得,60～64歳,2004000101,280408,円
可処分所得,60～64歳,2004000202,410934,円
可処分所得,60～64歳,2004000303,269760,円
可処分所得,60～64歳,2004000404,387186,円
可処分所得,60～64歳,2004000505,246144,円
可処分所得,60～64歳,2004000606,411471,円
可処分所得,60～64歳,2004000707,342205,円
可処分所得,60～64歳,2004000808,388917,円
可処分所得,60～64歳,2004000909,294410,円
可処分所得,60～64歳,2004001010,376715,円
可処分所得,60～64歳,2004001111,266974,円
可処分所得,60～64歳,2004001212,488129,円
可処分所得,60～64歳,2005000101,270587,円
可処分所得,60～64歳,2005000202,385512,円
可処分所得,60～64歳,2005000303,266817,円
可処分所得,60～64歳,2005000404,503798,円
可処分所得,60～64歳,2005000505,227787,円
可処分所得,60～64歳,2005000606,432735,円
可処分所得,60～64歳,2005000707,308557,円
可処分所得,60～64歳,2005000808,356407,円
可処分所得,60～64歳,2005000909,279971,円
可処分所得,60～64歳,2005001010,394440,円
可処分所得,60～64歳,2005001111,290460,円
可処分所得,60～64歳,2005001212,583331,円
可処分所得,60～64歳,2006000101,280575,円
可処分所得,60～64歳,2006000202,383127,円
可処分所得,60～64歳,2006000303,260238,円
可処分所得,60～64歳,2006000404,381294,円
可処分所得,60～64歳,2006000505,207149,円
可処分所得,60～64歳,2006000606,420657,円
可処分所得,60～64歳,2006000707,320504,円
可処分所得,60～64歳,2006000808,358862,円
可処分所得,60～64歳,2006000909,256129,円
可処分所得,60～64歳,2006001010,372137,円
可処分所得,60～64歳,2006001111,291287,円
可処分所得,60～64歳,2006001212,530897,円
可処分所得,60～64歳,2007000101,268277,円
可処分所得,60～64歳,2007000202,389359,円
可処分所得,60～64歳,2007000303,284662,円
可処分所得,60～64歳,2007000404,398569,円
可処分所得,60～64歳,2007000505,223354,円
可処分所得,60～64歳,2007000606,436672,円
可処分所得,60～64歳,2007000707,309515,円
可処分所得,60～64歳,2007000808,393302,円
可処分所得,60～64歳,2007000909,287836,円
可処分所得,60～64歳,2007001010,391358,円
可処分所得,60～64歳,2007001111,285320,円
可処分所得,60～64歳,2007001212,557455,円
可処分所得,60～64歳,2008000101,258854,円
可処分所得,60～64歳,2008000202,361622,円
可処分所得,60～64歳,2008000303,277815,円
可処分所得,60～64歳,2008000404,306290,円
可処分所得,60～64歳,2008000505,218520,円
可処分所得,60～64歳,2008000606,386327,円
可処分所得,60～64歳,2008000707,314861,円
可処分所得,60～64歳,2008000808,370143,円
可処分所得,60～64歳,2008000909,261959,円
可処分所得,60～64歳,2008001010,374177,円
可処分所得,60～64歳,2008001111,277029,円
可処分所得,60～64歳,2008001212,586734,円
可処分所得,60～64歳,2009000101,273165,円
可処分所得,60～64歳,2009000202,371230,円
可処分所得,60～64歳,2009000303,280783,円
可処分所得,60～64歳,2009000404,363969,円
可処分所得,60～64歳,2009000505,260053,円
可処分所得,60～64歳,2009000606,388911,円
可処分所得,60～64歳,2009000707,285272,円
可処分所得,60～64歳,2009000808,380917,円
可処分所得,60～64歳,2009000909,269069,円
可処分所得,60～64歳,2009001010,367955,円
可処分所得,60～64歳,2009001111,272284,円
可処分所得,60～64歳,2009001212,555667,円
可処分所得,60～64歳,2010000101,276935,円
可処分所得,60～64歳,2010000202,369801,円
可処分所得,60～64歳,2010000303,270159,円
可処分所得,60～64歳,2010000404,340070,円
可処分所得,60～64歳,2010000505,223316,円
可処分所得,60～64歳,2010000606,457041,円
可処分所得,60～64歳,2010000707,306196,円
可処分所得,60～64歳,2010000808,354952,円
可処分所得,60～64歳,2010000909,272385,円
可処分所得,60～64歳,2010001010,400092,円
可処分所得,60～64歳,2010001111,273117,円
可処分所得,60～64歳,2010001212,528951,円
可処分所得,60～64歳,2011000101,280194,円
可処分所得,60～64歳,2011000202,355722,円
可処分所得,60～64歳,2011000303,291309,円
可処分所得,60～64歳,2011000404,363152,円
可処分所得,60～64歳,2011000505,242349,円
可処分所得,60～64歳,2011000606,409156,円
可処分所得,60～64歳,2011000707,330728,円
可処分所得,60～64歳,2011000808,362205,円
可処分所得,60～64歳,2011000909,268463,円
可処分所得,60～64歳,2011001010,359551,円
可処分所得,60～64歳,2011001111,261206,円
可処分所得,60～64歳,2011001212,514276,円
可処分所得,60～64歳,2012000101,257236,円
可処分所得,60～64歳,2012000202,364385,円
可処分所得,60～64歳,2012000303,286643,円
可処分所得,60～64歳,2012000404,350674,円
可処分所得,60～64歳,2012000505,219794,円
可処分所得,60～64歳,2012000606,464182,円
可処分所得,60～64歳,2012000707,293746,円
可処分所得,60～64歳,2012000808,398777,円
可処分所得,60～64歳,2012000909,259386,円
可処分所得,60～64歳,2012001010,391854,円
可処分所得,60～64歳,2012001111,259601,円
可処分所得,60～64歳,2012001212,571885,円
可処分所得,60～64歳,2013000101,238926,円
可処分所得,60～64歳,2013000202,346930,円
可処分所得,60～64歳,2013000303,277066,円
可処分所得,60～64歳,2013000404,357123,円
可処分所得,60～64歳,2013000505,236882,円
可処分所得,60～64歳,2013000606,452030,円
可処分所得,60～64歳,2013000707,331259,円
可処分所得,60～64歳,2013000808,366323,円
可処分所得,60～64歳,2013000909,279481,円
可処分所得,60～64歳,2013001010,367216,円
可処分所得,60～64歳,2013001111,277198,円
可処分所得,60～64歳,2013001212,570944,円
可処分所得,60～64歳,2014000101,251079,円
可処分所得,60～64歳,2014000202,346384,円
可処分所得,60～64歳,2014000303,268188,円
可処分所得,60～64歳,2014000404,338899,円
可処分所得,60～64歳,2014000505,229950,円
可処分所得,60～64歳,2014000606,392717,円
可処分所得,60～64歳,2014000707,311360,円
可処分所得,60～64歳,2014000808,339327,円
可処分所得,60～64歳,2014000909,259702,円
可処分所得,60～64歳,2014001010,355917,円
可処分所得,60～64歳,2014001111,271518,円
可処分所得,60～64歳,2014001212,502218,円
可処分所得,60～64歳,2015000101,275002,円
可処分所得,60～64歳,2015000202,351427,円
可処分所得,60～64歳,2015000303,308694,円
可処分所得,60～64歳,2015000404,331323,円
可処分所得,60～64歳,2015000505,231814,円
可処分所得,60～64歳,2015000606,377952,円
可処分所得,60～64歳,2015000707,304026,円
可処分所得,60～64歳,2015000808,363718,円
可処分所得,60～64歳,2015000909,256742,円
可処分所得,60～64歳,2015001010,347318,円
可処分所得,60～64歳,2015001111,266803,円
可処分所得,60～64歳,2015001212,503105,円
可処分所得,60～64歳,2016000101,257472,円
可処分所得,60～64歳,2016000202,329055,円
可処分所得,60～64歳,2016000303,269125,円
可処分所得,60～64歳,2016000404,334498,円
可処分所得,60～64歳,2016000505,209885,円
可処分所得,60～64歳,2016000606,381571,円
可処分所得,60～64歳,2016000707,327593,円
可処分所得,60～64歳,2016000808,318043,円
可処分所得,60～64歳,2016000909,265809,円
可処分所得,60～64歳,2016001010,336401,円
可処分所得,60～64歳,2016001111,272771,円
可処分所得,60～64歳,2016001212,525269,円
可処分所得,60～64歳,2017000101,272283,円
可処分所得,60～64歳,2017000202,341617,円
可処分所得,60～64歳,2017000303,281312,円
可処分所得,60～64歳,2017000404,337029,円
可処分所得,60～64歳,2017000505,230090,円
可処分所得,60～64歳,2017000606,396750,円
可処分所得,60～64歳,2017000707,310511,円
可処分所得,60～64歳,2017000808,368019,円
可処分所得,60～64歳,2017000909,275927,円
可処分所得,60～64歳,2017001010,346720,円
可処分所得,60～64歳,2017001111,283023,円
可処分所得,60～64歳,2017001212,555238,円
可処分所得,60～64歳,2018000101,282928,円
可処分所得,60～64歳,2018000202,350568,円
可処分所得,60～64歳,2018000303,306005,円
可処分所得,60～64歳,2018000404,358323,円
可処分所得,60～64歳,2018000505,242843,円
可処分所得,60～64歳,2018000606,468148,円
可処分所得,60～64歳,2018000707,364701,円
可処分所得,60～64歳,2018000808,370050,円
可処分所得,60～64歳,2018000909,282552,円
可処分所得,60～64歳,2018001010,337334,円
可処分所得,60～64歳,2018001111,276263,円
可処分所得,60～64歳,2018001212,563117,円
可処分所得,60～64歳,2019000101,294502,円
可処分所得,60～64歳,2019000202,352531,円
可処分所得,60～64歳,2019000303,314964,円
可処分所得,60～64歳,2019000404,361806,円
可処分所得,60～64歳,2019000505,264802,円
可処分所得,60～64歳,2019000606,479078,円
可処分所得,60～64歳,2019000707,396387,円
可処分所得,60～64歳,2019000808,388939,円
可処分所得,60～64歳,2019000909,301375,円
可処分所得,60～64歳,2019001010,394070,円
可処分所得,60～64歳,2019001111,326710,円
可処分所得,60～64歳,2019001212,683929,円
可処分所得,60～64歳,2020000101,314955,円
可処分所得,60～64歳,2020000202,377280,円
可処分所得,60～64歳,2020000303,312296,円
可処分所得,60～64歳,2020000404,369337,円
可処分所得,60～64歳,2020000505,300999,円
可処分所得,60～64歳,2020000606,604436,円
可処分所得,60～64歳,2020000707,440264,円
可処分所得,60～64歳,2020000808,373345,円
可処分所得,60～64歳,2020000909,315380,円
可処分所得,60～64歳,2020001010,363846,円
可処分所得,60～64歳,2020001111,325750,円
可処分所得,60～64歳,2020001212,678149,円
可処分所得,60～64歳,2021000101,316588,円
可処分所得,60～64歳,2021000202,375976,円
可処分所得,60～64歳,2021000303,337384,円
可処分所得,60～64歳,2021000404,384086,円
可処分所得,60～64歳,2021000505,283375,円
可処分所得,60～64歳,2021000606,538610,円
可処分所得,60～64歳,2021000707,458087,円
可処分所得,60～64歳,2021000808,418830,円
可処分所得,60～64歳,2021000909,346083,円
可処分所得,60～64歳,2021001010,412099,円
可処分所得,60～64歳,2021001111,339286,円
可処分所得,60～64歳,2021001212,688646,円
可処分所得,60～64歳,2022000101,340628,円
可処分所得,60～64歳,2022000202,388223,円
可処分所得,60～64歳,2022000303,365667,円
可処分所得,60～64歳,2022000404,377892,円
可処分所得,60～64歳,2022000505,309780,円
可処分所得,60～64歳,2022000606,539001,円
可処分所得,60～64歳,2022000707,432799,円
可処分所得,60～64歳,2022000808,396693,円
可処分所得,60～64歳,2022000909,343905,円
可処分所得,60～64歳,2022001010,400677,円
可処分所得,60～64歳,2022001111,359469,円
可処分所得,60～64歳,2022001212,685340,円
可処分所得,60～64歳,2023000101,329527,円
可処分所得,60～64歳,2023000202,387762,円
可処分所得,60～64歳,2023000303,345952,円
可処分所得,60～64歳,2023000404,407184,円
可処分所得,60～64歳,2023000505,277076,円
可処分所得,60～64歳,2023000606,540829,円
可処分所得,60～64歳,2023000707,432552,円
可処分所得,60～64歳,2023000808,414701,円
可処分所得,60～64歳,2023000909,340109,円
可処分所得,60～64歳,2023001010,384431,円
可処分所得,60～64歳,2023001111,329490,円
可処分所得,60～64歳,2023001212,639398,円
可処分所得,60～64歳,2024000101,329042,円
可処分所得,60～64歳,2024000202,390405,円
可処分所得,60～64歳,2024000303,342798,円
可処分所得,60～64歳,2024000404,371077,円
可処分所得,60～64歳,2024000505,312751,円
可処分所得,60～64歳,2024000606,588010,円
可処分所得,60～64歳,2024000707,454473,円
可処分所得,60～64歳,2024000808,424877,円
可処分所得,60～64歳,2024000909,353860,円
可処分所得,60～64歳,2024001010,413684,円
可処分所得,60～64歳,2024001111,359475,円
可処分所得,60～64歳,2024001212,697998,円
可処分所得,60～64歳,2025000101,328535,円
可処分所得,60～64歳,2025000202,383989,円
可処分所得,60～64歳,2025000303,351600,円
可処分所得,60～64歳,2025000404,395731,円
可処分所得,60～64歳,2025000505,342489,円
可処分所得,60～64歳,2025000606,655434,円
可処分所得,60～64歳,2025000707,502003,円
可処分所得,60～64歳,2025000808,440432,円
可処分所得,60～64歳,2025000909,403669,円
可処分所得,60～64歳,2025001010,439367,円
可処分所得,60～64歳,2025001111,385204,円
可処分所得,60～64歳,2025001212,773707,円
可処分所得,60～64歳,2026000101,340996,円
可処分所得,60～64歳,2026000202,400760,円
可処分所得,60～64歳,2026000303,409373,円
可処分所得,60～64歳,2026000404,405976,円
可処分所得,60～64歳,2026000505,335255,円
可処分所得,65～69歳,2000000101,224130,円
可処分所得,65～69歳,2000000202,505136,円
可処分所得,65～69歳,2000000303,234533,円
可処分所得,65～69歳,2000000404,489010,円
可処分所得,65～69歳,2000000505,202384,円
可処分所得,65～69歳,2000000606,523590,円
可処分所得,65～69歳,2000000707,304403,円
可処分所得,65～69歳,2000000808,582879,円
可処分所得,65～69歳,2000000909,252142,円
可処分所得,65～69歳,2000001010,569860,円
可処分所得,65～69歳,2000001111,250427,円
可処分所得,65～69歳,2000001212,676768,円
可処分所得,65～69歳,2001000101,216567,円
可処分所得,65～69歳,2001000202,521380,円
可処分所得,65～69歳,2001000303,174760,円
可処分所得,65～69歳,2001000404,500159,円
可処分所得,65～69歳,2001000505,185317,円
可処分所得,65～69歳,2001000606,547985,円
可処分所得,65～69歳,2001000707,223421,円
可処分所得,65～69歳,2001000808,556110,円
可処分所得,65～69歳,2001000909,241353,円
可処分所得,65～69歳,2001001010,565982,円
可処分所得,65～69歳,2001001111,265746,円
可処分所得,65～69歳,2001001212,663611,円
可処分所得,65～69歳,2002000101,294082,円
可処分所得,65～69歳,2002000202,515539,円
可処分所得,65～69歳,2002000303,267223,円
可処分所得,65～69歳,2002000404,457206,円
可処分所得,65～69歳,2002000505,229626,円
可処分所得,65～69歳,2002000606,537035,円
可処分所得,65～69歳,2002000707,244625,円
可処分所得,65～69歳,2002000808,439703,円
可処分所得,65～69歳,2002000909,187215,円
可処分所得,65～69歳,2002001010,447740,円
可処分所得,65～69歳,2002001111,204416,円
可処分所得,65～69歳,2002001212,515415,円
可処分所得,65～69歳,2003000101,183703,円
可処分所得,65～69歳,2003000202,421351,円
可処分所得,65～69歳,2003000303,194210,円
可処分所得,65～69歳,2003000404,373520,円
可処分所得,65～69歳,2003000505,179604,円
可処分所得,65～69歳,2003000606,424185,円
可処分所得,65～69歳,2003000707,213872,円
可処分所得,65～69歳,2003000808,416393,円
可処分所得,65～69歳,2003000909,196549,円
可処分所得,65～69歳,2003001010,405810,円
可処分所得,65～69歳,2003001111,201790,円
可処分所得,65～69歳,2003001212,550748,円
可処分所得,65～69歳,2004000101,194808,円
可処分所得,65～69歳,2004000202,448264,円
可処分所得,65～69歳,2004000303,214912,円
可処分所得,65～69歳,2004000404,447660,円
可処分所得,65～69歳,2004000505,178990,円
可処分所得,65～69歳,2004000606,420515,円
可処分所得,65～69歳,2004000707,214176,円
可処分所得,65～69歳,2004000808,394444,円
可処分所得,65～69歳,2004000909,190166,円
可処分所得,65～69歳,2004001010,408921,円
可処分所得,65～69歳,2004001111,213128,円
可処分所得,65～69歳,2004001212,557708,円
可処分所得,65～69歳,2005000101,227975,円
可処分所得,65～69歳,2005000202,432946,円
可処分所得,65～69歳,2005000303,267813,円
可処分所得,65～69歳,2005000404,429713,円
可処分所得,65～69歳,2005000505,170888,円
可処分所得,65～69歳,2005000606,434724,円
可処分所得,65～69歳,2005000707,258321,円
可処分所得,65～69歳,2005000808,469402,円
可処分所得,65～69歳,2005000909,203716,円
可処分所得,65～69歳,2005001010,417223,円
可処分所得,65～69歳,2005001111,199510,円
可処分所得,65～69歳,2005001212,487588,円
可処分所得,65～69歳,2006000101,187837,円
可処分所得,65～69歳,2006000202,415896,円
可処分所得,65～69歳,2006000303,200446,円
可処分所得,65～69歳,2006000404,414384,円
可処分所得,65～69歳,2006000505,180747,円
可処分所得,65～69歳,2006000606,462567,円
可処分所得,65～69歳,2006000707,223719,円
可処分所得,65～69歳,2006000808,436880,円
可処分所得,65～69歳,2006000909,196769,円
可処分所得,65～69歳,2006001010,403813,円
可処分所得,65～69歳,2006001111,228713,円
可処分所得,65～69歳,2006001212,568274,円
可処分所得,65～69歳,2007000101,234933,円
可処分所得,65～69歳,2007000202,458822,円
可処分所得,65～69歳,2007000303,194688,円
可処分所得,65～69歳,2007000404,417038,円
可処分所得,65～69歳,2007000505,202980,円
可処分所得,65～69歳,2007000606,447560,円
可処分所得,65～69歳,2007000707,234805,円
可処分所得,65～69歳,2007000808,405694,円
可処分所得,65～69歳,2007000909,205288,円
可処分所得,65～69歳,2007001010,417421,円
可処分所得,65～69歳,2007001111,193634,円
可処分所得,65～69歳,2007001212,534002,円
可処分所得,65～69歳,2008000101,206115,円
可処分所得,65～69歳,2008000202,412843,円
可処分所得,65～69歳,2008000303,203393,円
可処分所得,65～69歳,2008000404,436968,円
可処分所得,65～69歳,2008000505,187055,円
可処分所得,65～69歳,2008000606,405646,円
可処分所得,65～69歳,2008000707,229338,円
可処分所得,65～69歳,2008000808,472288,円
可処分所得,65～69歳,2008000909,210916,円
可処分所得,65～69歳,2008001010,495705,円
可処分所得,65～69歳,2008001111,222137,円
可処分所得,65～69歳,2008001212,557280,円
可処分所得,65～69歳,2009000101,205475,円
可処分所得,65～69歳,2009000202,431330,円
可処分所得,65～69歳,2009000303,224905,円
可処分所得,65～69歳,2009000404,410173,円
可処分所得,65～69歳,2009000505,215394,円
可処分所得,65～69歳,2009000606,446718,円
可処分所得,65～69歳,2009000707,242071,円
可処分所得,65～69歳,2009000808,440448,円
可処分所得,65～69歳,2009000909,196416,円
可処分所得,65～69歳,2009001010,467929,円
可処分所得,65～69歳,2009001111,174705,円
可処分所得,65～69歳,2009001212,508689,円
可処分所得,65～69歳,2010000101,206681,円
可処分所得,65～69歳,2010000202,466975,円
可処分所得,65～69歳,2010000303,192184,円
可処分所得,65～69歳,2010000404,441396,円
可処分所得,65～69歳,2010000505,178821,円
可処分所得,65～69歳,2010000606,477057,円
可処分所得,65～69歳,2010000707,241392,円
可処分所得,65～69歳,2010000808,475590,円
可処分所得,65～69歳,2010000909,199268,円
可処分所得,65～69歳,2010001010,440159,円
可処分所得,65～69歳,2010001111,193162,円
可処分所得,65～69歳,2010001212,527601,円
可処分所得,65～69歳,2011000101,190173,円
可処分所得,65～69歳,2011000202,395202,円
可処分所得,65～69歳,2011000303,180566,円
可処分所得,65～69歳,2011000404,380635,円
可処分所得,65～69歳,2011000505,160171,円
可処分所得,65～69歳,2011000606,440545,円
可処分所得,65～69歳,2011000707,214763,円
可処分所得,65～69歳,2011000808,414367,円
可処分所得,65～69歳,2011000909,178782,円
可処分所得,65～69歳,2011001010,398764,円
可処分所得,65～69歳,2011001111,185962,円
可処分所得,65～69歳,2011001212,475138,円
可処分所得,65～69歳,2012000101,185736,円
可処分所得,65～69歳,2012000202,458634,円
可処分所得,65～69歳,2012000303,210509,円
可処分所得,65～69歳,2012000404,456303,円
可処分所得,65～69歳,2012000505,210280,円
可処分所得,65～69歳,2012000606,509650,円
可処分所得,65～69歳,2012000707,238115,円
可処分所得,65～69歳,2012000808,446704,円
可処分所得,65～69歳,2012000909,224356,円
可処分所得,65～69歳,2012001010,397232,円
可処分所得,65～69歳,2012001111,196601,円
可処分所得,65～69歳,2012001212,450054,円
可処分所得,65～69歳,2013000101,167703,円
可処分所得,65～69歳,2013000202,429032,円
可処分所得,65～69歳,2013000303,185127,円
可処分所得,65～69歳,2013000404,462036,円
可処分所得,65～69歳,2013000505,178906,円
可処分所得,65～69歳,2013000606,538875,円
可処分所得,65～69歳,2013000707,214982,円
可処分所得,65～69歳,2013000808,476920,円
可処分所得,65～69歳,2013000909,212245,円
可処分所得,65～69歳,2013001010,448373,円
可処分所得,65～69歳,2013001111,226596,円
可処分所得,65～69歳,2013001212,483313,円
可処分所得,65～69歳,2014000101,186993,円
可処分所得,65～69歳,2014000202,430893,円
可処分所得,65～69歳,2014000303,228738,円
可処分所得,65～69歳,2014000404,427861,円
可処分所得,65～69歳,2014000505,204984,円
可処分所得,65～69歳,2014000606,485596,円
可処分所得,65～69歳,2014000707,269468,円
可処分所得,65～69歳,2014000808,481798,円
可処分所得,65～69歳,2014000909,234879,円
可処分所得,65～69歳,2014001010,479584,円
可処分所得,65～69歳,2014001111,247657,円
可処分所得,65～69歳,2014001212,632163,円
可処分所得,65～69歳,2015000101,220887,円
可処分所得,65～69歳,2015000202,451376,円
可処分所得,65～69歳,2015000303,198707,円
可処分所得,65～69歳,2015000404,428197,円
可処分所得,65～69歳,2015000505,195863,円
可処分所得,65～69歳,2015000606,458330,円
可処分所得,65～69歳,2015000707,231345,円
可処分所得,65～69歳,2015000808,447414,円
可処分所得,65～69歳,2015000909,190252,円
可処分所得,65～69歳,2015001010,470801,円
可処分所得,65～69歳,2015001111,211585,円
可処分所得,65～69歳,2015001212,513720,円
可処分所得,65～69歳,2016000101,200465,円
可処分所得,65～69歳,2016000202,432141,円
可処分所得,65～69歳,2016000303,200055,円
可処分所得,65～69歳,2016000404,433691,円
可処分所得,65～69歳,2016000505,169698,円
可処分所得,65～69歳,2016000606,448275,円
可処分所得,65～69歳,2016000707,228432,円
可処分所得,65～69歳,2016000808,457617,円
可処分所得,65～69歳,2016000909,219508,円
可処分所得,65～69歳,2016001010,467749,円
可処分所得,65～69歳,2016001111,236745,円
可処分所得,65～69歳,2016001212,563465,円
可処分所得,65～69歳,2017000101,226712,円
可処分所得,65～69歳,2017000202,461927,円
可処分所得,65～69歳,2017000303,231647,円
可処分所得,65～69歳,2017000404,455063,円
可処分所得,65～69歳,2017000505,170556,円
可処分所得,65～69歳,2017000606,487086,円
可処分所得,65～69歳,2017000707,243499,円
可処分所得,65～69歳,2017000808,483621,円
可処分所得,65～69歳,2017000909,242445,円
可処分所得,65～69歳,2017001010,496830,円
可処分所得,65～69歳,2017001111,229149,円
可処分所得,65～69歳,2017001212,571646,円
可処分所得,65～69歳,2018000101,232965,円
可処分所得,65～69歳,2018000202,481934,円
可処分所得,65～69歳,2018000303,223939,円
可処分所得,65～69歳,2018000404,473136,円
可処分所得,65～69歳,2018000505,217274,円
可処分所得,65～69歳,2018000606,592121,円
可処分所得,65～69歳,2018000707,241820,円
可処分所得,65～69歳,2018000808,530171,円
可処分所得,65～69歳,2018000909,234914,円
可処分所得,65～69歳,2018001010,509381,円
可処分所得,65～69歳,2018001111,233280,円
可処分所得,65～69歳,2018001212,568649,円
可処分所得,65～69歳,2019000101,239173,円
可処分所得,65～69歳,2019000202,506571,円
可処分所得,65～69歳,2019000303,235894,円
可処分所得,65～69歳,2019000404,512010,円
可処分所得,65～69歳,2019000505,200916,円
可処分所得,65～69歳,2019000606,577267,円
可処分所得,65～69歳,2019000707,267473,円
可処分所得,65～69歳,2019000808,519970,円
可処分所得,65～69歳,2019000909,225143,円
可処分所得,65～69歳,2019001010,501104,円
可処分所得,65～69歳,2019001111,228545,円
可処分所得,65～69歳,2019001212,571984,円
可処分所得,65～69歳,2020000101,231759,円
可処分所得,65～69歳,2020000202,503319,円
可処分所得,65～69歳,2020000303,224980,円
可処分所得,65～69歳,2020000404,500095,円
可処分所得,65～69歳,2020000505,241868,円
可処分所得,65～69歳,2020000606,616652,円
可処分所得,65～69歳,2020000707,308696,円
可処分所得,65～69歳,2020000808,516941,円
可処分所得,65～69歳,2020000909,256325,円
可処分所得,65～69歳,2020001010,540593,円
可処分所得,65～69歳,2020001111,250221,円
可処分所得,65～69歳,2020001212,647438,円
可処分所得,65～69歳,2021000101,245269,円
可処分所得,65～69歳,2021000202,511353,円
可処分所得,65～69歳,2021000303,243202,円
可処分所得,65～69歳,2021000404,533856,円
可処分所得,65～69歳,2021000505,231165,円
可処分所得,65～69歳,2021000606,582330,円
可処分所得,65～69歳,2021000707,315880,円
可処分所得,65～69歳,2021000808,532367,円
可処分所得,65～69歳,2021000909,255029,円
可処分所得,65～69歳,2021001010,529745,円
可処分所得,65～69歳,2021001111,258638,円
可処分所得,65～69歳,2021001212,603637,円
可処分所得,65～69歳,2022000101,214280,円
可処分所得,65～69歳,2022000202,533682,円
可処分所得,65～69歳,2022000303,255920,円
可処分所得,65～69歳,2022000404,527883,円
可処分所得,65～69歳,2022000505,198735,円
可処分所得,65～69歳,2022000606,553155,円
可処分所得,65～69歳,2022000707,293001,円
可処分所得,65～69歳,2022000808,514854,円
可処分所得,65～69歳,2022000909,257113,円
可処分所得,65～69歳,2022001010,531126,円
可処分所得,65～69歳,2022001111,246006,円
可処分所得,65～69歳,2022001212,670084,円
可処分所得,65～69歳,2023000101,250360,円
可処分所得,65～69歳,2023000202,551623,円
可処分所得,65～69歳,2023000303,266383,円
可処分所得,65～69歳,2023000404,543002,円
可処分所得,65～69歳,2023000505,180347,円
可処分所得,65～69歳,2023000606,607042,円
可処分所得,65～69歳,2023000707,263064,円
可処分所得,65～69歳,2023000808,533041,円
可処分所得,65～69歳,2023000909,256253,円
可処分所得,65～69歳,2023001010,554582,円
可処分所得,65～69歳,2023001111,247326,円
可処分所得,65～69歳,2023001212,680894,円
可処分所得,65～69歳,2024000101,246676,円
可処分所得,65～69歳,2024000202,532351,円
可処分所得,65～69歳,2024000303,247905,円
可処分所得,65～69歳,2024000404,514520,円
可処分所得,65～69歳,2024000505,233272,円
可処分所得,65～69歳,2024000606,676104,円
可処分所得,65～69歳,2024000707,292004,円
可処分所得,65～69歳,2024000808,570863,円
可処分所得,65～69歳,2024000909,249056,円
可処分所得,65～69歳,2024001010,564884,円
可処分所得,65～69歳,2024001111,271736,円
可処分所得,65～69歳,2024001212,690904,円
可処分所得,65～69歳,2025000101,284896,円
可処分所得,65～69歳,2025000202,549202,円
可処分所得,65～69歳,2025000303,270696,円
可処分所得,65～69歳,2025000404,559701,円
可処分所得,65～69歳,2025000505,250725,円
可処分所得,65～69歳,2025000606,624229,円
可処分所得,65～69歳,2025000707,282429,円
可処分所得,65～69歳,2025000808,593878,円
可処分所得,65～69歳,2025000909,275550,円
可処分所得,65～69歳,2025001010,577372,円
可処分所得,65～69歳,2025001111,273384,円
可処分所得,65～69歳,2025001212,766608,円
可処分所得,65～69歳,2026000101,309798,円
可処分所得,65～69歳,2026000202,550812,円
可処分所得,65～69歳,2026000303,295552,円
可処分所得,65～69歳,2026000404,611341,円
可処分所得,65～69歳,2026000505,267892,円
黒字,24歳以下,2000000101,27463,円
黒字,24歳以下,2000000202,68569,円
黒字,24歳以下,2000000303,68182,円
黒字,24歳以下,2000000404,74314,円
黒字,24歳以下,2000000505,-14775,円
黒字,24歳以下,2000000606,18551,円
黒字,24歳以下,2000000707,93116,円
黒字,24歳以下,2000000808,63012,円
黒字,24歳以下,2000000909,-74607,円
黒字,24歳以下,2000001010,40590,円
黒字,24歳以下,2000001111,46437,円
黒字,24歳以下,2000001212,174850,円
黒字,24歳以下,2001000101,21143,円
黒字,24歳以下,2001000202,52928,円
黒字,24歳以下,2001000303,1328,円
黒字,24歳以下,2001000404,6551,円
黒字,24歳以下,2001000505,42901,円
黒字,24歳以下,2001000606,209265,円
黒字,24歳以下,2001000707,86412,円
黒字,24歳以下,2001000808,107198,円
黒字,24歳以下,2001000909,53846,円
黒字,24歳以下,2001001010,10283,円
黒字,24歳以下,2001001111,3501,円
黒字,24歳以下,2001001212,139661,円
黒字,24歳以下,2002000101,19151,円
黒字,24歳以下,2002000202,38604,円
黒字,24歳以下,2002000303,56011,円
黒字,24歳以下,2002000404,-87211,円
黒字,24歳以下,2002000505,80265,円
黒字,24歳以下,2002000606,109271,円
黒字,24歳以下,2002000707,118560,円
黒字,24歳以下,2002000808,75656,円
黒字,24歳以下,2002000909,71846,円
黒字,24歳以下,2002001010,65550,円
黒字,24歳以下,2002001111,37560,円
黒字,24歳以下,2002001212,157965,円
黒字,24歳以下,2003000101,-11852,円
黒字,24歳以下,2003000202,53232,円
黒字,24歳以下,2003000303,-3511,円
黒字,24歳以下,2003000404,51339,円
黒字,24歳以下,2003000505,-15588,円
黒字,24歳以下,2003000606,160208,円
黒字,24歳以下,2003000707,168264,円
黒字,24歳以下,2003000808,927,円
黒字,24歳以下,2003000909,92118,円
黒字,24歳以下,2003001010,48247,円
黒字,24歳以下,2003001111,60441,円
黒字,24歳以下,2003001212,215514,円
黒字,24歳以下,2004000101,73079,円
黒字,24歳以下,2004000202,44929,円
黒字,24歳以下,2004000303,46121,円
黒字,24歳以下,2004000404,36641,円
黒字,24歳以下,2004000505,-14489,円
黒字,24歳以下,2004000606,68116,円
黒字,24歳以下,2004000707,79712,円
黒字,24歳以下,2004000808,-5620,円
黒字,24歳以下,2004000909,31201,円
黒字,24歳以下,2004001010,49800,円
黒字,24歳以下,2004001111,86706,円
黒字,24歳以下,2004001212,96648,円
黒字,24歳以下,2005000101,54666,円
黒字,24歳以下,2005000202,75740,円
黒字,24歳以下,2005000303,40889,円
黒字,24歳以下,2005000404,60503,円
黒字,24歳以下,2005000505,43207,円
黒字,24歳以下,2005000606,83246,円
黒字,24歳以下,2005000707,87058,円
黒字,24歳以下,2005000808,70770,円
黒字,24歳以下,2005000909,53662,円
黒字,24歳以下,2005001010,81557,円
黒字,24歳以下,2005001111,67259,円
黒字,24歳以下,2005001212,213104,円
黒字,24歳以下,2006000101,46514,円
黒字,24歳以下,2006000202,18687,円
黒字,24歳以下,2006000303,39974,円
黒字,24歳以下,2006000404,104547,円
黒字,24歳以下,2006000505,55185,円
黒字,24歳以下,2006000606,92681,円
黒字,24歳以下,2006000707,113953,円
黒字,24歳以下,2006000808,-16521,円
黒字,24歳以下,2006000909,41285,円
黒字,24歳以下,2006001010,35859,円
黒字,24歳以下,2006001111,65260,円
黒字,24歳以下,2006001212,118020,円
黒字,24歳以下,2007000101,41630,円
黒字,24歳以下,2007000202,65894,円
黒字,24歳以下,2007000303,32787,円
黒字,24歳以下,2007000404,92364,円
黒字,24歳以下,2007000505,-2773,円
黒字,24歳以下,2007000606,125923,円
黒字,24歳以下,2007000707,22930,円
黒字,24歳以下,2007000808,-28028,円
黒字,24歳以下,2007000909,21782,円
黒字,24歳以下,2007001010,-18333,円
黒字,24歳以下,2007001111,-14841,円
黒字,24歳以下,2007001212,120312,円
黒字,24歳以下,2008000101,-123509,円
黒字,24歳以下,2008000202,32282,円
黒字,24歳以下,2008000303,-21417,円
黒字,24歳以下,2008000404,25085,円
黒字,24歳以下,2008000505,67529,円
黒字,24歳以下,2008000606,46222,円
黒字,24歳以下,2008000707,74568,円
黒字,24歳以下,2008000808,3587,円
黒字,24歳以下,2008000909,35897,円
黒字,24歳以下,2008001010,35034,円
黒字,24歳以下,2008001111,25418,円
黒字,24歳以下,2008001212,83632,円
黒字,24歳以下,2009000101,-42713,円
黒字,24歳以下,2009000202,73519,円
黒字,24歳以下,2009000303,28981,円
黒字,24歳以下,2009000404,68131,円
黒字,24歳以下,2009000505,25632,円
黒字,24歳以下,2009000606,125800,円
黒字,24歳以下,2009000707,127660,円
黒字,24歳以下,2009000808,93557,円
黒字,24歳以下,2009000909,72145,円
黒字,24歳以下,2009001010,89710,円
黒字,24歳以下,2009001111,93541,円
黒字,24歳以下,2009001212,222653,円
黒字,24歳以下,2010000101,51822,円
黒字,24歳以下,2010000202,58748,円
黒字,24歳以下,2010000303,20394,円
黒字,24歳以下,2010000404,40938,円
黒字,24歳以下,2010000505,-19506,円
黒字,24歳以下,2010000606,104702,円
黒字,24歳以下,2010000707,101989,円
黒字,24歳以下,2010000808,-15526,円
黒字,24歳以下,2010000909,77889,円
黒字,24歳以下,2010001010,59485,円
黒字,24歳以下,2010001111,55746,円
黒字,24歳以下,2010001212,187892,円
黒字,24歳以下,2011000101,19353,円
黒字,24歳以下,2011000202,93043,円
黒字,24歳以下,2011000303,38010,円
黒字,24歳以下,2011000404,64344,円
黒字,24歳以下,2011000505,31955,円
黒字,24歳以下,2011000606,83946,円
黒字,24歳以下,2011000707,132638,円
黒字,24歳以下,2011000808,14554,円
黒字,24歳以下,2011000909,12899,円
黒字,24歳以下,2011001010,-3034,円
黒字,24歳以下,2011001111,47896,円
黒字,24歳以下,2011001212,152807,円
黒字,24歳以下,2012000101,105322,円
黒字,24歳以下,2012000202,104507,円
黒字,24歳以下,2012000303,101593,円
黒字,24歳以下,2012000404,51641,円
黒字,24歳以下,2012000505,76240,円
黒字,24歳以下,2012000606,76074,円
黒字,24歳以下,2012000707,87031,円
黒字,24歳以下,2012000808,63583,円
黒字,24歳以下,2012000909,48686,円
黒字,24歳以下,2012001010,58819,円
黒字,24歳以下,2012001111,60977,円
黒字,24歳以下,2012001212,99082,円
黒字,24歳以下,2013000101,29732,円
黒字,24歳以下,2013000202,-20363,円
黒字,24歳以下,2013000303,65165,円
黒字,24歳以下,2013000404,50974,円
黒字,24歳以下,2013000505,25675,円
黒字,24歳以下,2013000606,243937,円
黒字,24歳以下,2013000707,60833,円
黒字,24歳以下,2013000808,64068,円
黒字,24歳以下,2013000909,50437,円
黒字,24歳以下,2013001010,20936,円
黒字,24歳以下,2013001111,8792,円
黒字,24歳以下,2013001212,187902,円
黒字,24歳以下,2014000101,49521,円
黒字,24歳以下,2014000202,53409,円
黒字,24歳以下,2014000303,81100,円
黒字,24歳以下,2014000404,98305,円
黒字,24歳以下,2014000505,63398,円
黒字,24歳以下,2014000606,86508,円
黒字,24歳以下,2014000707,157275,円
黒字,24歳以下,2014000808,24130,円
黒字,24歳以下,2014000909,57808,円
黒字,24歳以下,2014001010,16601,円
黒字,24歳以下,2014001111,32678,円
黒字,24歳以下,2014001212,289098,円
黒字,34歳以下,2015000101,44725,円
黒字,34歳以下,2015000202,91825,円
黒字,34歳以下,2015000303,49508,円
黒字,34歳以下,2015000404,68156,円
黒字,34歳以下,2015000505,59711,円
黒字,34歳以下,2015000606,318373,円
黒字,34歳以下,2015000707,175505,円
黒字,34歳以下,2015000808,38518,円
黒字,34歳以下,2015000909,66067,円
黒字,34歳以下,2015001010,124798,円
黒字,34歳以下,2015001111,44551,円
黒字,34歳以下,2015001212,363693,円
黒字,34歳以下,2016000101,80422,円
黒字,34歳以下,2016000202,110326,円
黒字,34歳以下,2016000303,126644,円
黒字,34歳以下,2016000404,93898,円
黒字,34歳以下,2016000505,59889,円
黒字,34歳以下,2016000606,288265,円
黒字,34歳以下,2016000707,161414,円
黒字,34歳以下,2016000808,94324,円
黒字,34歳以下,2016000909,80277,円
黒字,34歳以下,2016001010,116942,円
黒字,34歳以下,2016001111,74141,円
黒字,34歳以下,2016001212,373111,円
黒字,34歳以下,2017000101,87308,円
黒字,34歳以下,2017000202,129416,円
黒字,34歳以下,2017000303,80838,円
黒字,34歳以下,2017000404,91730,円
黒字,34歳以下,2017000505,55612,円
黒字,34歳以下,2017000606,297950,円
黒字,34歳以下,2017000707,192515,円
黒字,34歳以下,2017000808,91251,円
黒字,34歳以下,2017000909,81262,円
黒字,34歳以下,2017001010,126724,円
黒字,34歳以下,2017001111,78062,円
黒字,34歳以下,2017001212,414639,円
黒字,34歳以下,2018000101,72558,円
黒字,34歳以下,2018000202,124164,円
黒字,34歳以下,2018000303,94978,円
黒字,34歳以下,2018000404,79389,円
黒字,34歳以下,2018000505,65161,円
黒字,34歳以下,2018000606,293821,円
黒字,34歳以下,2018000707,218001,円
黒字,34歳以下,2018000808,96104,円
黒字,34歳以下,2018000909,95722,円
黒字,34歳以下,2018001010,139853,円
黒字,34歳以下,2018001111,86944,円
黒字,34歳以下,2018001212,439130,円
黒字,34歳以下,2019000101,110036,円
黒字,34歳以下,2019000202,145469,円
黒字,34歳以下,2019000303,94427,円
黒字,34歳以下,2019000404,137543,円
黒字,34歳以下,2019000505,66783,円
黒字,34歳以下,2019000606,354078,円
黒字,34歳以下,2019000707,213579,円
黒字,34歳以下,2019000808,88410,円
黒字,34歳以下,2019000909,75875,円
黒字,34歳以下,2019001010,200622,円
黒字,34歳以下,2019001111,108212,円
黒字,34歳以下,2019001212,567120,円
黒字,34歳以下,2020000101,139023,円
黒字,34歳以下,2020000202,125555,円
黒字,34歳以下,2020000303,112641,円
黒字,34歳以下,2020000404,143168,円
黒字,34歳以下,2020000505,121537,円
黒字,34歳以下,2020000606,569662,円
黒字,34歳以下,2020000707,304959,円
黒字,34歳以下,2020000808,87358,円
黒字,34歳以下,2020000909,74359,円
黒字,34歳以下,2020001010,143349,円
黒字,34歳以下,2020001111,80538,円
黒字,34歳以下,2020001212,524737,円
黒字,34歳以下,2021000101,134796,円
黒字,34歳以下,2021000202,197310,円
黒字,34歳以下,2021000303,135646,円
黒字,34歳以下,2021000404,115293,円
黒字,34歳以下,2021000505,56485,円
黒字,34歳以下,2021000606,409379,円
黒字,34歳以下,2021000707,247833,円
黒字,34歳以下,2021000808,129686,円
黒字,34歳以下,2021000909,144174,円
黒字,34歳以下,2021001010,185676,円
黒字,34歳以下,2021001111,137847,円
黒字,34歳以下,2021001212,634027,円
黒字,34歳以下,2022000101,141374,円
黒字,34歳以下,2022000202,165505,円
黒字,34歳以下,2022000303,149930,円
黒字,34歳以下,2022000404,132933,円
黒字,34歳以下,2022000505,107309,円
黒字,34歳以下,2022000606,426579,円
黒字,34歳以下,2022000707,241372,円
黒字,34歳以下,2022000808,147080,円
黒字,34歳以下,2022000909,147093,円
黒字,34歳以下,2022001010,179319,円
黒字,34歳以下,2022001111,112666,円
黒字,34歳以下,2022001212,650553,円
黒字,34歳以下,2023000101,86436,円
黒字,34歳以下,2023000202,162893,円
黒字,34歳以下,2023000303,155399,円
黒字,34歳以下,2023000404,124077,円
黒字,34歳以下,2023000505,107098,円
黒字,34歳以下,2023000606,446292,円
黒字,34歳以下,2023000707,223381,円
黒字,34歳以下,2023000808,133747,円
黒字,34歳以下,2023000909,166650,円
黒字,34歳以下,2023001010,149729,円
黒字,34歳以下,2023001111,138917,円
黒字,34歳以下,2023001212,576875,円
黒字,34歳以下,2024000101,132983,円
黒字,34歳以下,2024000202,168877,円
黒字,34歳以下,2024000303,99542,円
黒字,34歳以下,2024000404,174076,円
黒字,34歳以下,2024000505,113613,円
黒字,34歳以下,2024000606,496603,円
黒字,34歳以下,2024000707,249795,円
黒字,34歳以下,2024000808,160532,円
黒字,34歳以下,2024000909,168727,円
黒字,34歳以下,2024001010,185537,円
黒字,34歳以下,2024001111,182246,円
黒字,34歳以下,2024001212,560060,円
黒字,34歳以下,2025000101,194978,円
黒字,34歳以下,2025000202,196810,円
黒字,34歳以下,2025000303,95158,円
黒字,34歳以下,2025000404,159934,円
黒字,34歳以下,2025000505,130399,円
黒字,34歳以下,2025000606,492672,円
黒字,34歳以下,2025000707,216380,円
黒字,34歳以下,2025000808,197444,円
黒字,34歳以下,2025000909,147231,円
黒字,34歳以下,2025001010,176686,円
黒字,34歳以下,2025001111,118501,円
黒字,34歳以下,2025001212,706007,円
黒字,34歳以下,2026000101,193508,円
黒字,34歳以下,2026000202,184986,円
黒字,34歳以下,2026000303,165369,円
黒字,34歳以下,2026000404,153848,円
黒字,34歳以下,2026000505,134235,円
黒字,25～29歳,2000000101,66226,円
黒字,25～29歳,2000000202,68983,円
黒字,25～29歳,2000000303,52166,円
黒字,25～29歳,2000000404,55106,円
黒字,25～29歳,2000000505,43841,円
黒字,25～29歳,2000000606,170185,円
黒字,25～29歳,2000000707,163367,円
黒字,25～29歳,2000000808,51877,円
黒字,25～29歳,2000000909,60200,円
黒字,25～29歳,2000001010,42231,円
黒字,25～29歳,2000001111,41063,円
黒字,25～29歳,2000001212,337118,円
黒字,25～29歳,2001000101,53340,円
黒字,25～29歳,2001000202,63430,円
黒字,25～29歳,2001000303,75291,円
黒字,25～29歳,2001000404,31956,円
黒字,25～29歳,2001000505,38961,円
黒字,25～29歳,2001000606,180510,円
黒字,25～29歳,2001000707,147214,円
黒字,25～29歳,2001000808,56459,円
黒字,25～29歳,2001000909,52912,円
黒字,25～29歳,2001001010,-46869,円
黒字,25～29歳,2001001111,34728,円
黒字,25～29歳,2001001212,315128,円
黒字,25～29歳,2002000101,59320,円
黒字,25～29歳,2002000202,72983,円
黒字,25～29歳,2002000303,35372,円
黒字,25～29歳,2002000404,37942,円
黒字,25～29歳,2002000505,33235,円
黒字,25～29歳,2002000606,152883,円
黒字,25～29歳,2002000707,124139,円
黒字,25～29歳,2002000808,89477,円
黒字,25～29歳,2002000909,-1591,円
黒字,25～29歳,2002001010,66893,円
黒字,25～29歳,2002001111,62810,円
黒字,25～29歳,2002001212,321766,円
黒字,25～29歳,2003000101,81843,円
黒字,25～29歳,2003000202,74091,円
黒字,25～29歳,2003000303,52539,円
黒字,25～29歳,2003000404,75955,円
黒字,25～29歳,2003000505,56982,円
黒字,25～29歳,2003000606,216855,円
黒字,25～29歳,2003000707,121977,円
黒字,25～29歳,2003000808,42222,円
黒字,25～29歳,2003000909,72610,円
黒字,25～29歳,2003001010,52576,円
黒字,25～29歳,2003001111,54057,円
黒字,25～29歳,2003001212,277414,円
黒字,25～29歳,2004000101,59304,円
黒字,25～29歳,2004000202,92065,円
黒字,25～29歳,2004000303,30806,円
黒字,25～29歳,2004000404,46966,円
黒字,25～29歳,2004000505,47077,円
黒字,25～29歳,2004000606,184590,円
黒字,25～29歳,2004000707,91969,円
黒字,25～29歳,2004000808,32456,円
黒字,25～29歳,2004000909,72187,円
黒字,25～29歳,2004001010,47452,円
黒字,25～29歳,2004001111,43907,円
黒字,25～29歳,2004001212,280762,円
黒字,25～29歳,2005000101,13363,円
黒字,25～29歳,2005000202,63658,円
黒字,25～29歳,2005000303,70229,円
黒字,25～29歳,2005000404,74960,円
黒字,25～29歳,2005000505,43349,円
黒字,25～29歳,2005000606,215802,円
黒字,25～29歳,2005000707,88088,円
黒字,25～29歳,2005000808,46649,円
黒字,25～29歳,2005000909,26188,円
黒字,25～29歳,2005001010,41901,円
黒字,25～29歳,2005001111,45979,円
黒字,25～29歳,2005001212,224398,円
黒字,25～29歳,2006000101,38693,円
黒字,25～29歳,2006000202,33697,円
黒字,25～29歳,2006000303,3873,円
黒字,25～29歳,2006000404,75509,円
黒字,25～29歳,2006000505,45895,円
黒字,25～29歳,2006000606,105044,円
黒字,25～29歳,2006000707,119054,円
黒字,25～29歳,2006000808,55319,円
黒字,25～29歳,2006000909,51427,円
黒字,25～29歳,2006001010,51029,円
黒字,25～29歳,2006001111,41017,円
黒字,25～29歳,2006001212,278262,円
黒字,25～29歳,2007000101,51485,円
黒字,25～29歳,2007000202,60440,円
黒字,25～29歳,2007000303,67136,円
黒字,25～29歳,2007000404,48893,円
黒字,25～29歳,2007000505,42892,円
黒字,25～29歳,2007000606,143140,円
黒字,25～29歳,2007000707,148714,円
黒字,25～29歳,2007000808,69702,円
黒字,25～29歳,2007000909,81580,円
黒字,25～29歳,2007001010,68702,円
黒字,25～29歳,2007001111,68119,円
黒字,25～29歳,2007001212,306899,円
黒字,25～29歳,2008000101,69124,円
黒字,25～29歳,2008000202,67601,円
黒字,25～29歳,2008000303,62181,円
黒字,25～29歳,2008000404,44067,円
黒字,25～29歳,2008000505,-12420,円
黒字,25～29歳,2008000606,122025,円
黒字,25～29歳,2008000707,166852,円
黒字,25～29歳,2008000808,56436,円
黒字,25～29歳,2008000909,59525,円
黒字,25～29歳,2008001010,37531,円
黒字,25～29歳,2008001111,34623,円
黒字,25～29歳,2008001212,334640,円
黒字,25～29歳,2009000101,87969,円
黒字,25～29歳,2009000202,43167,円
黒字,25～29歳,2009000303,51752,円
黒字,25～29歳,2009000404,57331,円
黒字,25～29歳,2009000505,61062,円
黒字,25～29歳,2009000606,124877,円
黒字,25～29歳,2009000707,100249,円
黒字,25～29歳,2009000808,27715,円
黒字,25～29歳,2009000909,31312,円
黒字,25～29歳,2009001010,25858,円
黒字,25～29歳,2009001111,68812,円
黒字,25～29歳,2009001212,352816,円
黒字,25～29歳,2010000101,58740,円
黒字,25～29歳,2010000202,84512,円
黒字,25～29歳,2010000303,24351,円
黒字,25～29歳,2010000404,58065,円
黒字,25～29歳,2010000505,50957,円
黒字,25～29歳,2010000606,189588,円
黒字,25～29歳,2010000707,84312,円
黒字,25～29歳,2010000808,70945,円
黒字,25～29歳,2010000909,60196,円
黒字,25～29歳,2010001010,84361,円
黒字,25～29歳,2010001111,39604,円
黒字,25～29歳,2010001212,279379,円
黒字,25～29歳,2011000101,72020,円
黒字,25～29歳,2011000202,104030,円
黒字,25～29歳,2011000303,51418,円
黒字,25～29歳,2011000404,91154,円
黒字,25～29歳,2011000505,23366,円
黒字,25～29歳,2011000606,179994,円
黒字,25～29歳,2011000707,123689,円
黒字,25～29歳,2011000808,89174,円
黒字,25～29歳,2011000909,68828,円
黒字,25～29歳,2011001010,77739,円
黒字,25～29歳,2011001111,51732,円
黒字,25～29歳,2011001212,249609,円
黒字,25～29歳,2012000101,40753,円
黒字,25～29歳,2012000202,90358,円
黒字,25～29歳,2012000303,69120,円
黒字,25～29歳,2012000404,53199,円
黒字,25～29歳,2012000505,25338,円
黒字,25～29歳,2012000606,195304,円
黒字,25～29歳,2012000707,-10552,円
黒字,25～29歳,2012000808,62836,円
黒字,25～29歳,2012000909,69926,円
黒字,25～29歳,2012001010,62101,円
黒字,25～29歳,2012001111,56658,円
黒字,25～29歳,2012001212,266711,円
黒字,25～29歳,2013000101,42463,円
黒字,25～29歳,2013000202,99664,円
黒字,25～29歳,2013000303,66675,円
黒字,25～29歳,2013000404,72792,円
黒字,25～29歳,2013000505,47610,円
黒字,25～29歳,2013000606,297029,円
黒字,25～29歳,2013000707,107130,円
黒字,25～29歳,2013000808,75948,円
黒字,25～29歳,2013000909,45824,円
黒字,25～29歳,2013001010,98193,円
黒字,25～29歳,2013001111,63598,円
黒字,25～29歳,2013001212,257536,円
黒字,25～29歳,2014000101,58873,円
黒字,25～29歳,2014000202,112668,円
黒字,25～29歳,2014000303,5078,円
黒字,25～29歳,2014000404,-44076,円
黒字,25～29歳,2014000505,54147,円
黒字,25～29歳,2014000606,162520,円
黒字,25～29歳,2014000707,130906,円
黒字,25～29歳,2014000808,72535,円
黒字,25～29歳,2014000909,56227,円
黒字,25～29歳,2014001010,103520,円
黒字,25～29歳,2014001111,-48919,円
黒字,25～29歳,2014001212,304041,円
黒字,30～34歳,2000000101,51147,円
黒字,30～34歳,2000000202,73320,円
黒字,30～34歳,2000000303,63304,円
黒字,30～34歳,2000000404,75951,円
黒字,30～34歳,2000000505,56063,円
黒字,30～34歳,2000000606,254071,円
黒字,30～34歳,2000000707,199024,円
黒字,30～34歳,2000000808,78885,円
黒字,30～34歳,2000000909,58380,円
黒字,30～34歳,2000001010,77844,円
黒字,30～34歳,2000001111,75550,円
黒字,30～34歳,2000001212,430643,円
黒字,30～34歳,2001000101,60703,円
黒字,30～34歳,2001000202,92290,円
黒字,30～34歳,2001000303,78090,円
黒字,30～34歳,2001000404,73614,円
黒字,30～34歳,2001000505,56901,円
黒字,30～34歳,2001000606,313633,円
黒字,30～34歳,2001000707,160926,円
黒字,30～34歳,2001000808,65788,円
黒字,30～34歳,2001000909,86247,円
黒字,30～34歳,2001001010,90730,円
黒字,30～34歳,2001001111,68377,円
黒字,30～34歳,2001001212,519938,円
黒字,30～34歳,2002000101,84054,円
黒字,30～34歳,2002000202,103357,円
黒字,30～34歳,2002000303,87294,円
黒字,30～34歳,2002000404,83599,円
黒字,30～34歳,2002000505,48241,円
黒字,30～34歳,2002000606,267837,円
黒字,30～34歳,2002000707,174086,円
黒字,30～34歳,2002000808,88379,円
黒字,30～34歳,2002000909,63348,円
黒字,30～34歳,2002001010,93434,円
黒字,30～34歳,2002001111,68441,円
黒字,30～34歳,2002001212,439516,円
黒字,30～34歳,2003000101,42928,円
黒字,30～34歳,2003000202,80734,円
黒字,30～34歳,2003000303,73719,円
黒字,30～34歳,2003000404,78333,円
黒字,30～34歳,2003000505,72392,円
黒字,30～34歳,2003000606,225088,円
黒字,30～34歳,2003000707,163442,円
黒字,30～34歳,2003000808,76753,円
黒字,30～34歳,2003000909,54705,円
黒字,30～34歳,2003001010,66692,円
黒字,30～34歳,2003001111,87049,円
黒字,30～34歳,2003001212,437519,円
黒字,30～34歳,2004000101,67609,円
黒字,30～34歳,2004000202,73740,円
黒字,30～34歳,2004000303,69371,円
黒字,30～34歳,2004000404,84619,円
黒字,30～34歳,2004000505,21840,円
黒字,30～34歳,2004000606,238630,円
黒字,30～34歳,2004000707,176015,円
黒字,30～34歳,2004000808,50962,円
黒字,30～34歳,2004000909,87168,円
黒字,30～34歳,2004001010,91445,円
黒字,30～34歳,2004001111,60351,円
黒字,30～34歳,2004001212,374607,円
黒字,30～34歳,2005000101,66772,円
黒字,30～34歳,2005000202,116830,円
黒字,30～34歳,2005000303,80810,円
黒字,30～34歳,2005000404,91458,円
黒字,30～34歳,2005000505,63570,円
黒字,30～34歳,2005000606,278010,円
黒字,30～34歳,2005000707,161750,円
黒字,30～34歳,2005000808,67134,円
黒字,30～34歳,2005000909,56939,円
黒字,30～34歳,2005001010,77843,円
黒字,30～34歳,2005001111,86384,円
黒字,30～34歳,2005001212,353653,円
黒字,30～34歳,2006000101,63975,円
黒字,30～34歳,2006000202,88177,円
黒字,30～34歳,2006000303,68725,円
黒字,30～34歳,2006000404,67734,円
黒字,30～34歳,2006000505,58533,円
黒字,30～34歳,2006000606,226765,円
黒字,30～34歳,2006000707,185131,円
黒字,30～34歳,2006000808,86815,円
黒字,30～34歳,2006000909,93919,円
黒字,30～34歳,2006001010,65180,円
黒字,30～34歳,2006001111,63564,円
黒字,30～34歳,2006001212,419376,円
黒字,30～34歳,2007000101,78270,円
黒字,30～34歳,2007000202,99981,円
黒字,30～34歳,2007000303,66472,円
黒字,30～34歳,2007000404,70507,円
黒字,30～34歳,2007000505,32428,円
黒字,30～34歳,2007000606,225737,円
黒字,30～34歳,2007000707,157699,円
黒字,30～34歳,2007000808,69646,円
黒字,30～34歳,2007000909,73178,円
黒字,30～34歳,2007001010,56464,円
黒字,30～34歳,2007001111,77567,円
黒字,30～34歳,2007001212,334141,円
黒字,30～34歳,2008000101,21042,円
黒字,30～34歳,2008000202,92656,円
黒字,30～34歳,2008000303,72102,円
黒字,30～34歳,2008000404,83621,円
黒字,30～34歳,2008000505,53871,円
黒字,30～34歳,2008000606,238294,円
黒字,30～34歳,2008000707,177119,円
黒字,30～34歳,2008000808,93468,円
黒字,30～34歳,2008000909,68919,円
黒字,30～34歳,2008001010,104386,円
黒字,30～34歳,2008001111,72183,円
黒字,30～34歳,2008001212,353607,円
黒字,30～34歳,2009000101,80689,円
黒字,30～34歳,2009000202,86707,円
黒字,30～34歳,2009000303,47562,円
黒字,30～34歳,2009000404,74045,円
黒字,30～34歳,2009000505,42507,円
黒字,30～34歳,2009000606,227352,円
黒字,30～34歳,2009000707,173992,円
黒字,30～34歳,2009000808,71630,円
黒字,30～34歳,2009000909,65201,円
黒字,30～34歳,2009001010,55474,円
黒字,30～34歳,2009001111,34294,円
黒字,30～34歳,2009001212,340341,円
黒字,30～34歳,2010000101,69535,円
黒字,30～34歳,2010000202,84163,円
黒字,30～34歳,2010000303,67995,円
黒字,30～34歳,2010000404,95221,円
黒字,30～34歳,2010000505,41862,円
黒字,30～34歳,2010000606,255249,円
黒字,30～34歳,2010000707,156075,円
黒字,30～34歳,2010000808,33958,円
黒字,30～34歳,2010000909,51265,円
黒字,30～34歳,2010001010,105475,円
黒字,30～34歳,2010001111,69223,円
黒字,30～34歳,2010001212,365396,円
黒字,30～34歳,2011000101,46490,円
黒字,30～34歳,2011000202,108191,円
黒字,30～34歳,2011000303,59601,円
黒字,30～34歳,2011000404,54719,円
黒字,30～34歳,2011000505,30253,円
黒字,30～34歳,2011000606,231325,円
黒字,30～34歳,2011000707,130211,円
黒字,30～34歳,2011000808,81171,円
黒字,30～34歳,2011000909,54437,円
黒字,30～34歳,2011001010,86711,円
黒字,30～34歳,2011001111,50827,円
黒字,30～34歳,2011001212,362784,円
黒字,30～34歳,2012000101,31655,円
黒字,30～34歳,2012000202,95027,円
黒字,30～34歳,2012000303,55955,円
黒字,30～34歳,2012000404,40875,円
黒字,30～34歳,2012000505,43740,円
黒字,30～34歳,2012000606,226276,円
黒字,30～34歳,2012000707,119683,円
黒字,30～34歳,2012000808,61964,円
黒字,30～34歳,2012000909,86136,円
黒字,30～34歳,2012001010,121913,円
黒字,30～34歳,2012001111,73037,円
黒字,30～34歳,2012001212,369765,円
黒字,30～34歳,2013000101,74739,円
黒字,30～34歳,2013000202,99495,円
黒字,30～34歳,2013000303,48091,円
黒字,30～34歳,2013000404,56089,円
黒字,30～34歳,2013000505,30011,円
黒字,30～34歳,2013000606,266460,円
黒字,30～34歳,2013000707,154387,円
黒字,30～34歳,2013000808,61232,円
黒字,30～34歳,2013000909,70982,円
黒字,30～34歳,2013001010,102014,円
黒字,30～34歳,2013001111,68840,円
黒字,30～34歳,2013001212,375022,円
黒字,30～34歳,2014000101,65131,円
黒字,30～34歳,2014000202,117927,円
黒字,30～34歳,2014000303,8202,円
黒字,30～34歳,2014000404,68825,円
黒字,30～34歳,2014000505,64527,円
黒字,30～34歳,2014000606,289870,円
黒字,30～34歳,2014000707,198474,円
黒字,30～34歳,2014000808,88580,円
黒字,30～34歳,2014000909,73894,円
黒字,30～34歳,2014001010,103193,円
黒字,30～34歳,2014001111,59047,円
黒字,30～34歳,2014001212,340482,円
黒字,35～39歳,2000000101,66959,円
黒字,35～39歳,2000000202,88555,円
黒字,35～39歳,2000000303,98589,円
黒字,35～39歳,2000000404,95006,円
黒字,35～39歳,2000000505,50147,円
黒字,35～39歳,2000000606,375786,円
黒字,35～39歳,2000000707,177086,円
黒字,35～39歳,2000000808,85631,円
黒字,35～39歳,2000000909,77963,円
黒字,35～39歳,2000001010,80565,円
黒字,35～39歳,2000001111,72801,円
黒字,35～39歳,2000001212,536189,円
黒字,35～39歳,2001000101,80859,円
黒字,35～39歳,2001000202,83834,円
黒字,35～39歳,2001000303,84242,円
黒字,35～39歳,2001000404,94536,円
黒字,35～39歳,2001000505,48032,円
黒字,35～39歳,2001000606,354100,円
黒字,35～39歳,2001000707,186949,円
黒字,35～39歳,2001000808,83910,円
黒字,35～39歳,2001000909,100100,円
黒字,35～39歳,2001001010,89944,円
黒字,35～39歳,2001001111,75415,円
黒字,35～39歳,2001001212,528641,円
黒字,35～39歳,2002000101,91676,円
黒字,35～39歳,2002000202,112021,円
黒字,35～39歳,2002000303,78668,円
黒字,35～39歳,2002000404,77387,円
黒字,35～39歳,2002000505,50671,円
黒字,35～39歳,2002000606,327341,円
黒字,35～39歳,2002000707,194117,円
黒字,35～39歳,2002000808,113599,円
黒字,35～39歳,2002000909,81556,円
黒字,35～39歳,2002001010,109268,円
黒字,35～39歳,2002001111,70947,円
黒字,35～39歳,2002001212,484259,円
黒字,35～39歳,2003000101,78900,円
黒字,35～39歳,2003000202,105035,円
黒字,35～39歳,2003000303,67854,円
黒字,35～39歳,2003000404,69527,円
黒字,35～39歳,2003000505,50922,円
黒字,35～39歳,2003000606,326298,円
黒字,35～39歳,2003000707,186440,円
黒字,35～39歳,2003000808,95629,円
黒字,35～39歳,2003000909,94557,円
黒字,35～39歳,2003001010,94525,円
黒字,35～39歳,2003001111,81224,円
黒字,35～39歳,2003001212,469016,円
黒字,35～39歳,2004000101,80020,円
黒字,35～39歳,2004000202,96559,円
黒字,35～39歳,2004000303,100372,円
黒字,35～39歳,2004000404,102048,円
黒字,35～39歳,2004000505,54344,円
黒字,35～39歳,2004000606,254802,円
黒字,35～39歳,2004000707,194304,円
黒字,35～39歳,2004000808,95357,円
黒字,35～39歳,2004000909,96053,円
黒字,35～39歳,2004001010,79993,円
黒字,35～39歳,2004001111,93073,円
黒字,35～39歳,2004001212,448660,円
黒字,35～39歳,2005000101,39421,円
黒字,35～39歳,2005000202,86577,円
黒字,35～39歳,2005000303,79006,円
黒字,35～39歳,2005000404,58505,円
黒字,35～39歳,2005000505,27925,円
黒字,35～39歳,2005000606,330238,円
黒字,35～39歳,2005000707,165115,円
黒字,35～39歳,2005000808,79167,円
黒字,35～39歳,2005000909,71811,円
黒字,35～39歳,2005001010,85469,円
黒字,35～39歳,2005001111,75729,円
黒字,35～39歳,2005001212,410782,円
黒字,35～39歳,2006000101,72058,円
黒字,35～39歳,2006000202,93318,円
黒字,35～39歳,2006000303,69153,円
黒字,35～39歳,2006000404,75143,円
黒字,35～39歳,2006000505,21253,円
黒字,35～39歳,2006000606,291802,円
黒字,35～39歳,2006000707,169729,円
黒字,35～39歳,2006000808,95976,円
黒字,35～39歳,2006000909,94740,円
黒字,35～39歳,2006001010,119940,円
黒字,35～39歳,2006001111,87117,円
黒字,35～39歳,2006001212,484731,円
黒字,35～39歳,2007000101,86688,円
黒字,35～39歳,2007000202,131283,円
黒字,35～39歳,2007000303,93263,円
黒字,35～39歳,2007000404,101300,円
黒字,35～39歳,2007000505,45062,円
黒字,35～39歳,2007000606,315367,円
黒字,35～39歳,2007000707,199736,円
黒字,35～39歳,2007000808,73406,円
黒字,35～39歳,2007000909,70009,円
黒字,35～39歳,2007001010,92144,円
黒字,35～39歳,2007001111,78988,円
黒字,35～39歳,2007001212,455786,円
黒字,35～39歳,2008000101,40477,円
黒字,35～39歳,2008000202,117838,円
黒字,35～39歳,2008000303,58249,円
黒字,35～39歳,2008000404,75091,円
黒字,35～39歳,2008000505,45837,円
黒字,35～39歳,2008000606,279569,円
黒字,35～39歳,2008000707,143035,円
黒字,35～39歳,2008000808,70401,円
黒字,35～39歳,2008000909,77197,円
黒字,35～39歳,2008001010,96879,円
黒字,35～39歳,2008001111,73478,円
黒字,35～39歳,2008001212,460508,円
黒字,35～39歳,2009000101,80935,円
黒字,35～39歳,2009000202,104945,円
黒字,35～39歳,2009000303,37905,円
黒字,35～39歳,2009000404,77149,円
黒字,35～39歳,2009000505,48894,円
黒字,35～39歳,2009000606,271619,円
黒字,35～39歳,2009000707,169606,円
黒字,35～39歳,2009000808,50719,円
黒字,35～39歳,2009000909,87041,円
黒字,35～39歳,2009001010,91903,円
黒字,35～39歳,2009001111,91040,円
黒字,35～39歳,2009001212,428438,円
黒字,35～39歳,2010000101,60691,円
黒字,35～39歳,2010000202,99957,円
黒字,35～39歳,2010000303,42889,円
黒字,35～39歳,2010000404,90575,円
黒字,35～39歳,2010000505,33301,円
黒字,35～39歳,2010000606,318517,円
黒字,35～39歳,2010000707,183937,円
黒字,35～39歳,2010000808,49282,円
黒字,35～39歳,2010000909,70617,円
黒字,35～39歳,2010001010,138316,円
黒字,35～39歳,2010001111,78945,円
黒字,35～39歳,2010001212,442447,円
黒字,35～39歳,2011000101,74962,円
黒字,35～39歳,2011000202,140778,円
黒字,35～39歳,2011000303,58932,円
黒字,35～39歳,2011000404,81209,円
黒字,35～39歳,2011000505,30111,円
黒字,35～39歳,2011000606,280030,円
黒字,35～39歳,2011000707,193802,円
黒字,35～39歳,2011000808,70912,円
黒字,35～39歳,2011000909,81349,円
黒字,35～39歳,2011001010,112327,円
黒字,35～39歳,2011001111,73750,円
黒字,35～39歳,2011001212,383195,円
黒字,35～39歳,2012000101,70116,円
黒字,35～39歳,2012000202,132450,円
黒字,35～39歳,2012000303,92990,円
黒字,35～39歳,2012000404,83999,円
黒字,35～39歳,2012000505,36418,円
黒字,35～39歳,2012000606,307945,円
黒字,35～39歳,2012000707,184354,円
黒字,35～39歳,2012000808,64205,円
黒字,35～39歳,2012000909,85708,円
黒字,35～39歳,2012001010,123584,円
黒字,35～39歳,2012001111,69320,円
黒字,35～39歳,2012001212,403731,円
黒字,35～39歳,2013000101,40065,円
黒字,35～39歳,2013000202,116232,円
黒字,35～39歳,2013000303,70054,円
黒字,35～39歳,2013000404,56106,円
黒字,35～39歳,2013000505,42295,円
黒字,35～39歳,2013000606,291325,円
黒字,35～39歳,2013000707,151849,円
黒字,35～39歳,2013000808,91322,円
黒字,35～39歳,2013000909,70838,円
黒字,35～39歳,2013001010,106214,円
黒字,35～39歳,2013001111,73689,円
黒字,35～39歳,2013001212,392375,円
黒字,35～39歳,2014000101,69215,円
黒字,35～39歳,2014000202,121228,円
黒字,35～39歳,2014000303,37130,円
黒字,35～39歳,2014000404,99027,円
黒字,35～39歳,2014000505,52145,円
黒字,35～39歳,2014000606,275350,円
黒字,35～39歳,2014000707,178245,円
黒字,35～39歳,2014000808,86748,円
黒字,35～39歳,2014000909,45877,円
黒字,35～39歳,2014001010,104268,円
黒字,35～39歳,2014001111,73650,円
黒字,35～39歳,2014001212,489267,円
黒字,35～39歳,2015000101,77120,円
黒字,35～39歳,2015000202,152625,円
黒字,35～39歳,2015000303,78410,円
黒字,35～39歳,2015000404,86212,円
黒字,35～39歳,2015000505,69973,円
黒字,35～39歳,2015000606,269025,円
黒字,35～39歳,2015000707,195045,円
黒字,35～39歳,2015000808,82100,円
黒字,35～39歳,2015000909,75019,円
黒字,35～39歳,2015001010,131765,円
黒字,35～39歳,2015001111,81501,円
黒字,35～39歳,2015001212,507582,円
黒字,35～39歳,2016000101,51655,円
黒字,35～39歳,2016000202,98720,円
黒字,35～39歳,2016000303,101131,円
黒字,35～39歳,2016000404,85483,円
黒字,35～39歳,2016000505,41941,円
黒字,35～39歳,2016000606,311410,円
黒字,35～39歳,2016000707,229117,円
黒字,35～39歳,2016000808,81491,円
黒字,35～39歳,2016000909,66540,円
黒字,35～39歳,2016001010,127700,円
黒字,35～39歳,2016001111,69403,円
黒字,35～39歳,2016001212,419221,円
黒字,35～39歳,2017000101,77331,円
黒字,35～39歳,2017000202,122801,円
黒字,35～39歳,2017000303,40745,円
黒字,35～39歳,2017000404,83154,円
黒字,35～39歳,2017000505,32956,円
黒字,35～39歳,2017000606,273349,円
黒字,35～39歳,2017000707,206295,円
黒字,35～39歳,2017000808,92207,円
黒字,35～39歳,2017000909,95518,円
黒字,35～39歳,2017001010,153101,円
黒字,35～39歳,2017001111,107121,円
黒字,35～39歳,2017001212,464219,円
黒字,35～39歳,2018000101,78280,円
黒字,35～39歳,2018000202,164565,円
黒字,35～39歳,2018000303,45417,円
黒字,35～39歳,2018000404,112683,円
黒字,35～39歳,2018000505,57534,円
黒字,35～39歳,2018000606,356123,円
黒字,35～39歳,2018000707,224884,円
黒字,35～39歳,2018000808,83683,円
黒字,35～39歳,2018000909,116652,円
黒字,35～39歳,2018001010,161251,円
黒字,35～39歳,2018001111,85511,円
黒字,35～39歳,2018001212,586087,円
黒字,35～39歳,2019000101,109621,円
黒字,35～39歳,2019000202,140457,円
黒字,35～39歳,2019000303,69827,円
黒字,35～39歳,2019000404,106370,円
黒字,35～39歳,2019000505,36619,円
黒字,35～39歳,2019000606,455436,円
黒字,35～39歳,2019000707,143279,円
黒字,35～39歳,2019000808,63243,円
黒字,35～39歳,2019000909,88501,円
黒字,35～39歳,2019001010,172035,円
黒字,35～39歳,2019001111,107897,円
黒字,35～39歳,2019001212,572681,円
黒字,35～39歳,2020000101,138774,円
黒字,35～39歳,2020000202,155324,円
黒字,35～39歳,2020000303,136441,円
黒字,35～39歳,2020000404,166667,円
黒字,35～39歳,2020000505,155166,円
黒字,35～39歳,2020000606,601143,円
黒字,35～39歳,2020000707,303068,円
黒字,35～39歳,2020000808,116134,円
黒字,35～39歳,2020000909,122993,円
黒字,35～39歳,2020001010,182412,円
黒字,35～39歳,2020001111,142223,円
黒字,35～39歳,2020001212,620421,円
黒字,35～39歳,2021000101,127999,円
黒字,35～39歳,2021000202,180072,円
黒字,35～39歳,2021000303,113655,円
黒字,35～39歳,2021000404,89795,円
黒字,35～39歳,2021000505,102439,円
黒字,35～39歳,2021000606,434723,円
黒字,35～39歳,2021000707,249496,円
黒字,35～39歳,2021000808,152578,円
黒字,35～39歳,2021000909,121193,円
黒字,35～39歳,2021001010,180007,円
黒字,35～39歳,2021001111,108415,円
黒字,35～39歳,2021001212,646974,円
黒字,35～39歳,2022000101,135240,円
黒字,35～39歳,2022000202,182714,円
黒字,35～39歳,2022000303,113523,円
黒字,35～39歳,2022000404,158317,円
黒字,35～39歳,2022000505,119173,円
黒字,35～39歳,2022000606,535117,円
黒字,35～39歳,2022000707,269755,円
黒字,35～39歳,2022000808,128208,円
黒字,35～39歳,2022000909,109057,円
黒字,35～39歳,2022001010,154437,円
黒字,35～39歳,2022001111,106164,円
黒字,35～39歳,2022001212,680298,円
黒字,35～39歳,2023000101,133392,円
黒字,35～39歳,2023000202,165343,円
黒字,35～39歳,2023000303,111822,円
黒字,35～39歳,2023000404,121937,円
黒字,35～39歳,2023000505,76272,円
黒字,35～39歳,2023000606,450003,円
黒字,35～39歳,2023000707,240922,円
黒字,35～39歳,2023000808,106256,円
黒字,35～39歳,2023000909,141503,円
黒字,35～39歳,2023001010,193392,円
黒字,35～39歳,2023001111,135047,円
黒字,35～39歳,2023001212,644853,円
黒字,35～39歳,2024000101,100866,円
黒字,35～39歳,2024000202,167056,円
黒字,35～39歳,2024000303,124636,円
黒字,35～39歳,2024000404,136878,円
黒字,35～39歳,2024000505,104623,円
黒字,35～39歳,2024000606,578558,円
黒字,35～39歳,2024000707,328890,円
黒字,35～39歳,2024000808,166343,円
黒字,35～39歳,2024000909,168099,円
黒字,35～39歳,2024001010,204313,円
黒字,35～39歳,2024001111,164369,円
黒字,35～39歳,2024001212,693430,円
黒字,35～39歳,2025000101,153165,円
黒字,35～39歳,2025000202,201190,円
黒字,35～39歳,2025000303,143634,円
黒字,35～39歳,2025000404,185028,円
黒字,35～39歳,2025000505,136229,円
黒字,35～39歳,2025000606,564793,円
黒字,35～39歳,2025000707,253510,円
黒字,35～39歳,2025000808,175059,円
黒字,35～39歳,2025000909,138917,円
黒字,35～39歳,2025001010,131847,円
黒字,35～39歳,2025001111,102615,円
黒字,35～39歳,2025001212,745942,円
黒字,35～39歳,2026000101,127646,円
黒字,35～39歳,2026000202,146500,円
黒字,35～39歳,2026000303,147155,円
黒字,35～39歳,2026000404,177490,円
黒字,35～39歳,2026000505,138739,円
黒字,40～44歳,2000000101,68724,円
黒字,40～44歳,2000000202,92265,円
黒字,40～44歳,2000000303,89046,円
黒字,40～44歳,2000000404,53581,円
黒字,40～44歳,2000000505,29506,円
黒字,40～44歳,2000000606,381160,円
黒字,40～44歳,2000000707,198916,円
黒字,40～44歳,2000000808,104272,円
黒字,40～44歳,2000000909,85783,円
黒字,40～44歳,2000001010,108378,円
黒字,40～44歳,2000001111,105984,円
黒字,40～44歳,2000001212,596435,円
黒字,40～44歳,2001000101,42699,円
黒字,40～44歳,2001000202,73151,円
黒字,40～44歳,2001000303,46915,円
黒字,40～44歳,2001000404,70670,円
黒字,40～44歳,2001000505,44320,円
黒字,40～44歳,2001000606,378935,円
黒字,40～44歳,2001000707,194647,円
黒字,40～44歳,2001000808,83220,円
黒字,40～44歳,2001000909,85496,円
黒字,40～44歳,2001001010,86044,円
黒字,40～44歳,2001001111,91500,円
黒字,40～44歳,2001001212,524712,円
黒字,40～44歳,2002000101,55241,円
黒字,40～44歳,2002000202,107654,円
黒字,40～44歳,2002000303,88009,円
黒字,40～44歳,2002000404,77160,円
黒字,40～44歳,2002000505,28192,円
黒字,40～44歳,2002000606,370697,円
黒字,40～44歳,2002000707,153807,円
黒字,40～44歳,2002000808,77959,円
黒字,40～44歳,2002000909,60843,円
黒字,40～44歳,2002001010,96797,円
黒字,40～44歳,2002001111,68913,円
黒字,40～44歳,2002001212,555916,円
黒字,40～44歳,2003000101,51083,円
黒字,40～44歳,2003000202,80737,円
黒字,40～44歳,2003000303,41621,円
黒字,40～44歳,2003000404,55644,円
黒字,40～44歳,2003000505,48561,円
黒字,40～44歳,2003000606,327306,円
黒字,40～44歳,2003000707,188464,円
黒字,40～44歳,2003000808,98919,円
黒字,40～44歳,2003000909,81922,円
黒字,40～44歳,2003001010,109959,円
黒字,40～44歳,2003001111,95455,円
黒字,40～44歳,2003001212,453082,円
黒字,40～44歳,2004000101,45917,円
黒字,40～44歳,2004000202,88584,円
黒字,40～44歳,2004000303,45478,円
黒字,40～44歳,2004000404,41540,円
黒字,40～44歳,2004000505,61175,円
黒字,40～44歳,2004000606,390805,円
黒字,40～44歳,2004000707,166971,円
黒字,40～44歳,2004000808,101812,円
黒字,40～44歳,2004000909,98635,円
黒字,40～44歳,2004001010,107705,円
黒字,40～44歳,2004001111,90488,円
黒字,40～44歳,2004001212,440888,円
黒字,40～44歳,2005000101,69621,円
黒字,40～44歳,2005000202,107134,円
黒字,40～44歳,2005000303,63690,円
黒字,40～44歳,2005000404,71765,円
黒字,40～44歳,2005000505,56161,円
黒字,40～44歳,2005000606,338748,円
黒字,40～44歳,2005000707,201237,円
黒字,40～44歳,2005000808,84500,円
黒字,40～44歳,2005000909,97070,円
黒字,40～44歳,2005001010,86920,円
黒字,40～44歳,2005001111,83092,円
黒字,40～44歳,2005001212,445415,円
黒字,40～44歳,2006000101,73213,円
黒字,40～44歳,2006000202,103151,円
黒字,40～44歳,2006000303,88004,円
黒字,40～44歳,2006000404,83255,円
黒字,40～44歳,2006000505,44078,円
黒字,40～44歳,2006000606,281250,円
黒字,40～44歳,2006000707,257410,円
黒字,40～44歳,2006000808,108484,円
黒字,40～44歳,2006000909,87177,円
黒字,40～44歳,2006001010,89876,円
黒字,40～44歳,2006001111,83583,円
黒字,40～44歳,2006001212,573286,円
黒字,40～44歳,2007000101,43741,円
黒字,40～44歳,2007000202,86935,円
黒字,40～44歳,2007000303,71732,円
黒字,40～44歳,2007000404,85989,円
黒字,40～44歳,2007000505,54971,円
黒字,40～44歳,2007000606,369149,円
黒字,40～44歳,2007000707,214071,円
黒字,40～44歳,2007000808,74519,円
黒字,40～44歳,2007000909,104504,円
黒字,40～44歳,2007001010,101825,円
黒字,40～44歳,2007001111,93437,円
黒字,40～44歳,2007001212,541889,円
黒字,40～44歳,2008000101,59262,円
黒字,40～44歳,2008000202,115656,円
黒字,40～44歳,2008000303,89109,円
黒字,40～44歳,2008000404,71683,円
黒字,40～44歳,2008000505,49826,円
黒字,40～44歳,2008000606,373816,円
黒字,40～44歳,2008000707,187036,円
黒字,40～44歳,2008000808,100852,円
黒字,40～44歳,2008000909,87921,円
黒字,40～44歳,2008001010,113372,円
黒字,40～44歳,2008001111,74270,円
黒字,40～44歳,2008001212,522340,円
黒字,40～44歳,2009000101,68724,円
黒字,40～44歳,2009000202,89543,円
黒字,40～44歳,2009000303,63961,円
黒字,40～44歳,2009000404,81316,円
黒字,40～44歳,2009000505,32973,円
黒字,40～44歳,2009000606,358051,円
黒字,40～44歳,2009000707,191392,円
黒字,40～44歳,2009000808,73423,円
黒字,40～44歳,2009000909,79730,円
黒字,40～44歳,2009001010,82737,円
黒字,40～44歳,2009001111,98841,円
黒字,40～44歳,2009001212,453356,円
黒字,40～44歳,2010000101,64271,円
黒字,40～44歳,2010000202,108385,円
黒字,40～44歳,2010000303,76365,円
黒字,40～44歳,2010000404,96094,円
黒字,40～44歳,2010000505,51295,円
黒字,40～44歳,2010000606,366327,円
黒字,40～44歳,2010000707,215519,円
黒字,40～44歳,2010000808,80377,円
黒字,40～44歳,2010000909,102404,円
黒字,40～44歳,2010001010,156091,円
黒字,40～44歳,2010001111,87717,円
黒字,40～44歳,2010001212,473773,円
黒字,40～44歳,2011000101,50190,円
黒字,40～44歳,2011000202,145799,円
黒字,40～44歳,2011000303,54766,円
黒字,40～44歳,2011000404,92221,円
黒字,40～44歳,2011000505,49774,円
黒字,40～44歳,2011000606,366569,円
黒字,40～44歳,2011000707,199432,円
黒字,40～44歳,2011000808,81009,円
黒字,40～44歳,2011000909,96053,円
黒字,40～44歳,2011001010,111106,円
黒字,40～44歳,2011001111,74951,円
黒字,40～44歳,2011001212,481989,円
黒字,40～44歳,2012000101,71737,円
黒字,40～44歳,2012000202,127152,円
黒字,40～44歳,2012000303,63706,円
黒字,40～44歳,2012000404,69765,円
黒字,40～44歳,2012000505,28807,円
黒字,40～44歳,2012000606,312098,円
黒字,40～44歳,2012000707,202407,円
黒字,40～44歳,2012000808,76672,円
黒字,40～44歳,2012000909,38289,円
黒字,40～44歳,2012001010,93129,円
黒字,40～44歳,2012001111,69384,円
黒字,40～44歳,2012001212,493694,円
黒字,40～44歳,2013000101,60678,円
黒字,40～44歳,2013000202,119830,円
黒字,40～44歳,2013000303,52830,円
黒字,40～44歳,2013000404,65578,円
黒字,40～44歳,2013000505,52979,円
黒字,40～44歳,2013000606,349789,円
黒字,40～44歳,2013000707,178829,円
黒字,40～44歳,2013000808,64992,円
黒字,40～44歳,2013000909,81978,円
黒字,40～44歳,2013001010,110735,円
黒字,40～44歳,2013001111,103946,円
黒字,40～44歳,2013001212,441033,円
黒字,40～44歳,2014000101,86278,円
黒字,40～44歳,2014000202,136114,円
黒字,40～44歳,2014000303,-11794,円
黒字,40～44歳,2014000404,98382,円
黒字,40～44歳,2014000505,56595,円
黒字,40～44歳,2014000606,320033,円
黒字,40～44歳,2014000707,174854,円
黒字,40～44歳,2014000808,91865,円
黒字,40～44歳,2014000909,86722,円
黒字,40～44歳,2014001010,122844,円
黒字,40～44歳,2014001111,68694,円
黒字,40～44歳,2014001212,511506,円
黒字,40～44歳,2015000101,61552,円
黒字,40～44歳,2015000202,127727,円
黒字,40～44歳,2015000303,34184,円
黒字,40～44歳,2015000404,74490,円
黒字,40～44歳,2015000505,5047,円
黒字,40～44歳,2015000606,331008,円
黒字,40～44歳,2015000707,196651,円
黒字,40～44歳,2015000808,76124,円
黒字,40～44歳,2015000909,104471,円
黒字,40～44歳,2015001010,136595,円
黒字,40～44歳,2015001111,108233,円
黒字,40～44歳,2015001212,504473,円
黒字,40～44歳,2016000101,88997,円
黒字,40～44歳,2016000202,118331,円
黒字,40～44歳,2016000303,41711,円
黒字,40～44歳,2016000404,85177,円
黒字,40～44歳,2016000505,28462,円
黒字,40～44歳,2016000606,371988,円
黒字,40～44歳,2016000707,171520,円
黒字,40～44歳,2016000808,75534,円
黒字,40～44歳,2016000909,85477,円
黒字,40～44歳,2016001010,109562,円
黒字,40～44歳,2016001111,60221,円
黒字,40～44歳,2016001212,498400,円
黒字,40～44歳,2017000101,74757,円
黒字,40～44歳,2017000202,132465,円
黒字,40～44歳,2017000303,71129,円
黒字,40～44歳,2017000404,90178,円
黒字,40～44歳,2017000505,43466,円
黒字,40～44歳,2017000606,403713,円
黒字,40～44歳,2017000707,231034,円
黒字,40～44歳,2017000808,114161,円
黒字,40～44歳,2017000909,105424,円
黒字,40～44歳,2017001010,132621,円
黒字,40～44歳,2017001111,101287,円
黒字,40～44歳,2017001212,533599,円
黒字,40～44歳,2018000101,95680,円
黒字,40～44歳,2018000202,138827,円
黒字,40～44歳,2018000303,86660,円
黒字,40～44歳,2018000404,73001,円
黒字,40～44歳,2018000505,43102,円
黒字,40～44歳,2018000606,376779,円
黒字,40～44歳,2018000707,209150,円
黒字,40～44歳,2018000808,97172,円
黒字,40～44歳,2018000909,85724,円
黒字,40～44歳,2018001010,119775,円
黒字,40～44歳,2018001111,111555,円
黒字,40～44歳,2018001212,526571,円
黒字,40～44歳,2019000101,79892,円
黒字,40～44歳,2019000202,128687,円
黒字,40～44歳,2019000303,92575,円
黒字,40～44歳,2019000404,94246,円
黒字,40～44歳,2019000505,27716,円
黒字,40～44歳,2019000606,379725,円
黒字,40～44歳,2019000707,275472,円
黒字,40～44歳,2019000808,96251,円
黒字,40～44歳,2019000909,108840,円
黒字,40～44歳,2019001010,139553,円
黒字,40～44歳,2019001111,125911,円
黒字,40～44歳,2019001212,630003,円
黒字,40～44歳,2020000101,127144,円
黒字,40～44歳,2020000202,153030,円
黒字,40～44歳,2020000303,118807,円
黒字,40～44歳,2020000404,126709,円
黒字,40～44歳,2020000505,129056,円
黒字,40～44歳,2020000606,596486,円
黒字,40～44歳,2020000707,347037,円
黒字,40～44歳,2020000808,117922,円
黒字,40～44歳,2020000909,127928,円
黒字,40～44歳,2020001010,169481,円
黒字,40～44歳,2020001111,130480,円
黒字,40～44歳,2020001212,568558,円
黒字,40～44歳,2021000101,148046,円
黒字,40～44歳,2021000202,196633,円
黒字,40～44歳,2021000303,100785,円
黒字,40～44歳,2021000404,125809,円
黒字,40～44歳,2021000505,88704,円
黒字,40～44歳,2021000606,480126,円
黒字,40～44歳,2021000707,263150,円
黒字,40～44歳,2021000808,186234,円
黒字,40～44歳,2021000909,130584,円
黒字,40～44歳,2021001010,170328,円
黒字,40～44歳,2021001111,125250,円
黒字,40～44歳,2021001212,658677,円
黒字,40～44歳,2022000101,134095,円
黒字,40～44歳,2022000202,166347,円
黒字,40～44歳,2022000303,102618,円
黒字,40～44歳,2022000404,107150,円
黒字,40～44歳,2022000505,80881,円
黒字,40～44歳,2022000606,441333,円
黒字,40～44歳,2022000707,265939,円
黒字,40～44歳,2022000808,136130,円
黒字,40～44歳,2022000909,154678,円
黒字,40～44歳,2022001010,170856,円
黒字,40～44歳,2022001111,140741,円
黒字,40～44歳,2022001212,683590,円
黒字,40～44歳,2023000101,99022,円
黒字,40～44歳,2023000202,179865,円
黒字,40～44歳,2023000303,122338,円
黒字,40～44歳,2023000404,115075,円
黒字,40～44歳,2023000505,94096,円
黒字,40～44歳,2023000606,489272,円
黒字,40～44歳,2023000707,268126,円
黒字,40～44歳,2023000808,133365,円
黒字,40～44歳,2023000909,147462,円
黒字,40～44歳,2023001010,186128,円
黒字,40～44歳,2023001111,124363,円
黒字,40～44歳,2023001212,630945,円
黒字,40～44歳,2024000101,138507,円
黒字,40～44歳,2024000202,158813,円
黒字,40～44歳,2024000303,119716,円
黒字,40～44歳,2024000404,134235,円
黒字,40～44歳,2024000505,116324,円
黒字,40～44歳,2024000606,592365,円
黒字,40～44歳,2024000707,373240,円
黒字,40～44歳,2024000808,144973,円
黒字,40～44歳,2024000909,123434,円
黒字,40～44歳,2024001010,203027,円
黒字,40～44歳,2024001111,145780,円
黒字,40～44歳,2024001212,789907,円
黒字,40～44歳,2025000101,133801,円
黒字,40～44歳,2025000202,163234,円
黒字,40～44歳,2025000303,114077,円
黒字,40～44歳,2025000404,163638,円
黒字,40～44歳,2025000505,101557,円
黒字,40～44歳,2025000606,555983,円
黒字,40～44歳,2025000707,269998,円
黒字,40～44歳,2025000808,186320,円
黒字,40～44歳,2025000909,134638,円
黒字,40～44歳,2025001010,177709,円
黒字,40～44歳,2025001111,141438,円
黒字,40～44歳,2025001212,755621,円
黒字,40～44歳,2026000101,145772,円
黒字,40～44歳,2026000202,179423,円
黒字,40～44歳,2026000303,169475,円
黒字,40～44歳,2026000404,150895,円
黒字,40～44歳,2026000505,139334,円
黒字,45～49歳,2000000101,49577,円
黒字,45～49歳,2000000202,87612,円
黒字,45～49歳,2000000303,13701,円
黒字,45～49歳,2000000404,-566,円
黒字,45～49歳,2000000505,10843,円
黒字,45～49歳,2000000606,335157,円
黒字,45～49歳,2000000707,239542,円
黒字,45～49歳,2000000808,98918,円
黒字,45～49歳,2000000909,68583,円
黒字,45～49歳,2000001010,67825,円
黒字,45～49歳,2000001111,79068,円
黒字,45～49歳,2000001212,613722,円
黒字,45～49歳,2001000101,37997,円
黒字,45～49歳,2001000202,78243,円
黒字,45～49歳,2001000303,749,円
黒字,45～49歳,2001000404,-3761,円
黒字,45～49歳,2001000505,40927,円
黒字,45～49歳,2001000606,398105,円
黒字,45～49歳,2001000707,177369,円
黒字,45～49歳,2001000808,90050,円
黒字,45～49歳,2001000909,55507,円
黒字,45～49歳,2001001010,81284,円
黒字,45～49歳,2001001111,59019,円
黒字,45～49歳,2001001212,549120,円
黒字,45～49歳,2002000101,40601,円
黒字,45～49歳,2002000202,60205,円
黒字,45～49歳,2002000303,40739,円
黒字,45～49歳,2002000404,-2363,円
黒字,45～49歳,2002000505,22455,円
黒字,45～49歳,2002000606,399346,円
黒字,45～49歳,2002000707,121969,円
黒字,45～49歳,2002000808,88459,円
黒字,45～49歳,2002000909,51207,円
黒字,45～49歳,2002001010,76035,円
黒字,45～49歳,2002001111,75083,円
黒字,45～49歳,2002001212,552359,円
黒字,45～49歳,2003000101,50594,円
黒字,45～49歳,2003000202,62227,円
黒字,45～49歳,2003000303,19570,円
黒字,45～49歳,2003000404,18466,円
黒字,45～49歳,2003000505,30426,円
黒字,45～49歳,2003000606,366080,円
黒字,45～49歳,2003000707,160258,円
黒字,45～49歳,2003000808,42879,円
黒字,45～49歳,2003000909,56720,円
黒字,45～49歳,2003001010,75290,円
黒字,45～49歳,2003001111,76971,円
黒字,45～49歳,2003001212,520603,円
黒字,45～49歳,2004000101,50182,円
黒字,45～49歳,2004000202,81213,円
黒字,45～49歳,2004000303,4956,円
黒字,45～49歳,2004000404,16348,円
黒字,45～49歳,2004000505,26561,円
黒字,45～49歳,2004000606,369740,円
黒字,45～49歳,2004000707,265692,円
黒字,45～49歳,2004000808,53588,円
黒字,45～49歳,2004000909,39562,円
黒字,45～49歳,2004001010,72207,円
黒字,45～49歳,2004001111,100179,円
黒字,45～49歳,2004001212,548925,円
黒字,45～49歳,2005000101,28707,円
黒字,45～49歳,2005000202,78076,円
黒字,45～49歳,2005000303,14741,円
黒字,45～49歳,2005000404,32442,円
黒字,45～49歳,2005000505,36961,円
黒字,45～49歳,2005000606,354463,円
黒字,45～49歳,2005000707,201702,円
黒字,45～49歳,2005000808,66372,円
黒字,45～49歳,2005000909,60683,円
黒字,45～49歳,2005001010,67835,円
黒字,45～49歳,2005001111,79609,円
黒字,45～49歳,2005001212,480859,円
黒字,45～49歳,2006000101,57295,円
黒字,45～49歳,2006000202,67473,円
黒字,45～49歳,2006000303,-11551,円
黒字,45～49歳,2006000404,43,円
黒字,45～49歳,2006000505,6302,円
黒字,45～49歳,2006000606,332410,円
黒字,45～49歳,2006000707,271411,円
黒字,45～49歳,2006000808,82794,円
黒字,45～49歳,2006000909,83768,円
黒字,45～49歳,2006001010,67844,円
黒字,45～49歳,2006001111,100679,円
黒字,45～49歳,2006001212,543927,円
黒字,45～49歳,2007000101,50233,円
黒字,45～49歳,2007000202,119109,円
黒字,45～49歳,2007000303,50003,円
黒字,45～49歳,2007000404,18150,円
黒字,45～49歳,2007000505,42187,円
黒字,45～49歳,2007000606,362725,円
黒字,45～49歳,2007000707,226321,円
黒字,45～49歳,2007000808,68434,円
黒字,45～49歳,2007000909,62542,円
黒字,45～49歳,2007001010,63234,円
黒字,45～49歳,2007001111,83752,円
黒字,45～49歳,2007001212,530767,円
黒字,45～49歳,2008000101,14455,円
黒字,45～49歳,2008000202,108362,円
黒字,45～49歳,2008000303,13949,円
黒字,45～49歳,2008000404,9461,円
黒字,45～49歳,2008000505,24462,円
黒字,45～49歳,2008000606,374746,円
黒字,45～49歳,2008000707,236170,円
黒字,45～49歳,2008000808,93486,円
黒字,45～49歳,2008000909,73806,円
黒字,45～49歳,2008001010,86339,円
黒字,45～49歳,2008001111,98146,円
黒字,45～49歳,2008001212,576089,円
黒字,45～49歳,2009000101,51820,円
黒字,45～49歳,2009000202,71228,円
黒字,45～49歳,2009000303,4415,円
黒字,45～49歳,2009000404,18641,円
黒字,45～49歳,2009000505,28522,円
黒字,45～49歳,2009000606,314688,円
黒字,45～49歳,2009000707,182973,円
黒字,45～49歳,2009000808,68651,円
黒字,45～49歳,2009000909,54465,円
黒字,45～49歳,2009001010,80655,円
黒字,45～49歳,2009001111,78377,円
黒字,45～49歳,2009001212,510050,円
黒字,45～49歳,2010000101,65998,円
黒字,45～49歳,2010000202,112716,円
黒字,45～49歳,2010000303,36413,円
黒字,45～49歳,2010000404,11602,円
黒字,45～49歳,2010000505,66263,円
黒字,45～49歳,2010000606,413825,円
黒字,45～49歳,2010000707,191197,円
黒字,45～49歳,2010000808,80581,円
黒字,45～49歳,2010000909,65266,円
黒字,45～49歳,2010001010,95297,円
黒字,45～49歳,2010001111,82270,円
黒字,45～49歳,2010001212,539640,円
黒字,45～49歳,2011000101,49233,円
黒字,45～49歳,2011000202,114264,円
黒字,45～49歳,2011000303,43541,円
黒字,45～49歳,2011000404,80094,円
黒字,45～49歳,2011000505,30623,円
黒字,45～49歳,2011000606,339289,円
黒字,45～49歳,2011000707,184843,円
黒字,45～49歳,2011000808,73750,円
黒字,45～49歳,2011000909,29293,円
黒字,45～49歳,2011001010,72763,円
黒字,45～49歳,2011001111,96997,円
黒字,45～49歳,2011001212,491136,円
黒字,45～49歳,2012000101,63107,円
黒字,45～49歳,2012000202,100506,円
黒字,45～49歳,2012000303,16924,円
黒字,45～49歳,2012000404,14425,円
黒字,45～49歳,2012000505,30371,円
黒字,45～49歳,2012000606,315442,円
黒字,45～49歳,2012000707,181162,円
黒字,45～49歳,2012000808,75704,円
黒字,45～49歳,2012000909,75783,円
黒字,45～49歳,2012001010,104504,円
黒字,45～49歳,2012001111,67036,円
黒字,45～49歳,2012001212,450452,円
黒字,45～49歳,2013000101,52098,円
黒字,45～49歳,2013000202,98726,円
黒字,45～49歳,2013000303,13217,円
黒字,45～49歳,2013000404,40115,円
黒字,45～49歳,2013000505,19155,円
黒字,45～49歳,2013000606,355097,円
黒字,45～49歳,2013000707,199156,円
黒字,45～49歳,2013000808,65494,円
黒字,45～49歳,2013000909,34841,円
黒字,45～49歳,2013001010,106819,円
黒字,45～49歳,2013001111,100409,円
黒字,45～49歳,2013001212,507435,円
黒字,45～49歳,2014000101,55081,円
黒字,45～49歳,2014000202,63546,円
黒字,45～49歳,2014000303,-22006,円
黒字,45～49歳,2014000404,15009,円
黒字,45～49歳,2014000505,22278,円
黒字,45～49歳,2014000606,304053,円
黒字,45～49歳,2014000707,145483,円
黒字,45～49歳,2014000808,65710,円
黒字,45～49歳,2014000909,57223,円
黒字,45～49歳,2014001010,72698,円
黒字,45～49歳,2014001111,63536,円
黒字,45～49歳,2014001212,530333,円
黒字,45～49歳,2015000101,75388,円
黒字,45～49歳,2015000202,102400,円
黒字,45～49歳,2015000303,42134,円
黒字,45～49歳,2015000404,37375,円
黒字,45～49歳,2015000505,27795,円
黒字,45～49歳,2015000606,330509,円
黒字,45～49歳,2015000707,229453,円
黒字,45～49歳,2015000808,92301,円
黒字,45～49歳,2015000909,43749,円
黒字,45～49歳,2015001010,97433,円
黒字,45～49歳,2015001111,75770,円
黒字,45～49歳,2015001212,469424,円
黒字,45～49歳,2016000101,74546,円
黒字,45～49歳,2016000202,74734,円
黒字,45～49歳,2016000303,20354,円
黒字,45～49歳,2016000404,14315,円
黒字,45～49歳,2016000505,8998,円
黒字,45～49歳,2016000606,341663,円
黒字,45～49歳,2016000707,226619,円
黒字,45～49歳,2016000808,96288,円
黒字,45～49歳,2016000909,63087,円
黒字,45～49歳,2016001010,90161,円
黒字,45～49歳,2016001111,96055,円
黒字,45～49歳,2016001212,475874,円
黒字,45～49歳,2017000101,90866,円
黒字,45～49歳,2017000202,113771,円
黒字,45～49歳,2017000303,51697,円
黒字,45～49歳,2017000404,53725,円
黒字,45～49歳,2017000505,11721,円
黒字,45～49歳,2017000606,383413,円
黒字,45～49歳,2017000707,239550,円
黒字,45～49歳,2017000808,80940,円
黒字,45～49歳,2017000909,77864,円
黒字,45～49歳,2017001010,100543,円
黒字,45～49歳,2017001111,90219,円
黒字,45～49歳,2017001212,562020,円
黒字,45～49歳,2018000101,73363,円
黒字,45～49歳,2018000202,134124,円
黒字,45～49歳,2018000303,48993,円
黒字,45～49歳,2018000404,71575,円
黒字,45～49歳,2018000505,32710,円
黒字,45～49歳,2018000606,448348,円
黒字,45～49歳,2018000707,223000,円
黒字,45～49歳,2018000808,84044,円
黒字,45～49歳,2018000909,58779,円
黒字,45～49歳,2018001010,106627,円
黒字,45～49歳,2018001111,90664,円
黒字,45～49歳,2018001212,557627,円
黒字,45～49歳,2019000101,61461,円
黒字,45～49歳,2019000202,130313,円
黒字,45～49歳,2019000303,38203,円
黒字,45～49歳,2019000404,59178,円
黒字,45～49歳,2019000505,40231,円
黒字,45～49歳,2019000606,484972,円
黒字,45～49歳,2019000707,224976,円
黒字,45～49歳,2019000808,91831,円
黒字,45～49歳,2019000909,23070,円
黒字,45～49歳,2019001010,120466,円
黒字,45～49歳,2019001111,77998,円
黒字,45～49歳,2019001212,575355,円
黒字,45～49歳,2020000101,121751,円
黒字,45～49歳,2020000202,134679,円
黒字,45～49歳,2020000303,101513,円
黒字,45～49歳,2020000404,97207,円
黒字,45～49歳,2020000505,122089,円
黒字,45～49歳,2020000606,644427,円
黒字,45～49歳,2020000707,314420,円
黒字,45～49歳,2020000808,135833,円
黒字,45～49歳,2020000909,82608,円
黒字,45～49歳,2020001010,144034,円
黒字,45～49歳,2020001111,74915,円
黒字,45～49歳,2020001212,577285,円
黒字,45～49歳,2021000101,115084,円
黒字,45～49歳,2021000202,128671,円
黒字,45～49歳,2021000303,36600,円
黒字,45～49歳,2021000404,91688,円
黒字,45～49歳,2021000505,70872,円
黒字,45～49歳,2021000606,471526,円
黒字,45～49歳,2021000707,302929,円
黒字,45～49歳,2021000808,164278,円
黒字,45～49歳,2021000909,102888,円
黒字,45～49歳,2021001010,149049,円
黒字,45～49歳,2021001111,127980,円
黒字,45～49歳,2021001212,686490,円
黒字,45～49歳,2022000101,117298,円
黒字,45～49歳,2022000202,151515,円
黒字,45～49歳,2022000303,66138,円
黒字,45～49歳,2022000404,53114,円
黒字,45～49歳,2022000505,63814,円
黒字,45～49歳,2022000606,495591,円
黒字,45～49歳,2022000707,252821,円
黒字,45～49歳,2022000808,129123,円
黒字,45～49歳,2022000909,122330,円
黒字,45～49歳,2022001010,119949,円
黒字,45～49歳,2022001111,138051,円
黒字,45～49歳,2022001212,720013,円
黒字,45～49歳,2023000101,105684,円
黒字,45～49歳,2023000202,133788,円
黒字,45～49歳,2023000303,82443,円
黒字,45～49歳,2023000404,89730,円
黒字,45～49歳,2023000505,45213,円
黒字,45～49歳,2023000606,497799,円
黒字,45～49歳,2023000707,284535,円
黒字,45～49歳,2023000808,94930,円
黒字,45～49歳,2023000909,100619,円
黒字,45～49歳,2023001010,126693,円
黒字,45～49歳,2023001111,153853,円
黒字,45～49歳,2023001212,648503,円
黒字,45～49歳,2024000101,128154,円
黒字,45～49歳,2024000202,146879,円
黒字,45～49歳,2024000303,79039,円
黒字,45～49歳,2024000404,77861,円
黒字,45～49歳,2024000505,87349,円
黒字,45～49歳,2024000606,588980,円
黒字,45～49歳,2024000707,325697,円
黒字,45～49歳,2024000808,167399,円
黒字,45～49歳,2024000909,102772,円
黒字,45～49歳,2024001010,173533,円
黒字,45～49歳,2024001111,154004,円
黒字,45～49歳,2024001212,698860,円
黒字,45～49歳,2025000101,117668,円
黒字,45～49歳,2025000202,133969,円
黒字,45～49歳,2025000303,57161,円
黒字,45～49歳,2025000404,94674,円
黒字,45～49歳,2025000505,69930,円
黒字,45～49歳,2025000606,458976,円
黒字,45～49歳,2025000707,255609,円
黒字,45～49歳,2025000808,150241,円
黒字,45～49歳,2025000909,104701,円
黒字,45～49歳,2025001010,194034,円
黒字,45～49歳,2025001111,131401,円
黒字,45～49歳,2025001212,762027,円
黒字,45～49歳,2026000101,137965,円
黒字,45～49歳,2026000202,185295,円
黒字,45～49歳,2026000303,96069,円
黒字,45～49歳,2026000404,110675,円
黒字,45～49歳,2026000505,56193,円
黒字,50～54歳,2000000101,82315,円
黒字,50～54歳,2000000202,105341,円
黒字,50～54歳,2000000303,61622,円
黒字,50～54歳,2000000404,-16385,円
黒字,50～54歳,2000000505,41996,円
黒字,50～54歳,2000000606,429176,円
黒字,50～54歳,2000000707,259158,円
黒字,50～54歳,2000000808,73574,円
黒字,50～54歳,2000000909,25522,円
黒字,50～54歳,2000001010,42077,円
黒字,50～54歳,2000001111,75823,円
黒字,50～54歳,2000001212,534516,円
黒字,50～54歳,2001000101,28725,円
黒字,50～54歳,2001000202,64062,円
黒字,50～54歳,2001000303,790,円
黒字,50～54歳,2001000404,10067,円
黒字,50～54歳,2001000505,46804,円
黒字,50～54歳,2001000606,406628,円
黒字,50～54歳,2001000707,249801,円
黒字,50～54歳,2001000808,87740,円
黒字,50～54歳,2001000909,39235,円
黒字,50～54歳,2001001010,47058,円
黒字,50～54歳,2001001111,97344,円
黒字,50～54歳,2001001212,598239,円
黒字,50～54歳,2002000101,40833,円
黒字,50～54歳,2002000202,86714,円
黒字,50～54歳,2002000303,58751,円
黒字,50～54歳,2002000404,-4808,円
黒字,50～54歳,2002000505,46176,円
黒字,50～54歳,2002000606,402086,円
黒字,50～54歳,2002000707,182622,円
黒字,50～54歳,2002000808,72963,円
黒字,50～54歳,2002000909,23390,円
黒字,50～54歳,2002001010,36048,円
黒字,50～54歳,2002001111,79197,円
黒字,50～54歳,2002001212,528892,円
黒字,50～54歳,2003000101,51138,円
黒字,50～54歳,2003000202,83124,円
黒字,50～54歳,2003000303,-19813,円
黒字,50～54歳,2003000404,-21008,円
黒字,50～54歳,2003000505,42838,円
黒字,50～54歳,2003000606,325129,円
黒字,50～54歳,2003000707,158462,円
黒字,50～54歳,2003000808,44724,円
黒字,50～54歳,2003000909,33999,円
黒字,50～54歳,2003001010,34825,円
黒字,50～54歳,2003001111,71444,円
黒字,50～54歳,2003001212,555769,円
黒字,50～54歳,2004000101,65055,円
黒字,50～54歳,2004000202,45314,円
黒字,50～54歳,2004000303,8734,円
黒字,50～54歳,2004000404,-28810,円
黒字,50～54歳,2004000505,31911,円
黒字,50～54歳,2004000606,331426,円
黒字,50～54歳,2004000707,172633,円
黒字,50～54歳,2004000808,57163,円
黒字,50～54歳,2004000909,28990,円
黒字,50～54歳,2004001010,44869,円
黒字,50～54歳,2004001111,89926,円
黒字,50～54歳,2004001212,481771,円
黒字,50～54歳,2005000101,54423,円
黒字,50～54歳,2005000202,101180,円
黒字,50～54歳,2005000303,689,円
黒字,50～54歳,2005000404,24250,円
黒字,50～54歳,2005000505,47266,円
黒字,50～54歳,2005000606,301222,円
黒字,50～54歳,2005000707,213956,円
黒字,50～54歳,2005000808,47901,円
黒字,50～54歳,2005000909,27655,円
黒字,50～54歳,2005001010,50972,円
黒字,50～54歳,2005001111,58878,円
黒字,50～54歳,2005001212,481359,円
黒字,50～54歳,2006000101,73923,円
黒字,50～54歳,2006000202,86536,円
黒字,50～54歳,2006000303,-5975,円
黒字,50～54歳,2006000404,17489,円
黒字,50～54歳,2006000505,61073,円
黒字,50～54歳,2006000606,347831,円
黒字,50～54歳,2006000707,248109,円
黒字,50～54歳,2006000808,116534,円
黒字,50～54歳,2006000909,73946,円
黒字,50～54歳,2006001010,42743,円
黒字,50～54歳,2006001111,87072,円
黒字,50～54歳,2006001212,515232,円
黒字,50～54歳,2007000101,26442,円
黒字,50～54歳,2007000202,90228,円
黒字,50～54歳,2007000303,8888,円
黒字,50～54歳,2007000404,-33443,円
黒字,50～54歳,2007000505,36701,円
黒字,50～54歳,2007000606,418986,円
黒字,50～54歳,2007000707,241257,円
黒字,50～54歳,2007000808,70067,円
黒字,50～54歳,2007000909,43532,円
黒字,50～54歳,2007001010,47444,円
黒字,50～54歳,2007001111,76215,円
黒字,50～54歳,2007001212,571111,円
黒字,50～54歳,2008000101,24679,円
黒字,50～54歳,2008000202,89331,円
黒字,50～54歳,2008000303,35624,円
黒字,50～54歳,2008000404,-42150,円
黒字,50～54歳,2008000505,32265,円
黒字,50～54歳,2008000606,390887,円
黒字,50～54歳,2008000707,181215,円
黒字,50～54歳,2008000808,96435,円
黒字,50～54歳,2008000909,54912,円
黒字,50～54歳,2008001010,46166,円
黒字,50～54歳,2008001111,89375,円
黒字,50～54歳,2008001212,587573,円
黒字,50～54歳,2009000101,59432,円
黒字,50～54歳,2009000202,108708,円
黒字,50～54歳,2009000303,13169,円
黒字,50～54歳,2009000404,-21541,円
黒字,50～54歳,2009000505,33660,円
黒字,50～54歳,2009000606,300063,円
黒字,50～54歳,2009000707,213677,円
黒字,50～54歳,2009000808,79673,円
黒字,50～54歳,2009000909,41823,円
黒字,50～54歳,2009001010,67112,円
黒字,50～54歳,2009001111,70393,円
黒字,50～54歳,2009001212,539179,円
黒字,50～54歳,2010000101,79348,円
黒字,50～54歳,2010000202,118902,円
黒字,50～54歳,2010000303,-38441,円
黒字,50～54歳,2010000404,-31572,円
黒字,50～54歳,2010000505,7362,円
黒字,50～54歳,2010000606,375010,円
黒字,50～54歳,2010000707,194856,円
黒字,50～54歳,2010000808,67655,円
黒字,50～54歳,2010000909,44773,円
黒字,50～54歳,2010001010,49830,円
黒字,50～54歳,2010001111,71898,円
黒字,50～54歳,2010001212,531568,円
黒字,50～54歳,2011000101,59845,円
黒字,50～54歳,2011000202,83377,円
黒字,50～54歳,2011000303,42465,円
黒字,50～54歳,2011000404,-70533,円
黒字,50～54歳,2011000505,-1174,円
黒字,50～54歳,2011000606,295498,円
黒字,50～54歳,2011000707,219707,円
黒字,50～54歳,2011000808,95972,円
黒字,50～54歳,2011000909,57787,円
黒字,50～54歳,2011001010,62972,円
黒字,50～54歳,2011001111,74527,円
黒字,50～54歳,2011001212,540410,円
黒字,50～54歳,2012000101,65465,円
黒字,50～54歳,2012000202,101660,円
黒字,50～54歳,2012000303,12535,円
黒字,50～54歳,2012000404,-13496,円
黒字,50～54歳,2012000505,14144,円
黒字,50～54歳,2012000606,348098,円
黒字,50～54歳,2012000707,232093,円
黒字,50～54歳,2012000808,101141,円
黒字,50～54歳,2012000909,50152,円
黒字,50～54歳,2012001010,64549,円
黒字,50～54歳,2012001111,80873,円
黒字,50～54歳,2012001212,488503,円
黒字,50～54歳,2013000101,47189,円
黒字,50～54歳,2013000202,89743,円
黒字,50～54歳,2013000303,11234,円
黒字,50～54歳,2013000404,19482,円
黒字,50～54歳,2013000505,34336,円
黒字,50～54歳,2013000606,331168,円
黒字,50～54歳,2013000707,209807,円
黒字,50～54歳,2013000808,86226,円
黒字,50～54歳,2013000909,33759,円
黒字,50～54歳,2013001010,26743,円
黒字,50～54歳,2013001111,47116,円
黒字,50～54歳,2013001212,519276,円
黒字,50～54歳,2014000101,18118,円
黒字,50～54歳,2014000202,90887,円
黒字,50～54歳,2014000303,-3728,円
黒字,50～54歳,2014000404,-21404,円
黒字,50～54歳,2014000505,60274,円
黒字,50～54歳,2014000606,381836,円
黒字,50～54歳,2014000707,212614,円
黒字,50～54歳,2014000808,99224,円
黒字,50～54歳,2014000909,69896,円
黒字,50～54歳,2014001010,79817,円
黒字,50～54歳,2014001111,90575,円
黒字,50～54歳,2014001212,542799,円
黒字,50～54歳,2015000101,48368,円
黒字,50～54歳,2015000202,101260,円
黒字,50～54歳,2015000303,3761,円
黒字,50～54歳,2015000404,19286,円
黒字,50～54歳,2015000505,27077,円
黒字,50～54歳,2015000606,385077,円
黒字,50～54歳,2015000707,206665,円
黒字,50～54歳,2015000808,51623,円
黒字,50～54歳,2015000909,36691,円
黒字,50～54歳,2015001010,26129,円
黒字,50～54歳,2015001111,32315,円
黒字,50～54歳,2015001212,466334,円
黒字,50～54歳,2016000101,57190,円
黒字,50～54歳,2016000202,89185,円
黒字,50～54歳,2016000303,36990,円
黒字,50～54歳,2016000404,-21362,円
黒字,50～54歳,2016000505,14638,円
黒字,50～54歳,2016000606,425049,円
黒字,50～54歳,2016000707,236827,円
黒字,50～54歳,2016000808,108342,円
黒字,50～54歳,2016000909,78779,円
黒字,50～54歳,2016001010,73784,円
黒字,50～54歳,2016001111,98737,円
黒字,50～54歳,2016001212,499161,円
黒字,50～54歳,2017000101,62501,円
黒字,50～54歳,2017000202,57213,円
黒字,50～54歳,2017000303,4763,円
黒字,50～54歳,2017000404,-52223,円
黒字,50～54歳,2017000505,957,円
黒字,50～54歳,2017000606,301482,円
黒字,50～54歳,2017000707,218066,円
黒字,50～54歳,2017000808,108128,円
黒字,50～54歳,2017000909,99439,円
黒字,50～54歳,2017001010,59815,円
黒字,50～54歳,2017001111,82846,円
黒字,50～54歳,2017001212,524193,円
黒字,50～54歳,2018000101,69568,円
黒字,50～54歳,2018000202,144638,円
黒字,50～54歳,2018000303,57684,円
黒字,50～54歳,2018000404,15403,円
黒字,50～54歳,2018000505,28296,円
黒字,50～54歳,2018000606,430938,円
黒字,50～54歳,2018000707,218152,円
黒字,50～54歳,2018000808,99308,円
黒字,50～54歳,2018000909,84770,円
黒字,50～54歳,2018001010,72558,円
黒字,50～54歳,2018001111,79867,円
黒字,50～54歳,2018001212,637314,円
黒字,50～54歳,2019000101,74575,円
黒字,50～54歳,2019000202,143764,円
黒字,50～54歳,2019000303,51523,円
黒字,50～54歳,2019000404,50251,円
黒字,50～54歳,2019000505,16250,円
黒字,50～54歳,2019000606,499064,円
黒字,50～54歳,2019000707,232351,円
黒字,50～54歳,2019000808,118678,円
黒字,50～54歳,2019000909,45346,円
黒字,50～54歳,2019001010,113915,円
黒字,50～54歳,2019001111,135328,円
黒字,50～54歳,2019001212,713732,円
黒字,50～54歳,2020000101,73821,円
黒字,50～54歳,2020000202,91657,円
黒字,50～54歳,2020000303,93853,円
黒字,50～54歳,2020000404,67413,円
黒字,50～54歳,2020000505,117862,円
黒字,50～54歳,2020000606,640405,円
黒字,50～54歳,2020000707,331968,円
黒字,50～54歳,2020000808,125113,円
黒字,50～54歳,2020000909,102568,円
黒字,50～54歳,2020001010,132159,円
黒字,50～54歳,2020001111,101137,円
黒字,50～54歳,2020001212,661776,円
黒字,50～54歳,2021000101,87682,円
黒字,50～54歳,2021000202,134638,円
黒字,50～54歳,2021000303,38972,円
黒字,50～54歳,2021000404,63683,円
黒字,50～54歳,2021000505,59619,円
黒字,50～54歳,2021000606,556311,円
黒字,50～54歳,2021000707,305210,円
黒字,50～54歳,2021000808,157815,円
黒字,50～54歳,2021000909,84998,円
黒字,50～54歳,2021001010,96324,円
黒字,50～54歳,2021001111,116482,円
黒字,50～54歳,2021001212,721624,円
黒字,50～54歳,2022000101,89583,円
黒字,50～54歳,2022000202,134044,円
黒字,50～54歳,2022000303,84132,円
黒字,50～54歳,2022000404,27485,円
黒字,50～54歳,2022000505,36002,円
黒字,50～54歳,2022000606,506478,円
黒字,50～54歳,2022000707,293330,円
黒字,50～54歳,2022000808,129923,円
黒字,50～54歳,2022000909,68894,円
黒字,50～54歳,2022001010,79990,円
黒字,50～54歳,2022001111,102685,円
黒字,50～54歳,2022001212,655530,円
黒字,50～54歳,2023000101,84450,円
黒字,50～54歳,2023000202,126735,円
黒字,50～54歳,2023000303,29793,円
黒字,50～54歳,2023000404,43940,円
黒字,50～54歳,2023000505,39904,円
黒字,50～54歳,2023000606,498525,円
黒字,50～54歳,2023000707,246844,円
黒字,50～54歳,2023000808,141253,円
黒字,50～54歳,2023000909,84539,円
黒字,50～54歳,2023001010,99207,円
黒字,50～54歳,2023001111,141289,円
黒字,50～54歳,2023001212,623160,円
黒字,50～54歳,2024000101,118108,円
黒字,50～54歳,2024000202,132441,円
黒字,50～54歳,2024000303,24656,円
黒字,50～54歳,2024000404,52593,円
黒字,50～54歳,2024000505,48879,円
黒字,50～54歳,2024000606,562257,円
黒字,50～54歳,2024000707,288471,円
黒字,50～54歳,2024000808,144162,円
黒字,50～54歳,2024000909,97797,円
黒字,50～54歳,2024001010,67496,円
黒字,50～54歳,2024001111,129987,円
黒字,50～54歳,2024001212,690831,円
黒字,50～54歳,2025000101,94613,円
黒字,50～54歳,2025000202,143294,円
黒字,50～54歳,2025000303,21602,円
黒字,50～54歳,2025000404,23345,円
黒字,50～54歳,2025000505,41376,円
黒字,50～54歳,2025000606,469695,円
黒字,50～54歳,2025000707,319528,円
黒字,50～54歳,2025000808,124360,円
黒字,50～54歳,2025000909,66357,円
黒字,50～54歳,2025001010,146603,円
黒字,50～54歳,2025001111,95664,円
黒字,50～54歳,2025001212,719359,円
黒字,50～54歳,2026000101,121621,円
黒字,50～54歳,2026000202,166245,円
黒字,50～54歳,2026000303,95287,円
黒字,50～54歳,2026000404,65028,円
黒字,50～54歳,2026000505,54265,円
黒字,55～59歳,2000000101,59300,円
黒字,55～59歳,2000000202,83020,円
黒字,55～59歳,2000000303,60580,円
黒字,55～59歳,2000000404,94958,円
黒字,55～59歳,2000000505,7636,円
黒字,55～59歳,2000000606,384868,円
黒字,55～59歳,2000000707,229180,円
黒字,55～59歳,2000000808,72906,円
黒字,55～59歳,2000000909,68147,円
黒字,55～59歳,2000001010,69391,円
黒字,55～59歳,2000001111,77379,円
黒字,55～59歳,2000001212,570238,円
黒字,55～59歳,2001000101,82867,円
黒字,55～59歳,2001000202,59407,円
黒字,55～59歳,2001000303,74549,円
黒字,55～59歳,2001000404,82283,円
黒字,55～59歳,2001000505,4331,円
黒字,55～59歳,2001000606,355825,円
黒字,55～59歳,2001000707,204570,円
黒字,55～59歳,2001000808,89216,円
黒字,55～59歳,2001000909,78213,円
黒字,55～59歳,2001001010,68092,円
黒字,55～59歳,2001001111,88421,円
黒字,55～59歳,2001001212,518330,円
黒字,55～59歳,2002000101,99044,円
黒字,55～59歳,2002000202,95066,円
黒字,55～59歳,2002000303,65330,円
黒字,55～59歳,2002000404,38989,円
黒字,55～59歳,2002000505,31657,円
黒字,55～59歳,2002000606,306879,円
黒字,55～59歳,2002000707,203635,円
黒字,55～59歳,2002000808,74613,円
黒字,55～59歳,2002000909,42653,円
黒字,55～59歳,2002001010,47513,円
黒字,55～59歳,2002001111,82933,円
黒字,55～59歳,2002001212,452485,円
黒字,55～59歳,2003000101,63546,円
黒字,55～59歳,2003000202,63450,円
黒字,55～59歳,2003000303,91737,円
黒字,55～59歳,2003000404,44253,円
黒字,55～59歳,2003000505,44591,円
黒字,55～59歳,2003000606,295280,円
黒字,55～59歳,2003000707,193459,円
黒字,55～59歳,2003000808,69903,円
黒字,55～59歳,2003000909,38839,円
黒字,55～59歳,2003001010,54036,円
黒字,55～59歳,2003001111,72208,円
黒字,55～59歳,2003001212,374244,円
黒字,55～59歳,2004000101,60822,円
黒字,55～59歳,2004000202,99651,円
黒字,55～59歳,2004000303,59264,円
黒字,55～59歳,2004000404,12135,円
黒字,55～59歳,2004000505,30322,円
黒字,55～59歳,2004000606,291561,円
黒字,55～59歳,2004000707,188740,円
黒字,55～59歳,2004000808,75651,円
黒字,55～59歳,2004000909,67208,円
黒字,55～59歳,2004001010,47316,円
黒字,55～59歳,2004001111,54173,円
黒字,55～59歳,2004001212,437610,円
黒字,55～59歳,2005000101,63116,円
黒字,55～59歳,2005000202,82435,円
黒字,55～59歳,2005000303,25578,円
黒字,55～59歳,2005000404,62614,円
黒字,55～59歳,2005000505,11983,円
黒字,55～59歳,2005000606,291864,円
黒字,55～59歳,2005000707,186937,円
黒字,55～59歳,2005000808,46319,円
黒字,55～59歳,2005000909,65741,円
黒字,55～59歳,2005001010,52129,円
黒字,55～59歳,2005001111,65042,円
黒字,55～59歳,2005001212,442464,円
黒字,55～59歳,2006000101,64037,円
黒字,55～59歳,2006000202,94706,円
黒字,55～59歳,2006000303,34070,円
黒字,55～59歳,2006000404,112411,円
黒字,55～59歳,2006000505,24225,円
黒字,55～59歳,2006000606,246755,円
黒字,55～59歳,2006000707,220879,円
黒字,55～59歳,2006000808,74009,円
黒字,55～59歳,2006000909,64384,円
黒字,55～59歳,2006001010,76017,円
黒字,55～59歳,2006001111,62567,円
黒字,55～59歳,2006001212,512746,円
黒字,55～59歳,2007000101,55100,円
黒字,55～59歳,2007000202,114432,円
黒字,55～59歳,2007000303,48771,円
黒字,55～59歳,2007000404,33856,円
黒字,55～59歳,2007000505,-5460,円
黒字,55～59歳,2007000606,341594,円
黒字,55～59歳,2007000707,178935,円
黒字,55～59歳,2007000808,29141,円
黒字,55～59歳,2007000909,55167,円
黒字,55～59歳,2007001010,39355,円
黒字,55～59歳,2007001111,83585,円
黒字,55～59歳,2007001212,433077,円
黒字,55～59歳,2008000101,64797,円
黒字,55～59歳,2008000202,103804,円
黒字,55～59歳,2008000303,52943,円
黒字,55～59歳,2008000404,22371,円
黒字,55～59歳,2008000505,51911,円
黒字,55～59歳,2008000606,283307,円
黒字,55～59歳,2008000707,197151,円
黒字,55～59歳,2008000808,100407,円
黒字,55～59歳,2008000909,55066,円
黒字,55～59歳,2008001010,88131,円
黒字,55～59歳,2008001111,59800,円
黒字,55～59歳,2008001212,515084,円
黒字,55～59歳,2009000101,61593,円
黒字,55～59歳,2009000202,102103,円
黒字,55～59歳,2009000303,26582,円
黒字,55～59歳,2009000404,-24082,円
黒字,55～59歳,2009000505,27440,円
黒字,55～59歳,2009000606,257326,円
黒字,55～59歳,2009000707,189386,円
黒字,55～59歳,2009000808,75975,円
黒字,55～59歳,2009000909,73550,円
黒字,55～59歳,2009001010,79268,円
黒字,55～59歳,2009001111,63606,円
黒字,55～59歳,2009001212,428824,円
黒字,55～59歳,2010000101,507,円
黒字,55～59歳,2010000202,85115,円
黒字,55～59歳,2010000303,-15003,円
黒字,55～59歳,2010000404,38732,円
黒字,55～59歳,2010000505,15819,円
黒字,55～59歳,2010000606,291150,円
黒字,55～59歳,2010000707,140438,円
黒字,55～59歳,2010000808,71310,円
黒字,55～59歳,2010000909,49821,円
黒字,55～59歳,2010001010,45654,円
黒字,55～59歳,2010001111,46200,円
黒字,55～59歳,2010001212,424088,円
黒字,55～59歳,2011000101,5152,円
黒字,55～59歳,2011000202,94794,円
黒字,55～59歳,2011000303,59341,円
黒字,55～59歳,2011000404,19901,円
黒字,55～59歳,2011000505,15381,円
黒字,55～59歳,2011000606,298510,円
黒字,55～59歳,2011000707,200185,円
黒字,55～59歳,2011000808,69129,円
黒字,55～59歳,2011000909,71117,円
黒字,55～59歳,2011001010,88893,円
黒字,55～59歳,2011001111,86862,円
黒字,55～59歳,2011001212,487015,円
黒字,55～59歳,2012000101,74064,円
黒字,55～59歳,2012000202,114296,円
黒字,55～59歳,2012000303,55245,円
黒字,55～59歳,2012000404,32499,円
黒字,55～59歳,2012000505,-4653,円
黒字,55～59歳,2012000606,353497,円
黒字,55～59歳,2012000707,136213,円
黒字,55～59歳,2012000808,45212,円
黒字,55～59歳,2012000909,64391,円
黒字,55～59歳,2012001010,20734,円
黒字,55～59歳,2012001111,88243,円
黒字,55～59歳,2012001212,446774,円
黒字,55～59歳,2013000101,54997,円
黒字,55～59歳,2013000202,88370,円
黒字,55～59歳,2013000303,14833,円
黒字,55～59歳,2013000404,38003,円
黒字,55～59歳,2013000505,23203,円
黒字,55～59歳,2013000606,319528,円
黒字,55～59歳,2013000707,171558,円
黒字,55～59歳,2013000808,47830,円
黒字,55～59歳,2013000909,40831,円
黒字,55～59歳,2013001010,64861,円
黒字,55～59歳,2013001111,32239,円
黒字,55～59歳,2013001212,418180,円
黒字,55～59歳,2014000101,53849,円
黒字,55～59歳,2014000202,120736,円
黒字,55～59歳,2014000303,-64579,円
黒字,55～59歳,2014000404,-15923,円
黒字,55～59歳,2014000505,26126,円
黒字,55～59歳,2014000606,290488,円
黒字,55～59歳,2014000707,138163,円
黒字,55～59歳,2014000808,45007,円
黒字,55～59歳,2014000909,26898,円
黒字,55～59歳,2014001010,52897,円
黒字,55～59歳,2014001111,73532,円
黒字,55～59歳,2014001212,420132,円
黒字,55～59歳,2015000101,67626,円
黒字,55～59歳,2015000202,119929,円
黒字,55～59歳,2015000303,14730,円
黒字,55～59歳,2015000404,22700,円
黒字,55～59歳,2015000505,35028,円
黒字,55～59歳,2015000606,331711,円
黒字,55～59歳,2015000707,188232,円
黒字,55～59歳,2015000808,69777,円
黒字,55～59歳,2015000909,26680,円
黒字,55～59歳,2015001010,59122,円
黒字,55～59歳,2015001111,63572,円
黒字,55～59歳,2015001212,526045,円
黒字,55～59歳,2016000101,34213,円
黒字,55～59歳,2016000202,69789,円
黒字,55～59歳,2016000303,53106,円
黒字,55～59歳,2016000404,2118,円
黒字,55～59歳,2016000505,5344,円
黒字,55～59歳,2016000606,341263,円
黒字,55～59歳,2016000707,206117,円
黒字,55～59歳,2016000808,73227,円
黒字,55～59歳,2016000909,64235,円
黒字,55～59歳,2016001010,98076,円
黒字,55～59歳,2016001111,73832,円
黒字,55～59歳,2016001212,570146,円
黒字,55～59歳,2017000101,50824,円
黒字,55～59歳,2017000202,95652,円
黒字,55～59歳,2017000303,24324,円
黒字,55～59歳,2017000404,13130,円
黒字,55～59歳,2017000505,-35856,円
黒字,55～59歳,2017000606,300220,円
黒字,55～59歳,2017000707,227845,円
黒字,55～59歳,2017000808,74763,円
黒字,55～59歳,2017000909,81256,円
黒字,55～59歳,2017001010,63231,円
黒字,55～59歳,2017001111,60389,円
黒字,55～59歳,2017001212,463229,円
黒字,55～59歳,2018000101,33888,円
黒字,55～59歳,2018000202,82778,円
黒字,55～59歳,2018000303,43342,円
黒字,55～59歳,2018000404,40463,円
黒字,55～59歳,2018000505,31135,円
黒字,55～59歳,2018000606,432235,円
黒字,55～59歳,2018000707,248341,円
黒字,55～59歳,2018000808,95457,円
黒字,55～59歳,2018000909,85045,円
黒字,55～59歳,2018001010,82314,円
黒字,55～59歳,2018001111,105604,円
黒字,55～59歳,2018001212,633432,円
黒字,55～59歳,2019000101,69931,円
黒字,55～59歳,2019000202,110158,円
黒字,55～59歳,2019000303,58490,円
黒字,55～59歳,2019000404,76955,円
黒字,55～59歳,2019000505,18087,円
黒字,55～59歳,2019000606,511026,円
黒字,55～59歳,2019000707,249837,円
黒字,55～59歳,2019000808,112775,円
黒字,55～59歳,2019000909,47650,円
黒字,55～59歳,2019001010,88191,円
黒字,55～59歳,2019001111,134356,円
黒字,55～59歳,2019001212,595386,円
黒字,55～59歳,2020000101,123973,円
黒字,55～59歳,2020000202,164295,円
黒字,55～59歳,2020000303,83781,円
黒字,55～59歳,2020000404,97082,円
黒字,55～59歳,2020000505,143007,円
黒字,55～59歳,2020000606,598653,円
黒字,55～59歳,2020000707,360754,円
黒字,55～59歳,2020000808,122738,円
黒字,55～59歳,2020000909,121041,円
黒字,55～59歳,2020001010,74925,円
黒字,55～59歳,2020001111,123443,円
黒字,55～59歳,2020001212,644724,円
黒字,55～59歳,2021000101,109890,円
黒字,55～59歳,2021000202,144836,円
黒字,55～59歳,2021000303,50219,円
黒字,55～59歳,2021000404,56600,円
黒字,55～59歳,2021000505,84312,円
黒字,55～59歳,2021000606,541913,円
黒字,55～59歳,2021000707,292033,円
黒字,55～59歳,2021000808,151202,円
黒字,55～59歳,2021000909,131005,円
黒字,55～59歳,2021001010,65930,円
黒字,55～59歳,2021001111,138809,円
黒字,55～59歳,2021001212,598809,円
黒字,55～59歳,2022000101,123290,円
黒字,55～59歳,2022000202,169510,円
黒字,55～59歳,2022000303,95228,円
黒字,55～59歳,2022000404,59484,円
黒字,55～59歳,2022000505,41289,円
黒字,55～59歳,2022000606,502001,円
黒字,55～59歳,2022000707,211799,円
黒字,55～59歳,2022000808,103005,円
黒字,55～59歳,2022000909,107510,円
黒字,55～59歳,2022001010,115675,円
黒字,55～59歳,2022001111,138709,円
黒字,55～59歳,2022001212,638633,円
黒字,55～59歳,2023000101,80370,円
黒字,55～59歳,2023000202,166857,円
黒字,55～59歳,2023000303,109425,円
黒字,55～59歳,2023000404,116455,円
黒字,55～59歳,2023000505,62981,円
黒字,55～59歳,2023000606,517026,円
黒字,55～59歳,2023000707,287732,円
黒字,55～59歳,2023000808,154103,円
黒字,55～59歳,2023000909,83967,円
黒字,55～59歳,2023001010,82955,円
黒字,55～59歳,2023001111,141759,円
黒字,55～59歳,2023001212,720569,円
黒字,55～59歳,2024000101,147881,円
黒字,55～59歳,2024000202,150694,円
黒字,55～59歳,2024000303,128015,円
黒字,55～59歳,2024000404,77165,円
黒字,55～59歳,2024000505,71236,円
黒字,55～59歳,2024000606,594116,円
黒字,55～59歳,2024000707,332563,円
黒字,55～59歳,2024000808,154350,円
黒字,55～59歳,2024000909,107438,円
黒字,55～59歳,2024001010,169574,円
黒字,55～59歳,2024001111,119257,円
黒字,55～59歳,2024001212,655649,円
黒字,55～59歳,2025000101,114846,円
黒字,55～59歳,2025000202,131752,円
黒字,55～59歳,2025000303,64912,円
黒字,55～59歳,2025000404,53744,円
黒字,55～59歳,2025000505,54207,円
黒字,55～59歳,2025000606,498445,円
黒字,55～59歳,2025000707,337356,円
黒字,55～59歳,2025000808,136553,円
黒字,55～59歳,2025000909,90004,円
黒字,55～59歳,2025001010,90925,円
黒字,55～59歳,2025001111,115517,円
黒字,55～59歳,2025001212,738693,円
黒字,55～59歳,2026000101,121143,円
黒字,55～59歳,2026000202,171531,円
黒字,55～59歳,2026000303,80598,円
黒字,55～59歳,2026000404,124356,円
黒字,55～59歳,2026000505,65112,円
黒字,60～64歳,2000000101,-17469,円
黒字,60～64歳,2000000202,132388,円
黒字,60～64歳,2000000303,-71129,円
黒字,60～64歳,2000000404,118022,円
黒字,60～64歳,2000000505,-103029,円
黒字,60～64歳,2000000606,185642,円
黒字,60～64歳,2000000707,-29977,円
黒字,60～64歳,2000000808,107797,円
黒字,60～64歳,2000000909,-7566,円
黒字,60～64歳,2000001010,100616,円
黒字,60～64歳,2000001111,13406,円
黒字,60～64歳,2000001212,269779,円
黒字,60～64歳,2001000101,-1337,円
黒字,60～64歳,2001000202,113691,円
黒字,60～64歳,2001000303,-44157,円
黒字,60～64歳,2001000404,146928,円
黒字,60～64歳,2001000505,-66110,円
黒字,60～64歳,2001000606,206385,円
黒字,60～64歳,2001000707,12208,円
黒字,60～64歳,2001000808,106459,円
黒字,60～64歳,2001000909,-23036,円
黒字,60～64歳,2001001010,117169,円
黒字,60～64歳,2001001111,-57772,円
黒字,60～64歳,2001001212,277795,円
黒字,60～64歳,2002000101,10346,円
黒字,60～64歳,2002000202,128681,円
黒字,60～64歳,2002000303,-27501,円
黒字,60～64歳,2002000404,82182,円
黒字,60～64歳,2002000505,-47900,円
黒字,60～64歳,2002000606,196817,円
黒字,60～64歳,2002000707,-39160,円
黒字,60～64歳,2002000808,45924,円
黒字,60～64歳,2002000909,1191,円
黒字,60～64歳,2002001010,12222,円
黒字,60～64歳,2002001111,-38275,円
黒字,60～64歳,2002001212,229098,円
黒字,60～64歳,2003000101,-25110,円
黒字,60～64歳,2003000202,96269,円
黒字,60～64歳,2003000303,-51475,円
黒字,60～64歳,2003000404,95208,円
黒字,60～64歳,2003000505,-56265,円
黒字,60～64歳,2003000606,165779,円
黒字,60～64歳,2003000707,33568,円
黒字,60～64歳,2003000808,96556,円
黒字,60～64歳,2003000909,-40307,円
黒字,60～64歳,2003001010,86890,円
黒字,60～64歳,2003001111,-39505,円
黒字,60～64歳,2003001212,220203,円
黒字,60～64歳,2004000101,-43819,円
黒字,60～64歳,2004000202,125140,円
黒字,60～64歳,2004000303,-36057,円
黒字,60～64歳,2004000404,-1793,円
黒字,60～64歳,2004000505,-71950,円
黒字,60～64歳,2004000606,106912,円
黒字,60～64歳,2004000707,11604,円
黒字,60～64歳,2004000808,76270,円
黒字,60～64歳,2004000909,-23623,円
黒字,60～64歳,2004001010,89666,円
黒字,60～64歳,2004001111,-16889,円
黒字,60～64歳,2004001212,153578,円
黒字,60～64歳,2005000101,-17377,円
黒字,60～64歳,2005000202,119186,円
黒字,60～64歳,2005000303,-63527,円
黒字,60～64歳,2005000404,137275,円
黒字,60～64歳,2005000505,-86928,円
黒字,60～64歳,2005000606,135418,円
黒字,60～64歳,2005000707,-34190,円
黒字,60～64歳,2005000808,59191,円
黒字,60～64歳,2005000909,-34903,円
黒字,60～64歳,2005001010,50766,円
黒字,60～64歳,2005001111,-27200,円
黒字,60～64歳,2005001212,170863,円
黒字,60～64歳,2006000101,-96706,円
黒字,60～64歳,2006000202,96796,円
黒字,60～64歳,2006000303,-45648,円
黒字,60～64歳,2006000404,18250,円
黒字,60～64歳,2006000505,-103714,円
黒字,60～64歳,2006000606,119673,円
黒字,60～64歳,2006000707,-18970,円
黒字,60～64歳,2006000808,62989,円
黒字,60～64歳,2006000909,-21329,円
黒字,60～64歳,2006001010,83791,円
黒字,60～64歳,2006001111,3795,円
黒字,60～64歳,2006001212,170977,円
黒字,60～64歳,2007000101,-6186,円
黒字,60～64歳,2007000202,104900,円
黒字,60～64歳,2007000303,-49418,円
黒字,60～64歳,2007000404,113948,円
黒字,60～64歳,2007000505,-49839,円
黒字,60～64歳,2007000606,134241,円
黒字,60～64歳,2007000707,-8671,円
黒字,60～64歳,2007000808,83898,円
黒字,60～64歳,2007000909,-33914,円
黒字,60～64歳,2007001010,81175,円
黒字,60～64歳,2007001111,-28115,円
黒字,60～64歳,2007001212,165091,円
黒字,60～64歳,2008000101,-33448,円
黒字,60～64歳,2008000202,60709,円
黒字,60～64歳,2008000303,-35143,円
黒字,60～64歳,2008000404,-9843,円
黒字,60～64歳,2008000505,-69276,円
黒字,60～64歳,2008000606,78853,円
黒字,60～64歳,2008000707,-6235,円
黒字,60～64歳,2008000808,67907,円
黒字,60～64歳,2008000909,-25310,円
黒字,60～64歳,2008001010,84984,円
黒字,60～64歳,2008001111,-39967,円
黒字,60～64歳,2008001212,210373,円
黒字,60～64歳,2009000101,-51910,円
黒字,60～64歳,2009000202,83220,円
黒字,60～64歳,2009000303,-19824,円
黒字,60～64歳,2009000404,68935,円
黒字,60～64歳,2009000505,-28727,円
黒字,60～64歳,2009000606,105106,円
黒字,60～64歳,2009000707,-13772,円
黒字,60～64歳,2009000808,81453,円
黒字,60～64歳,2009000909,-36703,円
黒字,60～64歳,2009001010,63167,円
黒字,60～64歳,2009001111,-78232,円
黒字,60～64歳,2009001212,179201,円
黒字,60～64歳,2010000101,-48839,円
黒字,60～64歳,2010000202,85512,円
黒字,60～64歳,2010000303,-80168,円
黒字,60～64歳,2010000404,24712,円
黒字,60～64歳,2010000505,-76529,円
黒字,60～64歳,2010000606,106351,円
黒字,60～64歳,2010000707,-10228,円
黒字,60～64歳,2010000808,6690,円
黒字,60～64歳,2010000909,-65515,円
黒字,60～64歳,2010001010,67555,円
黒字,60～64歳,2010001111,-92614,円
黒字,60～64歳,2010001212,140394,円
黒字,60～64歳,2011000101,-39456,円
黒字,60～64歳,2011000202,69818,円
黒字,60～64歳,2011000303,-29233,円
黒字,60～64歳,2011000404,47943,円
黒字,60～64歳,2011000505,-66935,円
黒字,60～64歳,2011000606,128674,円
黒字,60～64歳,2011000707,32596,円
黒字,60～64歳,2011000808,37527,円
黒字,60～64歳,2011000909,-21023,円
黒字,60～64歳,2011001010,56064,円
黒字,60～64歳,2011001111,-24974,円
黒字,60～64歳,2011001212,122558,円
黒字,60～64歳,2012000101,-35017,円
黒字,60～64歳,2012000202,63753,円
黒字,60～64歳,2012000303,-24155,円
黒字,60～64歳,2012000404,30538,円
黒字,60～64歳,2012000505,-96028,円
黒字,60～64歳,2012000606,165985,円
黒字,60～64歳,2012000707,-30637,円
黒字,60～64歳,2012000808,92861,円
黒字,60～64歳,2012000909,-25803,円
黒字,60～64歳,2012001010,69339,円
黒字,60～64歳,2012001111,-27967,円
黒字,60～64歳,2012001212,185161,円
黒字,60～64歳,2013000101,-50635,円
黒字,60～64歳,2013000202,34431,円
黒字,60～64歳,2013000303,-88094,円
黒字,60～64歳,2013000404,603,円
黒字,60～64歳,2013000505,-95167,円
黒字,60～64歳,2013000606,159406,円
黒字,60～64歳,2013000707,33582,円
黒字,60～64歳,2013000808,71934,円
黒字,60～64歳,2013000909,-64657,円
黒字,60～64歳,2013001010,45700,円
黒字,60～64歳,2013001111,-10056,円
黒字,60～64歳,2013001212,219296,円
黒字,60～64歳,2014000101,-74919,円
黒字,60～64歳,2014000202,41380,円
黒字,60～64歳,2014000303,-93635,円
黒字,60～64歳,2014000404,33126,円
黒字,60～64歳,2014000505,-47651,円
黒字,60～64歳,2014000606,98040,円
黒字,60～64歳,2014000707,-834,円
黒字,60～64歳,2014000808,14024,円
黒字,60～64歳,2014000909,-66599,円
黒字,60～64歳,2014001010,36872,円
黒字,60～64歳,2014001111,-48898,円
黒字,60～64歳,2014001212,110924,円
黒字,60～64歳,2015000101,-68471,円
黒字,60～64歳,2015000202,50932,円
黒字,60～64歳,2015000303,-33979,円
黒字,60～64歳,2015000404,-13956,円
黒字,60～64歳,2015000505,-83070,円
黒字,60～64歳,2015000606,92523,円
黒字,60～64歳,2015000707,3588,円
黒字,60～64歳,2015000808,57302,円
黒字,60～64歳,2015000909,-30440,円
黒字,60～64歳,2015001010,38055,円
黒字,60～64歳,2015001111,-18226,円
黒字,60～64歳,2015001212,160426,円
黒字,60～64歳,2016000101,-34262,円
黒字,60～64歳,2016000202,66446,円
黒字,60～64歳,2016000303,-63670,円
黒字,60～64歳,2016000404,48075,円
黒字,60～64歳,2016000505,-60407,円
黒字,60～64歳,2016000606,112550,円
黒字,60～64歳,2016000707,19846,円
黒字,60～64歳,2016000808,29547,円
黒字,60～64歳,2016000909,-37953,円
黒字,60～64歳,2016001010,14622,円
黒字,60～64歳,2016001111,-23084,円
黒字,60～64歳,2016001212,155742,円
黒字,60～64歳,2017000101,-1954,円
黒字,60～64歳,2017000202,14141,円
黒字,60～64歳,2017000303,-16683,円
黒字,60～64歳,2017000404,15712,円
黒字,60～64歳,2017000505,-114381,円
黒字,60～64歳,2017000606,114234,円
黒字,60～64歳,2017000707,-19261,円
黒字,60～64歳,2017000808,62223,円
黒字,60～64歳,2017000909,-44227,円
黒字,60～64歳,2017001010,13309,円
黒字,60～64歳,2017001111,-14784,円
黒字,60～64歳,2017001212,160438,円
黒字,60～64歳,2018000101,-27916,円
黒字,60～64歳,2018000202,49083,円
黒字,60～64歳,2018000303,-17946,円
黒字,60～64歳,2018000404,14403,円
黒字,60～64歳,2018000505,-76978,円
黒字,60～64歳,2018000606,167817,円
黒字,60～64歳,2018000707,75106,円
黒字,60～64歳,2018000808,63675,円
黒字,60～64歳,2018000909,-18869,円
黒字,60～64歳,2018001010,37151,円
黒字,60～64歳,2018001111,-1690,円
黒字,60～64歳,2018001212,236840,円
黒字,60～64歳,2019000101,5662,円
黒字,60～64歳,2019000202,68683,円
黒字,60～64歳,2019000303,-8655,円
黒字,60～64歳,2019000404,48589,円
黒字,60～64歳,2019000505,-68254,円
黒字,60～64歳,2019000606,157944,円
黒字,60～64歳,2019000707,76766,円
黒字,60～64歳,2019000808,84520,円
黒字,60～64歳,2019000909,-12463,円
黒字,60～64歳,2019001010,105050,円
黒字,60～64歳,2019001111,6778,円
黒字,60～64歳,2019001212,354390,円
黒字,60～64歳,2020000101,-7529,円
黒字,60～64歳,2020000202,103942,円
黒字,60～64歳,2020000303,7574,円
黒字,60～64歳,2020000404,79161,円
黒字,60～64歳,2020000505,24373,円
黒字,60～64歳,2020000606,334587,円
黒字,60～64歳,2020000707,165067,円
黒字,60～64歳,2020000808,93575,円
黒字,60～64歳,2020000909,18499,円
黒字,60～64歳,2020001010,79523,円
黒字,60～64歳,2020001111,19494,円
黒字,60～64歳,2020001212,332095,円
黒字,60～64歳,2021000101,17600,円
黒字,60～64歳,2021000202,110389,円
黒字,60～64歳,2021000303,12882,円
黒字,60～64歳,2021000404,57066,円
黒字,60～64歳,2021000505,-9484,円
黒字,60～64歳,2021000606,255362,円
黒字,60～64歳,2021000707,140448,円
黒字,60～64歳,2021000808,94985,円
黒字,60～64歳,2021000909,60369,円
黒字,60～64歳,2021001010,97554,円
黒字,60～64歳,2021001111,18769,円
黒字,60～64歳,2021001212,330500,円
黒字,60～64歳,2022000101,-5771,円
黒字,60～64歳,2022000202,122348,円
黒字,60～64歳,2022000303,25907,円
黒字,60～64歳,2022000404,57245,円
黒字,60～64歳,2022000505,4472,円
黒字,60～64歳,2022000606,226890,円
黒字,60～64歳,2022000707,121828,円
黒字,60～64歳,2022000808,96022,円
黒字,60～64歳,2022000909,36032,円
黒字,60～64歳,2022001010,95202,円
黒字,60～64歳,2022001111,78328,円
黒字,60～64歳,2022001212,335525,円
黒字,60～64歳,2023000101,39216,円
黒字,60～64歳,2023000202,89303,円
黒字,60～64歳,2023000303,27658,円
黒字,60～64歳,2023000404,88030,円
黒字,60～64歳,2023000505,-28358,円
黒字,60～64歳,2023000606,215464,円
黒字,60～64歳,2023000707,119792,円
黒字,60～64歳,2023000808,109805,円
黒字,60～64歳,2023000909,39438,円
黒字,60～64歳,2023001010,49781,円
黒字,60～64歳,2023001111,15842,円
黒字,60～64歳,2023001212,288203,円
黒字,60～64歳,2024000101,39943,円
黒字,60～64歳,2024000202,105863,円
黒字,60～64歳,2024000303,19846,円
黒字,60～64歳,2024000404,45546,円
黒字,60～64歳,2024000505,8883,円
黒字,60～64歳,2024000606,260038,円
黒字,60～64歳,2024000707,156071,円
黒字,60～64歳,2024000808,77976,円
黒字,60～64歳,2024000909,57133,円
黒字,60～64歳,2024001010,48057,円
黒字,60～64歳,2024001111,18744,円
黒字,60～64歳,2024001212,340568,円
黒字,60～64歳,2025000101,-14115,円
黒字,60～64歳,2025000202,71137,円
黒字,60～64歳,2025000303,-6815,円
黒字,60～64歳,2025000404,67905,円
黒字,60～64歳,2025000505,-14969,円
黒字,60～64歳,2025000606,316825,円
黒字,60～64歳,2025000707,139991,円
黒字,60～64歳,2025000808,70365,円
黒字,60～64歳,2025000909,11094,円
黒字,60～64歳,2025001010,89251,円
黒字,60～64歳,2025001111,20019,円
黒字,60～64歳,2025001212,400557,円
黒字,60～64歳,2026000101,21431,円
黒字,60～64歳,2026000202,93376,円
黒字,60～64歳,2026000303,49546,円
黒字,60～64歳,2026000404,65708,円
黒字,60～64歳,2026000505,2651,円
黒字,65～69歳,2000000101,-129689,円
黒字,65～69歳,2000000202,227165,円
黒字,65～69歳,2000000303,-94317,円
黒字,65～69歳,2000000404,171485,円
黒字,65～69歳,2000000505,-84005,円
黒字,65～69歳,2000000606,199432,円
黒字,65～69歳,2000000707,412,円
黒字,65～69歳,2000000808,266843,円
黒字,65～69歳,2000000909,-30701,円
黒字,65～69歳,2000001010,269204,円
黒字,65～69歳,2000001111,-42068,円
黒字,65～69歳,2000001212,299412,円
黒字,65～69歳,2001000101,-66024,円
黒字,65～69歳,2001000202,277339,円
黒字,65～69歳,2001000303,-112101,円
黒字,65～69歳,2001000404,184131,円
黒字,65～69歳,2001000505,-129879,円
黒字,65～69歳,2001000606,294868,円
黒字,65～69歳,2001000707,-64288,円
黒字,65～69歳,2001000808,216222,円
黒字,65～69歳,2001000909,-52103,円
黒字,65～69歳,2001001010,275916,円
黒字,65～69歳,2001001111,-22868,円
黒字,65～69歳,2001001212,261216,円
黒字,65～69歳,2002000101,-7912,円
黒字,65～69歳,2002000202,233594,円
黒字,65～69歳,2002000303,-10098,円
黒字,65～69歳,2002000404,89871,円
黒字,65～69歳,2002000505,-63510,円
黒字,65～69歳,2002000606,228974,円
黒字,65～69歳,2002000707,-58096,円
黒字,65～69歳,2002000808,150871,円
黒字,65～69歳,2002000909,-86228,円
黒字,65～69歳,2002001010,129051,円
黒字,65～69歳,2002001111,-94951,円
黒字,65～69歳,2002001212,140900,円
黒字,65～69歳,2003000101,-140052,円
黒字,65～69歳,2003000202,156585,円
黒字,65～69歳,2003000303,-74229,円
黒字,65～69歳,2003000404,103310,円
黒字,65～69歳,2003000505,-94717,円
黒字,65～69歳,2003000606,167739,円
黒字,65～69歳,2003000707,-55086,円
黒字,65～69歳,2003000808,152710,円
黒字,65～69歳,2003000909,-66118,円
黒字,65～69歳,2003001010,144966,円
黒字,65～69歳,2003001111,-100695,円
黒字,65～69歳,2003001212,194727,円
黒字,65～69歳,2004000101,-70888,円
黒字,65～69歳,2004000202,173652,円
黒字,65～69歳,2004000303,-92919,円
黒字,65～69歳,2004000404,133292,円
黒字,65～69歳,2004000505,-102816,円
黒字,65～69歳,2004000606,146786,円
黒字,65～69歳,2004000707,-105764,円
黒字,65～69歳,2004000808,109794,円
黒字,65～69歳,2004000909,-66229,円
黒字,65～69歳,2004001010,144910,円
黒字,65～69歳,2004001111,-60745,円
黒字,65～69歳,2004001212,209146,円
黒字,65～69歳,2005000101,-29912,円
黒字,65～69歳,2005000202,193482,円
黒字,65～69歳,2005000303,-39994,円
黒字,65～69歳,2005000404,101461,円
黒字,65～69歳,2005000505,-149409,円
黒字,65～69歳,2005000606,172000,円
黒字,65～69歳,2005000707,-18173,円
黒字,65～69歳,2005000808,186657,円
黒字,65～69歳,2005000909,-85139,円
黒字,65～69歳,2005001010,148163,円
黒字,65～69歳,2005001111,-83124,円
黒字,65～69歳,2005001212,156421,円
黒字,65～69歳,2006000101,-80757,円
黒字,65～69歳,2006000202,176983,円
黒字,65～69歳,2006000303,-96495,円
黒字,65～69歳,2006000404,119288,円
黒字,65～69歳,2006000505,-149659,円
黒字,65～69歳,2006000606,179279,円
黒字,65～69歳,2006000707,-64849,円
黒字,65～69歳,2006000808,134072,円
黒字,65～69歳,2006000909,-60330,円
黒字,65～69歳,2006001010,67450,円
黒字,65～69歳,2006001111,-46880,円
黒字,65～69歳,2006001212,238837,円
黒字,65～69歳,2007000101,-40272,円
黒字,65～69歳,2007000202,196587,円
黒字,65～69歳,2007000303,-113264,円
黒字,65～69歳,2007000404,99067,円
黒字,65～69歳,2007000505,-102653,円
黒字,65～69歳,2007000606,143816,円
黒字,65～69歳,2007000707,-46500,円
黒字,65～69歳,2007000808,143114,円
黒字,65～69歳,2007000909,-82490,円
黒字,65～69歳,2007001010,101493,円
黒字,65～69歳,2007001111,-68024,円
黒字,65～69歳,2007001212,79088,円
黒字,65～69歳,2008000101,-84810,円
黒字,65～69歳,2008000202,165802,円
黒字,65～69歳,2008000303,-112497,円
黒字,65～69歳,2008000404,154413,円
黒字,65～69歳,2008000505,-100624,円
黒字,65～69歳,2008000606,145898,円
黒字,65～69歳,2008000707,-55139,円
黒字,65～69歳,2008000808,99274,円
黒字,65～69歳,2008000909,-83678,円
黒字,65～69歳,2008001010,187319,円
黒字,65～69歳,2008001111,-97689,円
黒字,65～69歳,2008001212,228839,円
黒字,65～69歳,2009000101,-73237,円
黒字,65～69歳,2009000202,158610,円
黒字,65～69歳,2009000303,-108626,円
黒字,65～69歳,2009000404,103475,円
黒字,65～69歳,2009000505,-81275,円
黒字,65～69歳,2009000606,167782,円
黒字,65～69歳,2009000707,-42068,円
黒字,65～69歳,2009000808,142675,円
黒字,65～69歳,2009000909,-132171,円
黒字,65～69歳,2009001010,182762,円
黒字,65～69歳,2009001111,-106792,円
黒字,65～69歳,2009001212,172559,円
黒字,65～69歳,2010000101,-34736,円
黒字,65～69歳,2010000202,209885,円
黒字,65～69歳,2010000303,-75659,円
黒字,65～69歳,2010000404,198104,円
黒字,65～69歳,2010000505,-111023,円
黒字,65～69歳,2010000606,200443,円
黒字,65～69歳,2010000707,-27882,円
黒字,65～69歳,2010000808,181442,円
黒字,65～69歳,2010000909,-56082,円
黒字,65～69歳,2010001010,170256,円
黒字,65～69歳,2010001111,-43986,円
黒字,65～69歳,2010001212,236827,円
黒字,65～69歳,2011000101,-93397,円
黒字,65～69歳,2011000202,151858,円
黒字,65～69歳,2011000303,-88723,円
黒字,65～69歳,2011000404,114299,円
黒字,65～69歳,2011000505,-128288,円
黒字,65～69歳,2011000606,168463,円
黒字,65～69歳,2011000707,-69180,円
黒字,65～69歳,2011000808,66856,円
黒字,65～69歳,2011000909,-146566,円
黒字,65～69歳,2011001010,111136,円
黒字,65～69歳,2011001111,-138123,円
黒字,65～69歳,2011001212,124302,円
黒字,65～69歳,2012000101,-70836,円
黒字,65～69歳,2012000202,183487,円
黒字,65～69歳,2012000303,-87714,円
黒字,65～69歳,2012000404,171201,円
黒字,65～69歳,2012000505,-76947,円
黒字,65～69歳,2012000606,208662,円
黒字,65～69歳,2012000707,-62045,円
黒字,65～69歳,2012000808,167191,円
黒字,65～69歳,2012000909,-74450,円
黒字,65～69歳,2012001010,116299,円
黒字,65～69歳,2012001111,-93504,円
黒字,65～69歳,2012001212,80469,円
黒字,65～69歳,2013000101,-97370,円
黒字,65～69歳,2013000202,153309,円
黒字,65～69歳,2013000303,-152124,円
黒字,65～69歳,2013000404,105663,円
黒字,65～69歳,2013000505,-104104,円
黒字,65～69歳,2013000606,205441,円
黒字,65～69歳,2013000707,-125278,円
黒字,65～69歳,2013000808,166158,円
黒字,65～69歳,2013000909,-48108,円
黒字,65～69歳,2013001010,129295,円
黒字,65～69歳,2013001111,-47661,円
黒字,65～69歳,2013001212,123450,円
黒字,65～69歳,2014000101,-142835,円
黒字,65～69歳,2014000202,166422,円
黒字,65～69歳,2014000303,-132457,円
黒字,65～69歳,2014000404,136974,円
黒字,65～69歳,2014000505,-71642,円
黒字,65～69歳,2014000606,143955,円
黒字,65～69歳,2014000707,-52417,円
黒字,65～69歳,2014000808,190613,円
黒字,65～69歳,2014000909,-66689,円
黒字,65～69歳,2014001010,171485,円
黒字,65～69歳,2014001111,-28288,円
黒字,65～69歳,2014001212,254854,円
黒字,65～69歳,2015000101,-75653,円
黒字,65～69歳,2015000202,146956,円
黒字,65～69歳,2015000303,-180118,円
黒字,65～69歳,2015000404,111699,円
黒字,65～69歳,2015000505,-95374,円
黒字,65～69歳,2015000606,124551,円
黒字,65～69歳,2015000707,-53592,円
黒字,65～69歳,2015000808,149580,円
黒字,65～69歳,2015000909,-66491,円
黒字,65～69歳,2015001010,161921,円
黒字,65～69歳,2015001111,-53777,円
黒字,65～69歳,2015001212,164613,円
黒字,65～69歳,2016000101,-73476,円
黒字,65～69歳,2016000202,183680,円
黒字,65～69歳,2016000303,-77427,円
黒字,65～69歳,2016000404,142509,円
黒字,65～69歳,2016000505,-92325,円
黒字,65～69歳,2016000606,183847,円
黒字,65～69歳,2016000707,-38250,円
黒字,65～69歳,2016000808,168152,円
黒字,65～69歳,2016000909,-46021,円
黒字,65～69歳,2016001010,167648,円
黒字,65～69歳,2016001111,-37514,円
黒字,65～69歳,2016001212,215951,円
黒字,65～69歳,2017000101,-51278,円
黒字,65～69歳,2017000202,176662,円
黒字,65～69歳,2017000303,-83813,円
黒字,65～69歳,2017000404,158788,円
黒字,65～69歳,2017000505,-95296,円
黒字,65～69歳,2017000606,189458,円
黒字,65～69歳,2017000707,-42633,円
黒字,65～69歳,2017000808,195897,円
黒字,65～69歳,2017000909,-44164,円
黒字,65～69歳,2017001010,180023,円
黒字,65～69歳,2017001111,-52288,円
黒字,65～69歳,2017001212,223675,円
黒字,65～69歳,2018000101,-68639,円
黒字,65～69歳,2018000202,217484,円
黒字,65～69歳,2018000303,-75308,円
黒字,65～69歳,2018000404,161436,円
黒字,65～69歳,2018000505,-117499,円
黒字,65～69歳,2018000606,312227,円
黒字,65～69歳,2018000707,-68016,円
黒字,65～69歳,2018000808,237943,円
黒字,65～69歳,2018000909,-11203,円
黒字,65～69歳,2018001010,243602,円
黒字,65～69歳,2018001111,-37680,円
黒字,65～69歳,2018001212,242111,円
黒字,65～69歳,2019000101,-41688,円
黒字,65～69歳,2019000202,218302,円
黒字,65～69歳,2019000303,-62797,円
黒字,65～69歳,2019000404,211603,円
黒字,65～69歳,2019000505,-106325,円
黒字,65～69歳,2019000606,289221,円
黒字,65～69歳,2019000707,-49199,円
黒字,65～69歳,2019000808,188874,円
黒字,65～69歳,2019000909,-52099,円
黒字,65～69歳,2019001010,222992,円
黒字,65～69歳,2019001111,-47848,円
黒字,65～69歳,2019001212,240007,円
黒字,65～69歳,2020000101,-92449,円
黒字,65～69歳,2020000202,229132,円
黒字,65～69歳,2020000303,-89227,円
黒字,65～69歳,2020000404,213749,円
黒字,65～69歳,2020000505,-29668,円
黒字,65～69歳,2020000606,331509,円
黒字,65～69歳,2020000707,34425,円
黒字,65～69歳,2020000808,238978,円
黒字,65～69歳,2020000909,-42042,円
黒字,65～69歳,2020001010,240455,円
黒字,65～69歳,2020001111,-40405,円
黒字,65～69歳,2020001212,319039,円
黒字,65～69歳,2021000101,-44217,円
黒字,65～69歳,2021000202,245655,円
黒字,65～69歳,2021000303,-50173,円
黒字,65～69歳,2021000404,235734,円
黒字,65～69歳,2021000505,-87754,円
黒字,65～69歳,2021000606,296372,円
黒字,65～69歳,2021000707,25619,円
黒字,65～69歳,2021000808,208405,円
黒字,65～69歳,2021000909,-8237,円
黒字,65～69歳,2021001010,269534,円
黒字,65～69歳,2021001111,-83869,円
黒字,65～69歳,2021001212,277981,円
黒字,65～69歳,2022000101,-87640,円
黒字,65～69歳,2022000202,269439,円
黒字,65～69歳,2022000303,-91598,円
黒字,65～69歳,2022000404,222742,円
黒字,65～69歳,2022000505,-87385,円
黒字,65～69歳,2022000606,251487,円
黒字,65～69歳,2022000707,-18819,円
黒字,65～69歳,2022000808,211159,円
黒字,65～69歳,2022000909,-16446,円
黒字,65～69歳,2022001010,235598,円
黒字,65～69歳,2022001111,-61867,円
黒字,65～69歳,2022001212,336429,円
黒字,65～69歳,2023000101,-40732,円
黒字,65～69歳,2023000202,288505,円
黒字,65～69歳,2023000303,-47314,円
黒字,65～69歳,2023000404,291346,円
黒字,65～69歳,2023000505,-106825,円
黒字,65～69歳,2023000606,272379,円
黒字,65～69歳,2023000707,-54090,円
黒字,65～69歳,2023000808,229042,円
黒字,65～69歳,2023000909,-51690,円
黒字,65～69歳,2023001010,205556,円
黒字,65～69歳,2023001111,-52686,円
黒字,65～69歳,2023001212,286112,円
黒字,65～69歳,2024000101,-54415,円
黒字,65～69歳,2024000202,251076,円
黒字,65～69歳,2024000303,-88349,円
黒字,65～69歳,2024000404,217740,円
黒字,65～69歳,2024000505,-93297,円
黒字,65～69歳,2024000606,356705,円
黒字,65～69歳,2024000707,-14738,円
黒字,65～69歳,2024000808,277952,円
黒字,65～69歳,2024000909,-14415,円
黒字,65～69歳,2024001010,256326,円
黒字,65～69歳,2024001111,-21885,円
黒字,65～69歳,2024001212,292089,円
黒字,65～69歳,2025000101,-26152,円
黒字,65～69歳,2025000202,264983,円
黒字,65～69歳,2025000303,-93048,円
黒字,65～69歳,2025000404,201343,円
黒字,65～69歳,2025000505,-63716,円
黒字,65～69歳,2025000606,319589,円
黒字,65～69歳,2025000707,-49344,円
黒字,65～69歳,2025000808,239964,円
黒字,65～69歳,2025000909,-25318,円
黒字,65～69歳,2025001010,260448,円
黒字,65～69歳,2025001111,-72660,円
黒字,65～69歳,2025001212,348428,円
黒字,65～69歳,2026000101,-1480,円
黒字,65～69歳,2026000202,215688,円
黒字,65～69歳,2026000303,-147381,円
黒字,65～69歳,2026000404,230515,円
黒字,65～69歳,2026000505,-83130,円
平均消費性向,24歳以下,2000000101,88.4,％
平均消費性向,24歳以下,2000000202,73.5,％
平均消費性向,24歳以下,2000000303,76.7,％
平均消費性向,24歳以下,2000000404,73.5,％
平均消費性向,24歳以下,2000000505,105.9,％
平均消費性向,24歳以下,2000000606,93.1,％
平均消費性向,24歳以下,2000000707,70.9,％
平均消費性向,24歳以下,2000000808,79.8,％
平均消費性向,24歳以下,2000000909,130.5,％
平均消費性向,24歳以下,2000001010,84.1,％
平均消費性向,24歳以下,2000001111,83.5,％
平均消費性向,24歳以下,2000001212,56.6,％
平均消費性向,24歳以下,2001000101,92.0,％
平均消費性向,24歳以下,2001000202,80.0,％
平均消費性向,24歳以下,2001000303,99.5,％
平均消費性向,24歳以下,2001000404,97.5,％
平均消費性向,24歳以下,2001000505,84.5,％
平均消費性向,24歳以下,2001000606,54.4,％
平均消費性向,24歳以下,2001000707,76.9,％
平均消費性向,24歳以下,2001000808,70.8,％
平均消費性向,24歳以下,2001000909,80.8,％
平均消費性向,24歳以下,2001001010,95.3,％
平均消費性向,24歳以下,2001001111,98.5,％
平均消費性向,24歳以下,2001001212,62.4,％
平均消費性向,24歳以下,2002000101,91.1,％
平均消費性向,24歳以下,2002000202,82.4,％
平均消費性向,24歳以下,2002000303,79.1,％
平均消費性向,24歳以下,2002000404,135.3,％
平均消費性向,24歳以下,2002000505,70.7,％
平均消費性向,24歳以下,2002000606,64.0,％
平均消費性向,24歳以下,2002000707,61.1,％
平均消費性向,24歳以下,2002000808,72.9,％
平均消費性向,24歳以下,2002000909,72.9,％
平均消費性向,24歳以下,2002001010,74.2,％
平均消費性向,24歳以下,2002001111,85.0,％
平均消費性向,24歳以下,2002001212,59.7,％
平均消費性向,24歳以下,2003000101,104.7,％
平均消費性向,24歳以下,2003000202,78.7,％
平均消費性向,24歳以下,2003000303,101.6,％
平均消費性向,24歳以下,2003000404,79.7,％
平均消費性向,24歳以下,2003000505,107.0,％
平均消費性向,24歳以下,2003000606,63.5,％
平均消費性向,24歳以下,2003000707,54.8,％
平均消費性向,24歳以下,2003000808,99.6,％
平均消費性向,24歳以下,2003000909,71.9,％
平均消費性向,24歳以下,2003001010,81.6,％
平均消費性向,24歳以下,2003001111,78.2,％
平均消費性向,24歳以下,2003001212,54.5,％
平均消費性向,24歳以下,2004000101,74.6,％
平均消費性向,24歳以下,2004000202,83.1,％
平均消費性向,24歳以下,2004000303,81.0,％
平均消費性向,24歳以下,2004000404,86.4,％
平均消費性向,24歳以下,2004000505,106.4,％
平均消費性向,24歳以下,2004000606,76.0,％
平均消費性向,24歳以下,2004000707,71.6,％
平均消費性向,24歳以下,2004000808,102.7,％
平均消費性向,24歳以下,2004000909,85.6,％
平均消費性向,24歳以下,2004001010,78.6,％
平均消費性向,24歳以下,2004001111,65.8,％
平均消費性向,24歳以下,2004001212,71.4,％
平均消費性向,24歳以下,2005000101,78.9,％
平均消費性向,24歳以下,2005000202,69.8,％
平均消費性向,24歳以下,2005000303,85.2,％
平均消費性向,24歳以下,2005000404,77.0,％
平均消費性向,24歳以下,2005000505,79.5,％
平均消費性向,24歳以下,2005000606,68.9,％
平均消費性向,24歳以下,2005000707,66.9,％
平均消費性向,24歳以下,2005000808,74.5,％
平均消費性向,24歳以下,2005000909,76.2,％
平均消費性向,24歳以下,2005001010,65.0,％
平均消費性向,24歳以下,2005001111,70.3,％
平均消費性向,24歳以下,2005001212,46.8,％
平均消費性向,24歳以下,2006000101,81.0,％
平均消費性向,24歳以下,2006000202,91.8,％
平均消費性向,24歳以下,2006000303,84.2,％
平均消費性向,24歳以下,2006000404,67.7,％
平均消費性向,24歳以下,2006000505,80.9,％
平均消費性向,24歳以下,2006000606,69.7,％
平均消費性向,24歳以下,2006000707,71.3,％
平均消費性向,24歳以下,2006000808,104.6,％
平均消費性向,24歳以下,2006000909,82.5,％
平均消費性向,24歳以下,2006001010,83.5,％
平均消費性向,24歳以下,2006001111,70.1,％
平均消費性向,24歳以下,2006001212,60.6,％
平均消費性向,24歳以下,2007000101,84.2,％
平均消費性向,24歳以下,2007000202,71.1,％
平均消費性向,24歳以下,2007000303,87.2,％
平均消費性向,24歳以下,2007000404,65.9,％
平均消費性向,24歳以下,2007000505,101.4,％
平均消費性向,24歳以下,2007000606,59.2,％
平均消費性向,24歳以下,2007000707,90.3,％
平均消費性向,24歳以下,2007000808,110.2,％
平均消費性向,24歳以下,2007000909,91.2,％
平均消費性向,24歳以下,2007001010,107.3,％
平均消費性向,24歳以下,2007001111,106.1,％
平均消費性向,24歳以下,2007001212,70.5,％
平均消費性向,24歳以下,2008000101,143.9,％
平均消費性向,24歳以下,2008000202,88.4,％
平均消費性向,24歳以下,2008000303,108.2,％
平均消費性向,24歳以下,2008000404,88.0,％
平均消費性向,24歳以下,2008000505,70.2,％
平均消費性向,24歳以下,2008000606,76.9,％
平均消費性向,24歳以下,2008000707,65.8,％
平均消費性向,24歳以下,2008000808,98.1,％
平均消費性向,24歳以下,2008000909,82.1,％
平均消費性向,24歳以下,2008001010,82.9,％
平均消費性向,24歳以下,2008001111,87.0,％
平均消費性向,24歳以下,2008001212,68.3,％
平均消費性向,24歳以下,2009000101,121.9,％
平均消費性向,24歳以下,2009000202,71.5,％
平均消費性向,24歳以下,2009000303,83.6,％
平均消費性向,24歳以下,2009000404,70.0,％
平均消費性向,24歳以下,2009000505,87.3,％
平均消費性向,24歳以下,2009000606,56.4,％
平均消費性向,24歳以下,2009000707,54.3,％
平均消費性向,24歳以下,2009000808,64.0,％
平均消費性向,24歳以下,2009000909,70.9,％
平均消費性向,24歳以下,2009001010,65.6,％
平均消費性向,24歳以下,2009001111,63.0,％
平均消費性向,24歳以下,2009001212,49.1,％
平均消費性向,24歳以下,2010000101,81.4,％
平均消費性向,24歳以下,2010000202,76.1,％
平均消費性向,24歳以下,2010000303,91.8,％
平均消費性向,24歳以下,2010000404,83.6,％
平均消費性向,24歳以下,2010000505,108.9,％
平均消費性向,24歳以下,2010000606,67.6,％
平均消費性向,24歳以下,2010000707,65.9,％
平均消費性向,24歳以下,2010000808,107.0,％
平均消費性向,24歳以下,2010000909,70.8,％
平均消費性向,24歳以下,2010001010,76.9,％
平均消費性向,24歳以下,2010001111,77.5,％
平均消費性向,24歳以下,2010001212,55.6,％
平均消費性向,24歳以下,2011000101,91.8,％
平均消費性向,24歳以下,2011000202,73.1,％
平均消費性向,24歳以下,2011000303,85.5,％
平均消費性向,24歳以下,2011000404,77.9,％
平均消費性向,24歳以下,2011000505,86.6,％
平均消費性向,24歳以下,2011000606,70.4,％
平均消費性向,24歳以下,2011000707,59.7,％
平均消費性向,24歳以下,2011000808,92.2,％
平均消費性向,24歳以下,2011000909,92.4,％
平均消費性向,24歳以下,2011001010,101.8,％
平均消費性向,24歳以下,2011001111,76.2,％
平均消費性向,24歳以下,2011001212,56.7,％
平均消費性向,24歳以下,2012000101,61.3,％
平均消費性向,24歳以下,2012000202,63.7,％
平均消費性向,24歳以下,2012000303,73.1,％
平均消費性向,24歳以下,2012000404,78.1,％
平均消費性向,24歳以下,2012000505,69.5,％
平均消費性向,24歳以下,2012000606,69.5,％
平均消費性向,24歳以下,2012000707,64.6,％
平均消費性向,24歳以下,2012000808,71.8,％
平均消費性向,24歳以下,2012000909,81.0,％
平均消費性向,24歳以下,2012001010,80.2,％
平均消費性向,24歳以下,2012001111,74.2,％
平均消費性向,24歳以下,2012001212,70.0,％
平均消費性向,24歳以下,2013000101,88.7,％
平均消費性向,24歳以下,2013000202,108.8,％
平均消費性向,24歳以下,2013000303,76.7,％
平均消費性向,24歳以下,2013000404,78.5,％
平均消費性向,24歳以下,2013000505,88.5,％
平均消費性向,24歳以下,2013000606,42.1,％
平均消費性向,24歳以下,2013000707,76.3,％
平均消費性向,24歳以下,2013000808,71.3,％
平均消費性向,24歳以下,2013000909,74.4,％
平均消費性向,24歳以下,2013001010,89.7,％
平均消費性向,24歳以下,2013001111,95.5,％
平均消費性向,24歳以下,2013001212,54.8,％
平均消費性向,24歳以下,2014000101,77.8,％
平均消費性向,24歳以下,2014000202,76.6,％
平均消費性向,24歳以下,2014000303,69.0,％
平均消費性向,24歳以下,2014000404,63.7,％
平均消費性向,24歳以下,2014000505,73.6,％
平均消費性向,24歳以下,2014000606,63.9,％
平均消費性向,24歳以下,2014000707,46.7,％
平均消費性向,24歳以下,2014000808,85.0,％
平均消費性向,24歳以下,2014000909,72.6,％
平均消費性向,24歳以下,2014001010,92.4,％
平均消費性向,24歳以下,2014001111,87.4,％
平均消費性向,24歳以下,2014001212,47.5,％
平均消費性向,34歳以下,2015000101,85.8,％
平均消費性向,34歳以下,2015000202,72.4,％
平均消費性向,34歳以下,2015000303,84.9,％
平均消費性向,34歳以下,2015000404,79.9,％
平均消費性向,34歳以下,2015000505,81.1,％
平均消費性向,34歳以下,2015000606,42.2,％
平均消費性向,34歳以下,2015000707,60.3,％
平均消費性向,34歳以下,2015000808,88.1,％
平均消費性向,34歳以下,2015000909,79.0,％
平均消費性向,34歳以下,2015001010,65.4,％
平均消費性向,34歳以下,2015001111,85.2,％
平均消費性向,34歳以下,2015001212,41.3,％
平均消費性向,34歳以下,2016000101,74.9,％
平均消費性向,34歳以下,2016000202,68.4,％
平均消費性向,34歳以下,2016000303,65.1,％
平均消費性向,34歳以下,2016000404,71.6,％
平均消費性向,34歳以下,2016000505,80.1,％
平均消費性向,34歳以下,2016000606,43.9,％
平均消費性向,34歳以下,2016000707,60.1,％
平均消費性向,34歳以下,2016000808,71.4,％
平均消費性向,34歳以下,2016000909,74.3,％
平均消費性向,34歳以下,2016001010,66.7,％
平均消費性向,34歳以下,2016001111,76.0,％
平均消費性向,34歳以下,2016001212,39.8,％
平均消費性向,34歳以下,2017000101,73.9,％
平均消費性向,34歳以下,2017000202,61.7,％
平均消費性向,34歳以下,2017000303,74.9,％
平均消費性向,34歳以下,2017000404,72.7,％
平均消費性向,34歳以下,2017000505,81.7,％
平均消費性向,34歳以下,2017000606,43.7,％
平均消費性向,34歳以下,2017000707,56.4,％
平均消費性向,34歳以下,2017000808,73.7,％
平均消費性向,34歳以下,2017000909,74.6,％
平均消費性向,34歳以下,2017001010,65.7,％
平均消費性向,34歳以下,2017001111,76.5,％
平均消費性向,34歳以下,2017001212,38.0,％
平均消費性向,34歳以下,2018000101,77.8,％
平均消費性向,34歳以下,2018000202,68.1,％
平均消費性向,34歳以下,2018000303,73.0,％
平均消費性向,34歳以下,2018000404,76.9,％
平均消費性向,34歳以下,2018000505,78.7,％
平均消費性向,34歳以下,2018000606,47.0,％
平均消費性向,34歳以下,2018000707,52.9,％
平均消費性向,34歳以下,2018000808,71.7,％
平均消費性向,34歳以下,2018000909,71.3,％
平均消費性向,34歳以下,2018001010,65.3,％
平均消費性向,34歳以下,2018001111,74.3,％
平均消費性向,34歳以下,2018001212,38.0,％
平均消費性向,34歳以下,2019000101,70.3,％
平均消費性向,34歳以下,2019000202,63.6,％
平均消費性向,34歳以下,2019000303,73.9,％
平均消費性向,34歳以下,2019000404,64.0,％
平均消費性向,34歳以下,2019000505,79.8,％
平均消費性向,34歳以下,2019000606,41.0,％
平均消費性向,34歳以下,2019000707,55.2,％
平均消費性向,34歳以下,2019000808,75.4,％
平均消費性向,34歳以下,2019000909,78.0,％
平均消費性向,34歳以下,2019001010,53.1,％
平均消費性向,34歳以下,2019001111,71.3,％
平均消費性向,34歳以下,2019001212,32.5,％
平均消費性向,34歳以下,2020000101,63.8,％
平均消費性向,34歳以下,2020000202,69.1,％
平均消費性向,34歳以下,2020000303,70.5,％
平均消費性向,34歳以下,2020000404,60.9,％
平均消費性向,34歳以下,2020000505,65.6,％
平均消費性向,34歳以下,2020000606,31.3,％
平均消費性向,34歳以下,2020000707,45.8,％
平均消費性向,34歳以下,2020000808,76.2,％
平均消費性向,34歳以下,2020000909,79.6,％
平均消費性向,34歳以下,2020001010,65.7,％
平均消費性向,34歳以下,2020001111,78.5,％
平均消費性向,34歳以下,2020001212,33.4,％
平均消費性向,34歳以下,2021000101,63.3,％
平均消費性向,34歳以下,2021000202,51.7,％
平均消費性向,34歳以下,2021000303,65.7,％
平均消費性向,34歳以下,2021000404,70.2,％
平均消費性向,34歳以下,2021000505,84.7,％
平均消費性向,34歳以下,2021000606,36.9,％
平均消費性向,34歳以下,2021000707,50.8,％
平均消費性向,34歳以下,2021000808,66.9,％
平均消費性向,34歳以下,2021000909,61.9,％
平均消費性向,34歳以下,2021001010,56.2,％
平均消費性向,34歳以下,2021001111,65.1,％
平均消費性向,34歳以下,2021001212,30.7,％
平均消費性向,34歳以下,2022000101,64.4,％
平均消費性向,34歳以下,2022000202,59.0,％
平均消費性向,34歳以下,2022000303,65.0,％
平均消費性向,34歳以下,2022000404,65.5,％
平均消費性向,34歳以下,2022000505,69.8,％
平均消費性向,34歳以下,2022000606,35.9,％
平均消費性向,34歳以下,2022000707,52.0,％
平均消費性向,34歳以下,2022000808,62.8,％
平均消費性向,34歳以下,2022000909,61.2,％
平均消費性向,34歳以下,2022001010,58.4,％
平均消費性向,34歳以下,2022001111,71.3,％
平均消費性向,34歳以下,2022001212,32.1,％
平均消費性向,34歳以下,2023000101,78.4,％
平均消費性向,34歳以下,2023000202,61.2,％
平均消費性向,34歳以下,2023000303,63.1,％
平均消費性向,34歳以下,2023000404,69.3,％
平均消費性向,34歳以下,2023000505,70.4,％
平均消費性向,34歳以下,2023000606,33.6,％
平均消費性向,34歳以下,2023000707,53.0,％
平均消費性向,34歳以下,2023000808,65.9,％
平均消費性向,34歳以下,2023000909,57.9,％
平均消費性向,34歳以下,2023001010,63.7,％
平均消費性向,34歳以下,2023001111,64.4,％
平均消費性向,34歳以下,2023001212,31.8,％
平均消費性向,34歳以下,2024000101,67.7,％
平均消費性向,34歳以下,2024000202,60.2,％
平均消費性向,34歳以下,2024000303,74.6,％
平均消費性向,34歳以下,2024000404,58.6,％
平均消費性向,34歳以下,2024000505,70.0,％
平均消費性向,34歳以下,2024000606,33.1,％
平均消費性向,34歳以下,2024000707,54.2,％
平均消費性向,34歳以下,2024000808,62.0,％
平均消費性向,34歳以下,2024000909,61.0,％
平均消費性向,34歳以下,2024001010,59.7,％
平均消費性向,34歳以下,2024001111,59.2,％
平均消費性向,34歳以下,2024001212,35.4,％
平均消費性向,34歳以下,2025000101,57.6,％
平均消費性向,34歳以下,2025000202,56.2,％
平均消費性向,34歳以下,2025000303,78.7,％
平均消費性向,34歳以下,2025000404,63.5,％
平均消費性向,34歳以下,2025000505,70.2,％
平均消費性向,34歳以下,2025000606,35.0,％
平均消費性向,34歳以下,2025000707,54.5,％
平均消費性向,34歳以下,2025000808,56.1,％
平均消費性向,34歳以下,2025000909,65.7,％
平均消費性向,34歳以下,2025001010,60.8,％
平均消費性向,34歳以下,2025001111,73.9,％
平均消費性向,34歳以下,2025001212,31.8,％
平均消費性向,34歳以下,2026000101,60.3,％
平均消費性向,34歳以下,2026000202,61.0,％
平均消費性向,34歳以下,2026000303,64.5,％
平均消費性向,34歳以下,2026000404,66.9,％
平均消費性向,34歳以下,2026000505,68.9,％
平均消費性向,25～29歳,2000000101,78.9,％
平均消費性向,25～29歳,2000000202,77.3,％
平均消費性向,25～29歳,2000000303,83.9,％
平均消費性向,25～29歳,2000000404,81.5,％
平均消費性向,25～29歳,2000000505,85.0,％
平均消費性向,25～29歳,2000000606,61.9,％
平均消費性向,25～29歳,2000000707,62.6,％
平均消費性向,25～29歳,2000000808,84.1,％
平均消費性向,25～29歳,2000000909,79.5,％
平均消費性向,25～29歳,2000001010,86.1,％
平均消費性向,25～29歳,2000001111,86.5,％
平均消費性向,25～29歳,2000001212,46.9,％
平均消費性向,25～29歳,2001000101,82.3,％
平均消費性向,25～29歳,2001000202,78.2,％
平均消費性向,25～29歳,2001000303,76.7,％
平均消費性向,25～29歳,2001000404,89.7,％
平均消費性向,25～29歳,2001000505,85.6,％
平均消費性向,25～29歳,2001000606,54.9,％
平均消費性向,25～29歳,2001000707,62.3,％
平均消費性向,25～29歳,2001000808,80.7,％
平均消費性向,25～29歳,2001000909,80.8,％
平均消費性向,25～29歳,2001001010,117.2,％
平均消費性向,25～29歳,2001001111,87.8,％
平均消費性向,25～29歳,2001001212,48.6,％
平均消費性向,25～29歳,2002000101,80.4,％
平均消費性向,25～29歳,2002000202,74.6,％
平均消費性向,25～29歳,2002000303,88.5,％
平均消費性向,25～29歳,2002000404,86.7,％
平均消費性向,25～29歳,2002000505,88.1,％
平均消費性向,25～29歳,2002000606,59.4,％
平均消費性向,25～29歳,2002000707,67.4,％
平均消費性向,25～29歳,2002000808,72.3,％
平均消費性向,25～29歳,2002000909,100.5,％
平均消費性向,25～29歳,2002001010,76.8,％
平均消費性向,25～29歳,2002001111,77.7,％
平均消費性向,25～29歳,2002001212,43.3,％
平均消費性向,25～29歳,2003000101,72.8,％
平均消費性向,25～29歳,2003000202,74.0,％
平均消費性向,25～29歳,2003000303,81.6,％
平均消費性向,25～29歳,2003000404,73.6,％
平均消費性向,25～29歳,2003000505,78.8,％
平均消費性向,25～29歳,2003000606,51.0,％
平均消費性向,25～29歳,2003000707,66.6,％
平均消費性向,25～29歳,2003000808,85.7,％
平均消費性向,25～29歳,2003000909,76.5,％
平均消費性向,25～29歳,2003001010,82.4,％
平均消費性向,25～29歳,2003001111,81.8,％
平均消費性向,25～29歳,2003001212,49.3,％
平均消費性向,25～29歳,2004000101,81.1,％
平均消費性向,25～29歳,2004000202,70.4,％
平均消費性向,25～29歳,2004000303,90.1,％
平均消費性向,25～29歳,2004000404,85.2,％
平均消費性向,25～29歳,2004000505,83.8,％
平均消費性向,25～29歳,2004000606,58.1,％
平均消費性向,25～29歳,2004000707,77.3,％
平均消費性向,25～29歳,2004000808,89.9,％
平均消費性向,25～29歳,2004000909,76.0,％
平均消費性向,25～29歳,2004001010,84.1,％
平均消費性向,25～29歳,2004001111,84.8,％
平均消費性向,25～29歳,2004001212,49.8,％
平均消費性向,25～29歳,2005000101,95.6,％
平均消費性向,25～29歳,2005000202,79.7,％
平均消費性向,25～29歳,2005000303,76.9,％
平均消費性向,25～29歳,2005000404,75.0,％
平均消費性向,25～29歳,2005000505,84.2,％
平均消費性向,25～29歳,2005000606,51.1,％
平均消費性向,25～29歳,2005000707,74.0,％
平均消費性向,25～29歳,2005000808,84.0,％
平均消費性向,25～29歳,2005000909,90.6,％
平均消費性向,25～29歳,2005001010,85.4,％
平均消費性向,25～29歳,2005001111,84.3,％
平均消費性向,25～29歳,2005001212,55.7,％
平均消費性向,25～29歳,2006000101,86.6,％
平均消費性向,25～29歳,2006000202,88.3,％
平均消費性向,25～29歳,2006000303,98.6,％
平均消費性向,25～29歳,2006000404,75.1,％
平均消費性向,25～29歳,2006000505,83.9,％
平均消費性向,25～29歳,2006000606,69.6,％
平均消費性向,25～29歳,2006000707,69.1,％
平均消費性向,25～29歳,2006000808,82.2,％
平均消費性向,25～29歳,2006000909,81.9,％
平均消費性向,25～29歳,2006001010,82.8,％
平均消費性向,25～29歳,2006001111,86.0,％
平均消費性向,25～29歳,2006001212,50.9,％
平均消費性向,25～29歳,2007000101,83.9,％
平均消費性向,25～29歳,2007000202,80.2,％
平均消費性向,25～29歳,2007000303,78.0,％
平均消費性向,25～29歳,2007000404,83.8,％
平均消費性向,25～29歳,2007000505,85.6,％
平均消費性向,25～29歳,2007000606,62.9,％
平均消費性向,25～29歳,2007000707,65.1,％
平均消費性向,25～29歳,2007000808,79.2,％
平均消費性向,25～29歳,2007000909,74.4,％
平均消費性向,25～29歳,2007001010,78.0,％
平均消費性向,25～29歳,2007001111,77.5,％
平均消費性向,25～29歳,2007001212,48.3,％
平均消費性向,25～29歳,2008000101,78.2,％
平均消費性向,25～29歳,2008000202,77.1,％
平均消費性向,25～29歳,2008000303,78.9,％
平均消費性向,25～29歳,2008000404,84.2,％
平均消費性向,25～29歳,2008000505,104.4,％
平均消費性向,25～29歳,2008000606,71.8,％
平均消費性向,25～29歳,2008000707,62.2,％
平均消費性向,25～29歳,2008000808,81.1,％
平均消費性向,25～29歳,2008000909,81.7,％
平均消費性向,25～29歳,2008001010,87.4,％
平均消費性向,25～29歳,2008001111,88.8,％
平均消費性向,25～29歳,2008001212,42.7,％
平均消費性向,25～29歳,2009000101,70.5,％
平均消費性向,25～29歳,2009000202,85.7,％
平均消費性向,25～29歳,2009000303,81.6,％
平均消費性向,25～29歳,2009000404,79.5,％
平均消費性向,25～29歳,2009000505,77.9,％
平均消費性向,25～29歳,2009000606,68.6,％
平均消費性向,25～29歳,2009000707,71.0,％
平均消費性向,25～29歳,2009000808,90.4,％
平均消費性向,25～29歳,2009000909,88.7,％
平均消費性向,25～29歳,2009001010,91.0,％
平均消費性向,25～29歳,2009001111,76.1,％
平均消費性向,25～29歳,2009001212,42.3,％
平均消費性向,25～29歳,2010000101,82.2,％
平均消費性向,25～29歳,2010000202,72.0,％
平均消費性向,25～29歳,2010000303,91.5,％
平均消費性向,25～29歳,2010000404,79.8,％
平均消費性向,25～29歳,2010000505,81.1,％
平均消費性向,25～29歳,2010000606,52.3,％
平均消費性向,25～29歳,2010000707,72.2,％
平均消費性向,25～29歳,2010000808,76.0,％
平均消費性向,25～29歳,2010000909,78.6,％
平均消費性向,25～29歳,2010001010,73.5,％
平均消費性向,25～29歳,2010001111,86.3,％
平均消費性向,25～29歳,2010001212,49.1,％
平均消費性向,25～29歳,2011000101,76.7,％
平均消費性向,25～29歳,2011000202,68.8,％
平均消費性向,25～29歳,2011000303,81.5,％
平均消費性向,25～29歳,2011000404,73.2,％
平均消費性向,25～29歳,2011000505,91.5,％
平均消費性向,25～29歳,2011000606,54.8,％
平均消費性向,25～29歳,2011000707,66.3,％
平均消費性向,25～29歳,2011000808,70.4,％
平均消費性向,25～29歳,2011000909,75.8,％
平均消費性向,25～29歳,2011001010,74.7,％
平均消費性向,25～29歳,2011001111,82.2,％
平均消費性向,25～29歳,2011001212,50.8,％
平均消費性向,25～29歳,2012000101,85.2,％
平均消費性向,25～29歳,2012000202,71.9,％
平均消費性向,25～29歳,2012000303,76.5,％
平均消費性向,25～29歳,2012000404,81.2,％
平均消費性向,25～29歳,2012000505,90.4,％
平均消費性向,25～29歳,2012000606,60.2,％
平均消費性向,25～29歳,2012000707,103.1,％
平均消費性向,25～29歳,2012000808,78.3,％
平均消費性向,25～29歳,2012000909,74.6,％
平均消費性向,25～29歳,2012001010,80.6,％
平均消費性向,25～29歳,2012001111,80.0,％
平均消費性向,25～29歳,2012001212,49.4,％
平均消費性向,25～29歳,2013000101,85.8,％
平均消費性向,25～29歳,2013000202,70.7,％
平均消費性向,25～29歳,2013000303,78.0,％
平均消費性向,25～29歳,2013000404,77.7,％
平均消費性向,25～29歳,2013000505,83.9,％
平均消費性向,25～29歳,2013000606,44.2,％
平均消費性向,25～29歳,2013000707,70.9,％
平均消費性向,25～29歳,2013000808,75.6,％
平均消費性向,25～29歳,2013000909,86.6,％
平均消費性向,25～29歳,2013001010,71.2,％
平均消費性向,25～29歳,2013001111,78.6,％
平均消費性向,25～29歳,2013001212,49.5,％
平均消費性向,25～29歳,2014000101,79.4,％
平均消費性向,25～29歳,2014000202,66.3,％
平均消費性向,25～29歳,2014000303,98.2,％
平均消費性向,25～29歳,2014000404,116.0,％
平均消費性向,25～29歳,2014000505,80.0,％
平均消費性向,25～29歳,2014000606,64.0,％
平均消費性向,25～29歳,2014000707,69.5,％
平均消費性向,25～29歳,2014000808,76.2,％
平均消費性向,25～29歳,2014000909,79.3,％
平均消費性向,25～29歳,2014001010,67.9,％
平均消費性向,25～29歳,2014001111,116.6,％
平均消費性向,25～29歳,2014001212,44.7,％
平均消費性向,30～34歳,2000000101,85.4,％
平均消費性向,30～34歳,2000000202,78.6,％
平均消費性向,30～34歳,2000000303,82.2,％
平均消費性向,30～34歳,2000000404,78.5,％
平均消費性向,30～34歳,2000000505,82.6,％
平均消費性向,30～34歳,2000000606,51.4,％
平均消費性向,30～34歳,2000000707,59.3,％
平均消費性向,30～34歳,2000000808,76.9,％
平均消費性向,30～34歳,2000000909,81.7,％
平均消費性向,30～34歳,2000001010,76.8,％
平均消費性向,30～34歳,2000001111,77.5,％
平均消費性向,30～34歳,2000001212,44.8,％
平均消費性向,30～34歳,2001000101,82.7,％
平均消費性向,30～34歳,2001000202,72.2,％
平均消費性向,30～34歳,2001000303,77.5,％
平均消費性向,30～34歳,2001000404,78.9,％
平均消費性向,30～34歳,2001000505,82.0,％
平均消費性向,30～34歳,2001000606,44.6,％
平均消費性向,30～34歳,2001000707,63.4,％
平均消費性向,30～34歳,2001000808,81.1,％
平均消費性向,30～34歳,2001000909,75.0,％
平均消費性向,30～34歳,2001001010,73.8,％
平均消費性向,30～34歳,2001001111,79.6,％
平均消費性向,30～34歳,2001001212,36.6,％
平均消費性向,30～34歳,2002000101,75.9,％
平均消費性向,30～34歳,2002000202,70.2,％
平均消費性向,30～34歳,2002000303,76.6,％
平均消費性向,30～34歳,2002000404,75.2,％
平均消費性向,30～34歳,2002000505,84.6,％
平均消費性向,30～34歳,2002000606,50.0,％
平均消費性向,30～34歳,2002000707,61.0,％
平均消費性向,30～34歳,2002000808,74.1,％
平均消費性向,30～34歳,2002000909,80.7,％
平均消費性向,30～34歳,2002001010,74.5,％
平均消費性向,30～34歳,2002001111,79.4,％
平均消費性向,30～34歳,2002001212,41.0,％
平均消費性向,30～34歳,2003000101,86.8,％
平均消費性向,30～34歳,2003000202,75.7,％
平均消費性向,30～34歳,2003000303,77.8,％
平均消費性向,30～34歳,2003000404,76.4,％
平均消費性向,30～34歳,2003000505,77.1,％
平均消費性向,30～34歳,2003000606,55.8,％
平均消費性向,30～34歳,2003000707,62.7,％
平均消費性向,30～34歳,2003000808,78.1,％
平均消費性向,30～34歳,2003000909,83.1,％
平均消費性向,30～34歳,2003001010,80.4,％
平均消費性向,30～34歳,2003001111,75.4,％
平均消費性向,30～34歳,2003001212,40.2,％
平均消費性向,30～34歳,2004000101,80.4,％
平均消費性向,30～34歳,2004000202,78.3,％
平均消費性向,30～34歳,2004000303,79.7,％
平均消費性向,30～34歳,2004000404,76.1,％
平均消費性向,30～34歳,2004000505,93.1,％
平均消費性向,30～34歳,2004000606,52.6,％
平均消費性向,30～34歳,2004000707,61.1,％
平均消費性向,30～34歳,2004000808,85.2,％
平均消費性向,30～34歳,2004000909,73.8,％
平均消費性向,30～34歳,2004001010,74.7,％
平均消費性向,30～34歳,2004001111,82.0,％
平均消費性向,30～34歳,2004001212,43.4,％
平均消費性向,30～34歳,2005000101,80.5,％
平均消費性向,30～34歳,2005000202,67.3,％
平均消費性向,30～34歳,2005000303,76.5,％
平均消費性向,30～34歳,2005000404,73.8,％
平均消費性向,30～34歳,2005000505,80.4,％
平均消費性向,30～34歳,2005000606,48.9,％
平均消費性向,30～34歳,2005000707,62.8,％
平均消費性向,30～34歳,2005000808,79.5,％
平均消費性向,30～34歳,2005000909,81.9,％
平均消費性向,30～34歳,2005001010,76.6,％
平均消費性向,30～34歳,2005001111,73.9,％
平均消費性向,30～34歳,2005001212,45.2,％
平均消費性向,30～34歳,2006000101,80.8,％
平均消費性向,30～34歳,2006000202,73.7,％
平均消費性向,30～34歳,2006000303,78.8,％
平均消費性向,30～34歳,2006000404,79.7,％
平均消費性向,30～34歳,2006000505,81.1,％
平均消費性向,30～34歳,2006000606,51.3,％
平均消費性向,30～34歳,2006000707,59.0,％
平均消費性向,30～34歳,2006000808,74.6,％
平均消費性向,30～34歳,2006000909,71.6,％
平均消費性向,30～34歳,2006001010,80.5,％
平均消費性向,30～34歳,2006001111,80.8,％
平均消費性向,30～34歳,2006001212,42.0,％
平均消費性向,30～34歳,2007000101,77.5,％
平均消費性向,30～34歳,2007000202,70.1,％
平均消費性向,30～34歳,2007000303,80.2,％
平均消費性向,30～34歳,2007000404,78.3,％
平均消費性向,30～34歳,2007000505,89.0,％
平均消費性向,30～34歳,2007000606,54.0,％
平均消費性向,30～34歳,2007000707,63.6,％
平均消費性向,30～34歳,2007000808,78.9,％
平均消費性向,30～34歳,2007000909,77.3,％
平均消費性向,30～34歳,2007001010,82.8,％
平均消費性向,30～34歳,2007001111,76.4,％
平均消費性向,30～34歳,2007001212,48.6,％
平均消費性向,30～34歳,2008000101,93.1,％
平均消費性向,30～34歳,2008000202,72.8,％
平均消費性向,30～34歳,2008000303,78.5,％
平均消費性向,30～34歳,2008000404,75.0,％
平均消費性向,30～34歳,2008000505,82.6,％
平均消費性向,30～34歳,2008000606,51.3,％
平均消費性向,30～34歳,2008000707,58.8,％
平均消費性向,30～34歳,2008000808,73.5,％
平均消費性向,30～34歳,2008000909,78.9,％
平均消費性向,30～34歳,2008001010,69.7,％
平均消費性向,30～34歳,2008001111,78.4,％
平均消費性向,30～34歳,2008001212,44.6,％
平均消費性向,30～34歳,2009000101,76.6,％
平均消費性向,30～34歳,2009000202,74.3,％
平均消費性向,30～34歳,2009000303,85.6,％
平均消費性向,30～34歳,2009000404,77.3,％
平均消費性向,30～34歳,2009000505,86.4,％
平均消費性向,30～34歳,2009000606,51.9,％
平均消費性向,30～34歳,2009000707,59.8,％
平均消費性向,30～34歳,2009000808,78.6,％
平均消費性向,30～34歳,2009000909,78.6,％
平均消費性向,30～34歳,2009001010,82.7,％
平均消費性向,30～34歳,2009001111,88.7,％
平均消費性向,30～34歳,2009001212,44.3,％
平均消費性向,30～34歳,2010000101,78.7,％
平均消費性向,30～34歳,2010000202,74.0,％
平均消費性向,30～34歳,2010000303,79.4,％
平均消費性向,30～34歳,2010000404,70.5,％
平均消費性向,30～34歳,2010000505,85.5,％
平均消費性向,30～34歳,2010000606,48.5,％
平均消費性向,30～34歳,2010000707,62.0,％
平均消費性向,30～34歳,2010000808,89.2,％
平均消費性向,30～34歳,2010000909,83.1,％
平均消費性向,30～34歳,2010001010,71.7,％
平均消費性向,30～34歳,2010001111,79.2,％
平均消費性向,30～34歳,2010001212,42.9,％
平均消費性向,30～34歳,2011000101,85.5,％
平均消費性向,30～34歳,2011000202,70.6,％
平均消費性向,30～34歳,2011000303,80.7,％
平均消費性向,30～34歳,2011000404,81.4,％
平均消費性向,30～34歳,2011000505,88.8,％
平均消費性向,30～34歳,2011000606,50.1,％
平均消費性向,30～34歳,2011000707,66.1,％
平均消費性向,30～34歳,2011000808,75.5,％
平均消費性向,30～34歳,2011000909,82.6,％
平均消費性向,30～34歳,2011001010,76.3,％
平均消費性向,30～34歳,2011001111,84.1,％
平均消費性向,30～34歳,2011001212,45.3,％
平均消費性向,30～34歳,2012000101,90.2,％
平均消費性向,30～34歳,2012000202,72.9,％
平均消費性向,30～34歳,2012000303,83.5,％
平均消費性向,30～34歳,2012000404,87.9,％
平均消費性向,30～34歳,2012000505,85.0,％
平均消費性向,30～34歳,2012000606,53.9,％
平均消費性向,30～34歳,2012000707,71.5,％
平均消費性向,30～34歳,2012000808,81.8,％
平均消費性向,30～34歳,2012000909,72.7,％
平均消費性向,30～34歳,2012001010,66.7,％
平均消費性向,30～34歳,2012001111,77.3,％
平均消費性向,30～34歳,2012001212,45.0,％
平均消費性向,30～34歳,2013000101,76.8,％
平均消費性向,30～34歳,2013000202,72.4,％
平均消費性向,30～34歳,2013000303,85.4,％
平均消費性向,30～34歳,2013000404,82.5,％
平均消費性向,30～34歳,2013000505,90.0,％
平均消費性向,30～34歳,2013000606,48.4,％
平均消費性向,30～34歳,2013000707,65.0,％
平均消費性向,30～34歳,2013000808,81.4,％
平均消費性向,30～34歳,2013000909,77.9,％
平均消費性向,30～34歳,2013001010,72.6,％
平均消費性向,30～34歳,2013001111,78.8,％
平均消費性向,30～34歳,2013001212,44.0,％
平均消費性向,30～34歳,2014000101,80.8,％
平均消費性向,30～34歳,2014000202,68.1,％
平均消費性向,30～34歳,2014000303,97.5,％
平均消費性向,30～34歳,2014000404,79.4,％
平均消費性向,30～34歳,2014000505,78.5,％
平均消費性向,30～34歳,2014000606,45.1,％
平均消費性向,30～34歳,2014000707,55.1,％
平均消費性向,30～34歳,2014000808,72.4,％
平均消費性向,30～34歳,2014000909,76.1,％
平均消費性向,30～34歳,2014001010,70.4,％
平均消費性向,30～34歳,2014001111,80.6,％
平均消費性向,30～34歳,2014001212,44.9,％
平均消費性向,35～39歳,2000000101,82.0,％
平均消費性向,35～39歳,2000000202,76.7,％
平均消費性向,35～39歳,2000000303,76.1,％
平均消費性向,35～39歳,2000000404,75.8,％
平均消費性向,35～39歳,2000000505,85.5,％
平均消費性向,35～39歳,2000000606,43.9,％
平均消費性向,35～39歳,2000000707,65.8,％
平均消費性向,35～39歳,2000000808,77.8,％
平均消費性向,35～39歳,2000000909,78.1,％
平均消費性向,35～39歳,2000001010,78.3,％
平均消費性向,35～39歳,2000001111,79.3,％
平均消費性向,35～39歳,2000001212,39.6,％
平均消費性向,35～39歳,2001000101,78.4,％
平均消費性向,35～39歳,2001000202,76.6,％
平均消費性向,35～39歳,2001000303,78.9,％
平均消費性向,35～39歳,2001000404,76.2,％
平均消費性向,35～39歳,2001000505,85.8,％
平均消費性向,35～39歳,2001000606,45.5,％
平均消費性向,35～39歳,2001000707,63.2,％
平均消費性向,35～39歳,2001000808,79.2,％
平均消費性向,35～39歳,2001000909,72.7,％
平均消費性向,35～39歳,2001001010,76.6,％
平均消費性向,35～39歳,2001001111,80.2,％
平均消費性向,35～39歳,2001001212,40.7,％
平均消費性向,35～39歳,2002000101,76.5,％
平均消費性向,35～39歳,2002000202,70.9,％
平均消費性向,35～39歳,2002000303,81.0,％
平均消費性向,35～39歳,2002000404,79.6,％
平均消費性向,35～39歳,2002000505,85.2,％
平均消費性向,35～39歳,2002000606,47.4,％
平均消費性向,35～39歳,2002000707,62.4,％
平均消費性向,35～39歳,2002000808,72.4,％
平均消費性向,35～39歳,2002000909,77.2,％
平均消費性向,35～39歳,2002001010,71.6,％
平均消費性向,35～39歳,2002001111,80.0,％
平均消費性向,35～39歳,2002001212,41.2,％
平均消費性向,35～39歳,2003000101,78.9,％
平均消費性向,35～39歳,2003000202,70.7,％
平均消費性向,35～39歳,2003000303,81.7,％
平均消費性向,35～39歳,2003000404,81.3,％
平均消費性向,35～39歳,2003000505,84.9,％
平均消費性向,35～39歳,2003000606,46.0,％
平均消費性向,35～39歳,2003000707,62.0,％
平均消費性向,35～39歳,2003000808,75.3,％
平均消費性向,35～39歳,2003000909,73.9,％
平均消費性向,35～39歳,2003001010,75.3,％
平均消費性向,35～39歳,2003001111,77.9,％
平均消費性向,35～39歳,2003001212,42.8,％
平均消費性向,35～39歳,2004000101,79.5,％
平均消費性向,35～39歳,2004000202,74.6,％
平均消費性向,35～39歳,2004000303,73.8,％
平均消費性向,35～39歳,2004000404,73.3,％
平均消費性向,35～39歳,2004000505,83.5,％
平均消費性向,35～39歳,2004000606,52.9,％
平均消費性向,35～39歳,2004000707,60.5,％
平均消費性向,35～39歳,2004000808,75.0,％
平均消費性向,35～39歳,2004000909,73.8,％
平均消費性向,35～39歳,2004001010,79.4,％
平均消費性向,35～39歳,2004001111,75.6,％
平均消費性向,35～39歳,2004001212,42.3,％
平均消費性向,35～39歳,2005000101,89.4,％
平均消費性向,35～39歳,2005000202,77.7,％
平均消費性向,35～39歳,2005000303,78.5,％
平均消費性向,35～39歳,2005000404,84.5,％
平均消費性向,35～39歳,2005000505,91.4,％
平均消費性向,35～39歳,2005000606,46.5,％
平均消費性向,35～39歳,2005000707,65.4,％
平均消費性向,35～39歳,2005000808,78.8,％
平均消費性向,35～39歳,2005000909,80.0,％
平均消費性向,35～39歳,2005001010,76.9,％
平均消費性向,35～39歳,2005001111,78.4,％
平均消費性向,35～39歳,2005001212,44.4,％
平均消費性向,35～39歳,2006000101,80.1,％
平均消費性向,35～39歳,2006000202,74.1,％
平均消費性向,35～39歳,2006000303,80.2,％
平均消費性向,35～39歳,2006000404,78.6,％
平均消費性向,35～39歳,2006000505,93.4,％
平均消費性向,35～39歳,2006000606,49.2,％
平均消費性向,35～39歳,2006000707,65.0,％
平均消費性向,35～39歳,2006000808,74.4,％
平均消費性向,35～39歳,2006000909,73.5,％
平均消費性向,35～39歳,2006001010,69.4,％
平均消費性向,35～39歳,2006001111,76.6,％
平均消費性向,35～39歳,2006001212,39.3,％
平均消費性向,35～39歳,2007000101,76.7,％
平均消費性向,35～39歳,2007000202,65.0,％
平均消費性向,35～39歳,2007000303,74.0,％
平均消費性向,35～39歳,2007000404,71.8,％
平均消費性向,35～39歳,2007000505,86.0,％
平均消費性向,35～39歳,2007000606,46.7,％
平均消費性向,35～39歳,2007000707,58.5,％
平均消費性向,35～39歳,2007000808,79.8,％
平均消費性向,35～39歳,2007000909,79.6,％
平均消費性向,35～39歳,2007001010,75.5,％
平均消費性向,35～39歳,2007001111,78.2,％
平均消費性向,35～39歳,2007001212,42.4,％
平均消費性向,35～39歳,2008000101,88.4,％
平均消費性向,35～39歳,2008000202,69.0,％
平均消費性向,35～39歳,2008000303,84.1,％
平均消費性向,35～39歳,2008000404,79.3,％
平均消費性向,35～39歳,2008000505,86.4,％
平均消費性向,35～39歳,2008000606,50.8,％
平均消費性向,35～39歳,2008000707,69.0,％
平均消費性向,35～39歳,2008000808,80.8,％
平均消費性向,35～39歳,2008000909,77.6,％
平均消費性向,35～39歳,2008001010,73.8,％
平均消費性向,35～39歳,2008001111,79.5,％
平均消費性向,35～39歳,2008001212,41.2,％
平均消費性向,35～39歳,2009000101,77.8,％
平均消費性向,35～39歳,2009000202,70.3,％
平均消費性向,35～39歳,2009000303,89.1,％
平均消費性向,35～39歳,2009000404,78.0,％
平均消費性向,35～39歳,2009000505,85.3,％
平均消費性向,35～39歳,2009000606,48.7,％
平均消費性向,35～39歳,2009000707,62.8,％
平均消費性向,35～39歳,2009000808,85.6,％
平均消費性向,35～39歳,2009000909,75.3,％
平均消費性向,35～39歳,2009001010,74.3,％
平均消費性向,35～39歳,2009001111,74.4,％
平均消費性向,35～39歳,2009001212,42.1,％
平均消費性向,35～39歳,2010000101,83.0,％
平均消費性向,35～39歳,2010000202,72.0,％
平均消費性向,35～39歳,2010000303,87.8,％
平均消費性向,35～39歳,2010000404,74.6,％
平均消費性向,35～39歳,2010000505,89.2,％
平均消費性向,35～39歳,2010000606,46.1,％
平均消費性向,35～39歳,2010000707,59.9,％
平均消費性向,35～39歳,2010000808,86.3,％
平均消費性向,35～39歳,2010000909,79.4,％
平均消費性向,35～39歳,2010001010,66.2,％
平均消費性向,35～39歳,2010001111,78.5,％
平均消費性向,35～39歳,2010001212,42.0,％
平均消費性向,35～39歳,2011000101,79.4,％
平均消費性向,35～39歳,2011000202,65.0,％
平均消費性向,35～39歳,2011000303,83.2,％
平均消費性向,35～39歳,2011000404,76.8,％
平均消費性向,35～39歳,2011000505,90.0,％
平均消費性向,35～39歳,2011000606,47.3,％
平均消費性向,35～39歳,2011000707,58.5,％
平均消費性向,35～39歳,2011000808,78.8,％
平均消費性向,35～39歳,2011000909,75.6,％
平均消費性向,35～39歳,2011001010,70.7,％
平均消費性向,35～39歳,2011001111,78.0,％
平均消費性向,35～39歳,2011001212,44.5,％
平均消費性向,35～39歳,2012000101,80.6,％
平均消費性向,35～39歳,2012000202,66.5,％
平均消費性向,35～39歳,2012000303,74.3,％
平均消費性向,35～39歳,2012000404,77.5,％
平均消費性向,35～39歳,2012000505,88.3,％
平均消費性向,35～39歳,2012000606,45.2,％
平均消費性向,35～39歳,2012000707,59.0,％
平均消費性向,35～39歳,2012000808,81.2,％
平均消費性向,35～39歳,2012000909,75.0,％
平均消費性向,35～39歳,2012001010,67.6,％
平均消費性向,35～39歳,2012001111,79.5,％
平均消費性向,35～39歳,2012001212,43.1,％
平均消費性向,35～39歳,2013000101,88.3,％
平均消費性向,35～39歳,2013000202,69.3,％
平均消費性向,35～39歳,2013000303,79.8,％
平均消費性向,35～39歳,2013000404,83.7,％
平均消費性向,35～39歳,2013000505,86.2,％
平均消費性向,35～39歳,2013000606,48.2,％
平均消費性向,35～39歳,2013000707,65.2,％
平均消費性向,35～39歳,2013000808,74.2,％
平均消費性向,35～39歳,2013000909,78.3,％
平均消費性向,35～39歳,2013001010,72.5,％
平均消費性向,35～39歳,2013001111,78.3,％
平均消費性向,35～39歳,2013001212,45.3,％
平均消費性向,35～39歳,2014000101,80.6,％
平均消費性向,35～39歳,2014000202,68.9,％
平均消費性向,35～39歳,2014000303,90.0,％
平均消費性向,35～39歳,2014000404,72.5,％
平均消費性向,35～39歳,2014000505,83.8,％
平均消費性向,35～39歳,2014000606,48.8,％
平均消費性向,35～39歳,2014000707,59.8,％
平均消費性向,35～39歳,2014000808,76.0,％
平均消費性向,35～39歳,2014000909,86.3,％
平均消費性向,35～39歳,2014001010,73.5,％
平均消費性向,35～39歳,2014001111,78.8,％
平均消費性向,35～39歳,2014001212,40.1,％
平均消費性向,35～39歳,2015000101,79.4,％
平均消費性向,35～39歳,2015000202,62.7,％
平均消費性向,35～39歳,2015000303,78.4,％
平均消費性向,35～39歳,2015000404,75.7,％
平均消費性向,35～39歳,2015000505,80.1,％
平均消費性向,35～39歳,2015000606,50.8,％
平均消費性向,35～39歳,2015000707,60.1,％
平均消費性向,35～39歳,2015000808,77.2,％
平均消費性向,35～39歳,2015000909,78.2,％
平均消費性向,35～39歳,2015001010,67.2,％
平均消費性向,35～39歳,2015001111,77.9,％
平均消費性向,35～39歳,2015001212,38.4,％
平均消費性向,35～39歳,2016000101,86.0,％
平均消費性向,35～39歳,2016000202,76.2,％
平均消費性向,35～39歳,2016000303,73.9,％
平均消費性向,35～39歳,2016000404,76.1,％
平均消費性向,35～39歳,2016000505,87.2,％
平均消費性向,35～39歳,2016000606,44.5,％
平均消費性向,35～39歳,2016000707,54.2,％
平均消費性向,35～39歳,2016000808,76.7,％
平均消費性向,35～39歳,2016000909,80.3,％
平均消費性向,35～39歳,2016001010,67.5,％
平均消費性向,35～39歳,2016001111,79.2,％
平均消費性向,35～39歳,2016001212,44.7,％
平均消費性向,35～39歳,2017000101,77.9,％
平均消費性向,35～39歳,2017000202,68.3,％
平均消費性向,35～39歳,2017000303,87.9,％
平均消費性向,35～39歳,2017000404,75.7,％
平均消費性向,35～39歳,2017000505,89.1,％
平均消費性向,35～39歳,2017000606,47.3,％
平均消費性向,35～39歳,2017000707,56.3,％
平均消費性向,35～39歳,2017000808,74.0,％
平均消費性向,35～39歳,2017000909,71.8,％
平均消費性向,35～39歳,2017001010,61.7,％
平均消費性向,35～39歳,2017001111,70.8,％
平均消費性向,35～39歳,2017001212,38.9,％
平均消費性向,35～39歳,2018000101,78.1,％
平均消費性向,35～39歳,2018000202,60.3,％
平均消費性向,35～39歳,2018000303,88.0,％
平均消費性向,35～39歳,2018000404,70.7,％
平均消費性向,35～39歳,2018000505,83.8,％
平均消費性向,35～39歳,2018000606,42.5,％
平均消費性向,35～39歳,2018000707,56.1,％
平均消費性向,35～39歳,2018000808,78.6,％
平均消費性向,35～39歳,2018000909,69.5,％
平均消費性向,35～39歳,2018001010,62.6,％
平均消費性向,35～39歳,2018001111,77.8,％
平均消費性向,35～39歳,2018001212,35.8,％
平均消費性向,35～39歳,2019000101,73.7,％
平均消費性向,35～39歳,2019000202,66.7,％
平均消費性向,35～39歳,2019000303,83.0,％
平均消費性向,35～39歳,2019000404,72.2,％
平均消費性向,35～39歳,2019000505,89.1,％
平均消費性向,35～39歳,2019000606,38.5,％
平均消費性向,35～39歳,2019000707,69.0,％
平均消費性向,35～39歳,2019000808,83.8,％
平均消費性向,35～39歳,2019000909,76.5,％
平均消費性向,35～39歳,2019001010,60.0,％
平均消費性向,35～39歳,2019001111,72.7,％
平均消費性向,35～39歳,2019001212,34.3,％
平均消費性向,35～39歳,2020000101,67.5,％
平均消費性向,35～39歳,2020000202,66.0,％
平均消費性向,35～39歳,2020000303,67.0,％
平均消費性向,35～39歳,2020000404,58.7,％
平均消費性向,35～39歳,2020000505,61.8,％
平均消費性向,35～39歳,2020000606,31.1,％
平均消費性向,35～39歳,2020000707,46.5,％
平均消費性向,35～39歳,2020000808,70.6,％
平均消費性向,35～39歳,2020000909,67.8,％
平均消費性向,35～39歳,2020001010,59.5,％
平均消費性向,35～39歳,2020001111,64.0,％
平均消費性向,35～39歳,2020001212,30.8,％
平均消費性向,35～39歳,2021000101,67.6,％
平均消費性向,35～39歳,2021000202,59.6,％
平均消費性向,35～39歳,2021000303,71.5,％
平均消費性向,35～39歳,2021000404,76.3,％
平均消費性向,35～39歳,2021000505,72.5,％
平均消費性向,35～39歳,2021000606,36.9,％
平均消費性向,35～39歳,2021000707,51.6,％
平均消費性向,35～39歳,2021000808,61.1,％
平均消費性向,35～39歳,2021000909,68.0,％
平均消費性向,35～39歳,2021001010,59.0,％
平均消費性向,35～39歳,2021001111,71.5,％
平均消費性向,35～39歳,2021001212,31.4,％
平均消費性向,35～39歳,2022000101,67.8,％
平均消費性向,35～39歳,2022000202,57.1,％
平均消費性向,35～39歳,2022000303,71.6,％
平均消費性向,35～39歳,2022000404,62.7,％
平均消費性向,35～39歳,2022000505,69.3,％
平均消費性向,35～39歳,2022000606,31.7,％
平均消費性向,35～39歳,2022000707,50.9,％
平均消費性向,35～39歳,2022000808,69.1,％
平均消費性向,35～39歳,2022000909,72.7,％
平均消費性向,35～39歳,2022001010,66.0,％
平均消費性向,35～39歳,2022001111,73.9,％
平均消費性向,35～39歳,2022001212,32.1,％
平均消費性向,35～39歳,2023000101,68.6,％
平均消費性向,35～39歳,2023000202,62.9,％
平均消費性向,35～39歳,2023000303,73.5,％
平均消費性向,35～39歳,2023000404,69.5,％
平均消費性向,35～39歳,2023000505,78.3,％
平均消費性向,35～39歳,2023000606,36.9,％
平均消費性向,35～39歳,2023000707,53.1,％
平均消費性向,35～39歳,2023000808,73.0,％
平均消費性向,35～39歳,2023000909,63.9,％
平均消費性向,35～39歳,2023001010,58.5,％
平均消費性向,35～39歳,2023001111,67.5,％
平均消費性向,35～39歳,2023001212,31.4,％
平均消費性向,35～39歳,2024000101,76.6,％
平均消費性向,35～39歳,2024000202,63.6,％
平均消費性向,35～39歳,2024000303,70.5,％
平均消費性向,35～39歳,2024000404,67.5,％
平均消費性向,35～39歳,2024000505,74.2,％
平均消費性向,35～39歳,2024000606,32.0,％
平均消費性向,35～39歳,2024000707,45.6,％
平均消費性向,35～39歳,2024000808,63.0,％
平均消費性向,35～39歳,2024000909,61.4,％
平均消費性向,35～39歳,2024001010,56.7,％
平均消費性向,35～39歳,2024001111,62.5,％
平均消費性向,35～39歳,2024001212,31.4,％
平均消費性向,35～39歳,2025000101,65.7,％
平均消費性向,35～39歳,2025000202,57.5,％
平均消費性向,35～39歳,2025000303,68.7,％
平均消費性向,35～39歳,2025000404,60.3,％
平均消費性向,35～39歳,2025000505,71.2,％
平均消費性向,35～39歳,2025000606,34.7,％
平均消費性向,35～39歳,2025000707,55.4,％
平均消費性向,35～39歳,2025000808,64.6,％
平均消費性向,35～39歳,2025000909,68.1,％
平均消費性向,35～39歳,2025001010,71.0,％
平均消費性向,35～39歳,2025001111,76.9,％
平均消費性向,35～39歳,2025001212,32.1,％
平均消費性向,35～39歳,2026000101,71.8,％
平均消費性向,35～39歳,2026000202,69.0,％
平均消費性向,35～39歳,2026000303,67.6,％
平均消費性向,35～39歳,2026000404,62.0,％
平均消費性向,35～39歳,2026000505,67.8,％
平均消費性向,40～44歳,2000000101,83.0,％
平均消費性向,40～44歳,2000000202,76.8,％
平均消費性向,40～44歳,2000000303,79.7,％
平均消費性向,40～44歳,2000000404,87.5,％
平均消費性向,40～44歳,2000000505,91.8,％
平均消費性向,40～44歳,2000000606,46.3,％
平均消費性向,40～44歳,2000000707,64.8,％
平均消費性向,40～44歳,2000000808,76.2,％
平均消費性向,40～44歳,2000000909,78.0,％
平均消費性向,40～44歳,2000001010,73.5,％
平均消費性向,40～44歳,2000001111,74.1,％
平均消費性向,40～44歳,2000001212,40.6,％
平均消費性向,40～44歳,2001000101,88.9,％
平均消費性向,40～44歳,2001000202,82.1,％
平均消費性向,40～44歳,2001000303,88.9,％
平均消費性向,40～44歳,2001000404,82.4,％
平均消費性向,40～44歳,2001000505,87.5,％
平均消費性向,40～44歳,2001000606,44.1,％
平均消費性向,40～44歳,2001000707,65.9,％
平均消費性向,40～44歳,2001000808,79.0,％
平均消費性向,40～44歳,2001000909,78.0,％
平均消費性向,40～44歳,2001001010,79.1,％
平均消費性向,40～44歳,2001001111,76.3,％
平均消費性向,40～44歳,2001001212,44.2,％
平均消費性向,40～44歳,2002000101,86.1,％
平均消費性向,40～44歳,2002000202,74.1,％
平均消費性向,40～44歳,2002000303,80.5,％
平均消費性向,40～44歳,2002000404,80.8,％
平均消費性向,40～44歳,2002000505,92.2,％
平均消費性向,40～44歳,2002000606,46.5,％
平均消費性向,40～44歳,2002000707,69.6,％
平均消費性向,40～44歳,2002000808,81.2,％
平均消費性向,40～44歳,2002000909,83.8,％
平均消費性向,40～44歳,2002001010,75.8,％
平均消費性向,40～44歳,2002001111,81.9,％
平均消費性向,40～44歳,2002001212,40.8,％
平均消費性向,40～44歳,2003000101,87.2,％
平均消費性向,40～44歳,2003000202,79.9,％
平均消費性向,40～44歳,2003000303,89.9,％
平均消費性向,40～44歳,2003000404,86.3,％
平均消費性向,40～44歳,2003000505,86.4,％
平均消費性向,40～44歳,2003000606,50.2,％
平均消費性向,40～44歳,2003000707,63.0,％
平均消費性向,40～44歳,2003000808,77.1,％
平均消費性向,40～44歳,2003000909,79.4,％
平均消費性向,40～44歳,2003001010,73.8,％
平均消費性向,40～44歳,2003001111,76.4,％
平均消費性向,40～44歳,2003001212,46.0,％
平均消費性向,40～44歳,2004000101,88.4,％
平均消費性向,40～44歳,2004000202,77.9,％
平均消費性向,40～44歳,2004000303,88.8,％
平均消費性向,40～44歳,2004000404,89.8,％
平均消費性向,40～44歳,2004000505,84.0,％
平均消費性向,40～44歳,2004000606,43.5,％
平均消費性向,40～44歳,2004000707,66.4,％
平均消費性向,40～44歳,2004000808,75.0,％
平均消費性向,40～44歳,2004000909,74.6,％
平均消費性向,40～44歳,2004001010,72.8,％
平均消費性向,40～44歳,2004001111,76.9,％
平均消費性向,40～44歳,2004001212,45.7,％
平均消費性向,40～44歳,2005000101,82.6,％
平均消費性向,40～44歳,2005000202,73.0,％
平均消費性向,40～44歳,2005000303,84.5,％
平均消費性向,40～44歳,2005000404,82.4,％
平均消費性向,40～44歳,2005000505,84.9,％
平均消費性向,40～44歳,2005000606,47.4,％
平均消費性向,40～44歳,2005000707,61.7,％
平均消費性向,40～44歳,2005000808,78.8,％
平均消費性向,40～44歳,2005000909,74.6,％
平均消費性向,40～44歳,2005001010,78.2,％
平均消費性向,40～44歳,2005001111,78.2,％
平均消費性向,40～44歳,2005001212,44.6,％
平均消費性向,40～44歳,2006000101,81.1,％
平均消費性向,40～44歳,2006000202,73.0,％
平均消費性向,40～44歳,2006000303,77.1,％
平均消費性向,40～44歳,2006000404,79.3,％
平均消費性向,40～44歳,2006000505,87.5,％
平均消費性向,40～44歳,2006000606,51.2,％
平均消費性向,40～44歳,2006000707,56.0,％
平均消費性向,40～44歳,2006000808,74.4,％
平均消費性向,40～44歳,2006000909,77.3,％
平均消費性向,40～44歳,2006001010,77.3,％
平均消費性向,40～44歳,2006001111,78.3,％
平均消費性向,40～44歳,2006001212,40.0,％
平均消費性向,40～44歳,2007000101,88.8,％
平均消費性向,40～44歳,2007000202,77.9,％
平均消費性向,40～44歳,2007000303,82.2,％
平均消費性向,40～44歳,2007000404,78.9,％
平均消費性向,40～44歳,2007000505,85.1,％
平均消費性向,40～44歳,2007000606,44.7,％
平均消費性向,40～44歳,2007000707,61.5,％
平均消費性向,40～44歳,2007000808,81.4,％
平均消費性向,40～44歳,2007000909,73.8,％
平均消費性向,40～44歳,2007001010,74.7,％
平均消費性向,40～44歳,2007001111,76.2,％
平均消費性向,40～44歳,2007001212,39.6,％
平均消費性向,40～44歳,2008000101,85.4,％
平均消費性向,40～44歳,2008000202,72.1,％
平均消費性向,40～44歳,2008000303,78.4,％
平均消費性向,40～44歳,2008000404,81.7,％
平均消費性向,40～44歳,2008000505,86.4,％
平均消費性向,40～44歳,2008000606,45.3,％
平均消費性向,40～44歳,2008000707,63.9,％
平均消費性向,40～44歳,2008000808,75.2,％
平均消費性向,40～44歳,2008000909,75.9,％
平均消費性向,40～44歳,2008001010,72.5,％
平均消費性向,40～44歳,2008001111,80.3,％
平均消費性向,40～44歳,2008001212,42.0,％
平均消費性向,40～44歳,2009000101,82.2,％
平均消費性向,40～44歳,2009000202,77.1,％
平均消費性向,40～44歳,2009000303,83.9,％
平均消費性向,40～44歳,2009000404,79.9,％
平均消費性向,40～44歳,2009000505,91.0,％
平均消費性向,40～44歳,2009000606,46.0,％
平均消費性向,40～44歳,2009000707,62.3,％
平均消費性向,40～44歳,2009000808,81.5,％
平均消費性向,40～44歳,2009000909,78.4,％
平均消費性向,40～44歳,2009001010,78.6,％
平均消費性向,40～44歳,2009001111,74.7,％
平均消費性向,40～44歳,2009001212,42.9,％
平均消費性向,40～44歳,2010000101,83.6,％
平均消費性向,40～44歳,2010000202,72.0,％
平均消費性向,40～44歳,2010000303,80.8,％
平均消費性向,40～44歳,2010000404,76.7,％
平均消費性向,40～44歳,2010000505,85.8,％
平均消費性向,40～44歳,2010000606,44.1,％
平均消費性向,40～44歳,2010000707,59.6,％
平均消費性向,40～44歳,2010000808,80.0,％
平均消費性向,40～44歳,2010000909,73.1,％
平均消費性向,40～44歳,2010001010,65.6,％
平均消費性向,40～44歳,2010001111,77.7,％
平均消費性向,40～44歳,2010001212,41.7,％
平均消費性向,40～44歳,2011000101,86.3,％
平均消費性向,40～44歳,2011000202,65.8,％
平均消費性向,40～44歳,2011000303,85.5,％
平均消費性向,40～44歳,2011000404,76.4,％
平均消費性向,40～44歳,2011000505,85.6,％
平均消費性向,40～44歳,2011000606,43.9,％
平均消費性向,40～44歳,2011000707,60.2,％
平均消費性向,40～44歳,2011000808,78.3,％
平均消費性向,40～44歳,2011000909,73.0,％
平均消費性向,40～44歳,2011001010,73.2,％
平均消費性向,40～44歳,2011001111,79.4,％
平均消費性向,40～44歳,2011001212,42.0,％
平均消費性向,40～44歳,2012000101,81.1,％
平均消費性向,40～44歳,2012000202,69.2,％
平均消費性向,40～44歳,2012000303,83.4,％
平均消費性向,40～44歳,2012000404,81.6,％
平均消費性向,40～44歳,2012000505,91.1,％
平均消費性向,40～44歳,2012000606,46.9,％
平均消費性向,40～44歳,2012000707,60.4,％
平均消費性向,40～44歳,2012000808,79.3,％
平均消費性向,40～44歳,2012000909,89.2,％
平均消費性向,40～44歳,2012001010,76.9,％
平均消費性向,40～44歳,2012001111,81.3,％
平均消費性向,40～44歳,2012001212,40.7,％
平均消費性向,40～44歳,2013000101,84.0,％
平均消費性向,40～44歳,2013000202,70.8,％
平均消費性向,40～44歳,2013000303,86.0,％
平均消費性向,40～44歳,2013000404,82.8,％
平均消費性向,40～44歳,2013000505,84.2,％
平均消費性向,40～44歳,2013000606,44.5,％
平均消費性向,40～44歳,2013000707,62.9,％
平均消費性向,40～44歳,2013000808,82.5,％
平均消費性向,40～44歳,2013000909,77.5,％
平均消費性向,40～44歳,2013001010,71.9,％
平均消費性向,40～44歳,2013001111,72.8,％
平均消費性向,40～44歳,2013001212,43.2,％
平均消費性向,40～44歳,2014000101,78.1,％
平均消費性向,40～44歳,2014000202,67.0,％
平均消費性向,40～44歳,2014000303,103.1,％
平均消費性向,40～44歳,2014000404,74.4,％
平均消費性向,40～44歳,2014000505,83.4,％
平均消費性向,40～44歳,2014000606,47.0,％
平均消費性向,40～44歳,2014000707,64.0,％
平均消費性向,40～44歳,2014000808,76.4,％
平均消費性向,40～44歳,2014000909,76.8,％
平均消費性向,40～44歳,2014001010,71.1,％
平均消費性向,40～44歳,2014001111,81.8,％
平均消費性向,40～44歳,2014001212,39.8,％
平均消費性向,40～44歳,2015000101,83.4,％
平均消費性向,40～44歳,2015000202,69.5,％
平均消費性向,40～44歳,2015000303,91.2,％
平均消費性向,40～44歳,2015000404,81.1,％
平均消費性向,40～44歳,2015000505,98.5,％
平均消費性向,40～44歳,2015000606,46.5,％
平均消費性向,40～44歳,2015000707,64.0,％
平均消費性向,40～44歳,2015000808,80.4,％
平均消費性向,40～44歳,2015000909,71.6,％
平均消費性向,40～44歳,2015001010,67.4,％
平均消費性向,40～44歳,2015001111,71.4,％
平均消費性向,40～44歳,2015001212,38.1,％
平均消費性向,40～44歳,2016000101,76.9,％
平均消費性向,40～44歳,2016000202,71.4,％
平均消費性向,40～44歳,2016000303,89.2,％
平均消費性向,40～44歳,2016000404,77.6,％
平均消費性向,40～44歳,2016000505,91.3,％
平均消費性向,40～44歳,2016000606,42.5,％
平均消費性向,40～44歳,2016000707,64.2,％
平均消費性向,40～44歳,2016000808,80.1,％
平均消費性向,40～44歳,2016000909,76.9,％
平均消費性向,40～44歳,2016001010,73.6,％
平均消費性向,40～44歳,2016001111,83.5,％
平均消費性向,40～44歳,2016001212,39.4,％
平均消費性向,40～44歳,2017000101,81.0,％
平均消費性向,40～44歳,2017000202,69.0,％
平均消費性向,40～44歳,2017000303,82.1,％
平均消費性向,40～44歳,2017000404,77.3,％
平均消費性向,40～44歳,2017000505,87.0,％
平均消費性向,40～44歳,2017000606,40.3,％
平均消費性向,40～44歳,2017000707,55.9,％
平均消費性向,40～44歳,2017000808,70.8,％
平均消費性向,40～44歳,2017000909,72.1,％
平均消費性向,40～44歳,2017001010,67.6,％
平均消費性向,40～44歳,2017001111,72.9,％
平均消費性向,40～44歳,2017001212,38.4,％
平均消費性向,40～44歳,2018000101,76.7,％
平均消費性向,40～44歳,2018000202,67.1,％
平均消費性向,40～44歳,2018000303,78.7,％
平均消費性向,40～44歳,2018000404,81.0,％
平均消費性向,40～44歳,2018000505,87.3,％
平均消費性向,40～44歳,2018000606,44.6,％
平均消費性向,40～44歳,2018000707,59.4,％
平均消費性向,40～44歳,2018000808,76.2,％
平均消費性向,40～44歳,2018000909,77.0,％
平均消費性向,40～44歳,2018001010,71.4,％
平均消費性向,40～44歳,2018001111,71.4,％
平均消費性向,40～44歳,2018001212,39.1,％
平均消費性向,40～44歳,2019000101,80.1,％
平均消費性向,40～44歳,2019000202,70.4,％
平均消費性向,40～44歳,2019000303,77.5,％
平均消費性向,40～44歳,2019000404,77.3,％
平均消費性向,40～44歳,2019000505,92.1,％
平均消費性向,40～44歳,2019000606,43.8,％
平均消費性向,40～44歳,2019000707,52.8,％
平均消費性向,40～44歳,2019000808,77.2,％
平均消費性向,40～44歳,2019000909,73.2,％
平均消費性向,40～44歳,2019001010,68.2,％
平均消費性向,40～44歳,2019001111,69.5,％
平均消費性向,40～44歳,2019001212,34.8,％
平均消費性向,40～44歳,2020000101,70.0,％
平均消費性向,40～44歳,2020000202,65.9,％
平均消費性向,40～44歳,2020000303,72.3,％
平均消費性向,40～44歳,2020000404,70.2,％
平均消費性向,40～44歳,2020000505,69.3,％
平均消費性向,40～44歳,2020000606,32.7,％
平均消費性向,40～44歳,2020000707,45.6,％
平均消費性向,40～44歳,2020000808,72.7,％
平均消費性向,40～44歳,2020000909,68.9,％
平均消費性向,40～44歳,2020001010,63.7,％
平均消費性向,40～44歳,2020001111,69.4,％
平均消費性向,40～44歳,2020001212,36.4,％
平均消費性向,40～44歳,2021000101,65.8,％
平均消費性向,40～44歳,2021000202,57.6,％
平均消費性向,40～44歳,2021000303,76.8,％
平均消費性向,40～44歳,2021000404,70.6,％
平均消費性向,40～44歳,2021000505,77.3,％
平均消費性向,40～44歳,2021000606,37.0,％
平均消費性向,40～44歳,2021000707,53.5,％
平均消費性向,40～44歳,2021000808,61.0,％
平均消費性向,40～44歳,2021000909,68.8,％
平均消費性向,40～44歳,2021001010,64.0,％
平均消費性向,40～44歳,2021001111,70.6,％
平均消費性向,40～44歳,2021001212,34.2,％
平均消費性向,40～44歳,2022000101,69.6,％
平均消費性向,40～44歳,2022000202,63.9,％
平均消費性向,40～44歳,2022000303,77.4,％
平均消費性向,40～44歳,2022000404,74.3,％
平均消費性向,40～44歳,2022000505,78.6,％
平均消費性向,40～44歳,2022000606,40.4,％
平均消費性向,40～44歳,2022000707,52.1,％
平均消費性向,40～44歳,2022000808,71.5,％
平均消費性向,40～44歳,2022000909,64.2,％
平均消費性向,40～44歳,2022001010,64.3,％
平均消費性向,40～44歳,2022001111,67.6,％
平均消費性向,40～44歳,2022001212,33.0,％
平均消費性向,40～44歳,2023000101,77.5,％
平均消費性向,40～44歳,2023000202,61.3,％
平均消費性向,40～44歳,2023000303,72.2,％
平均消費性向,40～44歳,2023000404,73.7,％
平均消費性向,40～44歳,2023000505,76.4,％
平均消費性向,40～44歳,2023000606,38.0,％
平均消費性向,40～44歳,2023000707,53.3,％
平均消費性向,40～44歳,2023000808,69.9,％
平均消費性向,40～44歳,2023000909,65.9,％
平均消費性向,40～44歳,2023001010,60.8,％
平均消費性向,40～44歳,2023001111,70.9,％
平均消費性向,40～44歳,2023001212,33.8,％
平均消費性向,40～44歳,2024000101,68.7,％
平均消費性向,40～44歳,2024000202,65.7,％
平均消費性向,40～44歳,2024000303,73.8,％
平均消費性向,40～44歳,2024000404,70.3,％
平均消費性向,40～44歳,2024000505,71.5,％
平均消費性向,40～44歳,2024000606,32.0,％
平均消費性向,40～44歳,2024000707,45.0,％
平均消費性向,40～44歳,2024000808,69.2,％
平均消費性向,40～44歳,2024000909,70.9,％
平均消費性向,40～44歳,2024001010,60.0,％
平均消費性向,40～44歳,2024001111,68.8,％
平均消費性向,40～44歳,2024001212,30.5,％
平均消費性向,40～44歳,2025000101,71.4,％
平均消費性向,40～44歳,2025000202,67.3,％
平均消費性向,40～44歳,2025000303,76.8,％
平均消費性向,40～44歳,2025000404,67.5,％
平均消費性向,40～44歳,2025000505,77.1,％
平均消費性向,40～44歳,2025000606,38.6,％
平均消費性向,40～44歳,2025000707,56.6,％
平均消費性向,40～44歳,2025000808,64.9,％
平均消費性向,40～44歳,2025000909,70.3,％
平均消費性向,40～44歳,2025001010,63.6,％
平均消費性向,40～44歳,2025001111,68.7,％
平均消費性向,40～44歳,2025001212,31.2,％
平均消費性向,40～44歳,2026000101,69.4,％
平均消費性向,40～44歳,2026000202,64.1,％
平均消費性向,40～44歳,2026000303,66.6,％
平均消費性向,40～44歳,2026000404,70.4,％
平均消費性向,40～44歳,2026000505,71.5,％
平均消費性向,45～49歳,2000000101,88.7,％
平均消費性向,45～49歳,2000000202,79.9,％
平均消費性向,45～49歳,2000000303,97.1,％
平均消費性向,45～49歳,2000000404,100.1,％
平均消費性向,45～49歳,2000000505,97.2,％
平均消費性向,45～49歳,2000000606,50.4,％
平均消費性向,45～49歳,2000000707,61.4,％
平均消費性向,45～49歳,2000000808,78.4,％
平均消費性向,45～49歳,2000000909,83.7,％
平均消費性向,45～49歳,2000001010,84.7,％
平均消費性向,45～49歳,2000001111,81.6,％
平均消費性向,45～49歳,2000001212,44.1,％
平均消費性向,45～49歳,2001000101,91.1,％
平均消費性向,45～49歳,2001000202,82.0,％
平均消費性向,45～49歳,2001000303,99.8,％
平均消費性向,45～49歳,2001000404,100.9,％
平均消費性向,45～49歳,2001000505,89.4,％
平均消費性向,45～49歳,2001000606,47.6,％
平均消費性向,45～49歳,2001000707,69.5,％
平均消費性向,45～49歳,2001000808,79.6,％
平均消費性向,45～49歳,2001000909,86.5,％
平均消費性向,45～49歳,2001001010,81.4,％
平均消費性向,45～49歳,2001001111,85.9,％
平均消費性向,45～49歳,2001001212,44.3,％
平均消費性向,45～49歳,2002000101,90.2,％
平均消費性向,45～49歳,2002000202,85.5,％
平均消費性向,45～49歳,2002000303,91.0,％
平均消費性向,45～49歳,2002000404,100.6,％
平均消費性向,45～49歳,2002000505,93.9,％
平均消費性向,45～49歳,2002000606,46.7,％
平均消費性向,45～49歳,2002000707,76.7,％
平均消費性向,45～49歳,2002000808,79.4,％
平均消費性向,45～49歳,2002000909,87.2,％
平均消費性向,45～49歳,2002001010,81.5,％
平均消費性向,45～49歳,2002001111,81.9,％
平均消費性向,45～49歳,2002001212,43.5,％
平均消費性向,45～49歳,2003000101,87.6,％
平均消費性向,45～49歳,2003000202,84.2,％
平均消費性向,45～49歳,2003000303,95.5,％
平均消費性向,45～49歳,2003000404,95.6,％
平均消費性向,45～49歳,2003000505,92.0,％
平均消費性向,45～49歳,2003000606,48.4,％
平均消費性向,45～49歳,2003000707,70.1,％
平均消費性向,45～49歳,2003000808,90.2,％
平均消費性向,45～49歳,2003000909,86.1,％
平均消費性向,45～49歳,2003001010,82.7,％
平均消費性向,45～49歳,2003001111,81.6,％
平均消費性向,45～49歳,2003001212,46.5,％
平均消費性向,45～49歳,2004000101,88.7,％
平均消費性向,45～49歳,2004000202,82.3,％
平均消費性向,45～49歳,2004000303,98.9,％
平均消費性向,45～49歳,2004000404,96.3,％
平均消費性向,45～49歳,2004000505,93.4,％
平均消費性向,45～49歳,2004000606,47.7,％
平均消費性向,45～49歳,2004000707,59.3,％
平均消費性向,45～49歳,2004000808,87.7,％
平均消費性向,45～49歳,2004000909,90.6,％
平均消費性向,45～49歳,2004001010,83.4,％
平均消費性向,45～49歳,2004001111,77.1,％
平均消費性向,45～49歳,2004001212,42.7,％
平均消費性向,45～49歳,2005000101,93.4,％
平均消費性向,45～49歳,2005000202,81.7,％
平均消費性向,45～49歳,2005000303,96.7,％
平均消費性向,45～49歳,2005000404,92.8,％
平均消費性向,45～49歳,2005000505,90.3,％
平均消費性向,45～49歳,2005000606,48.6,％
平均消費性向,45～49歳,2005000707,63.8,％
平均消費性向,45～49歳,2005000808,84.4,％
平均消費性向,45～49歳,2005000909,85.0,％
平均消費性向,45～49歳,2005001010,84.2,％
平均消費性向,45～49歳,2005001111,80.9,％
平均消費性向,45～49歳,2005001212,49.3,％
平均消費性向,45～49歳,2006000101,86.6,％
平均消費性向,45～49歳,2006000202,84.3,％
平均消費性向,45～49歳,2006000303,102.7,％
平均消費性向,45～49歳,2006000404,100.0,％
平均消費性向,45～49歳,2006000505,98.3,％
平均消費性向,45～49歳,2006000606,50.4,％
平均消費性向,45～49歳,2006000707,57.8,％
平均消費性向,45～49歳,2006000808,81.7,％
平均消費性向,45～49歳,2006000909,79.8,％
平均消費性向,45～49歳,2006001010,84.3,％
平均消費性向,45～49歳,2006001111,76.1,％
平均消費性向,45～49歳,2006001212,43.0,％
平均消費性向,45～49歳,2007000101,88.3,％
平均消費性向,45～49歳,2007000202,73.0,％
平均消費性向,45～49歳,2007000303,88.8,％
平均消費性向,45～49歳,2007000404,95.9,％
平均消費性向,45～49歳,2007000505,89.1,％
平均消費性向,45～49歳,2007000606,46.8,％
平均消費性向,45～49歳,2007000707,60.4,％
平均消費性向,45～49歳,2007000808,83.9,％
平均消費性向,45～49歳,2007000909,84.8,％
平均消費性向,45～49歳,2007001010,85.4,％
平均消費性向,45～49歳,2007001111,79.8,％
平均消費性向,45～49歳,2007001212,44.6,％
平均消費性向,45～49歳,2008000101,96.6,％
平均消費性向,45～49歳,2008000202,74.9,％
平均消費性向,45～49歳,2008000303,96.8,％
平均消費性向,45～49歳,2008000404,97.8,％
平均消費性向,45～49歳,2008000505,93.7,％
平均消費性向,45～49歳,2008000606,46.7,％
平均消費性向,45～49歳,2008000707,60.3,％
平均消費性向,45～49歳,2008000808,79.4,％
平均消費性向,45～49歳,2008000909,82.3,％
平均消費性向,45～49歳,2008001010,80.2,％
平均消費性向,45～49歳,2008001111,76.7,％
平均消費性向,45～49歳,2008001212,40.7,％
平均消費性向,45～49歳,2009000101,87.8,％
平均消費性向,45～49歳,2009000202,82.5,％
平均消費性向,45～49歳,2009000303,98.9,％
平均消費性向,45～49歳,2009000404,95.5,％
平均消費性向,45～49歳,2009000505,92.6,％
平均消費性向,45～49歳,2009000606,51.2,％
平均消費性向,45～49歳,2009000707,66.5,％
平均消費性向,45～49歳,2009000808,83.5,％
平均消費性向,45～49歳,2009000909,86.1,％
平均消費性向,45～49歳,2009001010,80.7,％
平均消費性向,45～49歳,2009001111,80.6,％
平均消費性向,45～49歳,2009001212,43.7,％
平均消費性向,45～49歳,2010000101,84.3,％
平均消費性向,45～49歳,2010000202,73.6,％
平均消費性向,45～49歳,2010000303,91.4,％
平均消費性向,45～49歳,2010000404,97.2,％
平均消費性向,45～49歳,2010000505,83.0,％
平均消費性向,45～49歳,2010000606,42.3,％
平均消費性向,45～49歳,2010000707,64.3,％
平均消費性向,45～49歳,2010000808,81.0,％
平均消費性向,45～49歳,2010000909,83.5,％
平均消費性向,45～49歳,2010001010,79.1,％
平均消費性向,45～49歳,2010001111,79.4,％
平均消費性向,45～49歳,2010001212,41.6,％
平均消費性向,45～49歳,2011000101,87.9,％
平均消費性向,45～49歳,2011000202,74.3,％
平均消費性向,45～49歳,2011000303,89.4,％
平均消費性向,45～49歳,2011000404,80.7,％
平均消費性向,45～49歳,2011000505,91.4,％
平均消費性向,45～49歳,2011000606,46.8,％
平均消費性向,45～49歳,2011000707,65.1,％
平均消費性向,45～49歳,2011000808,82.0,％
平均消費性向,45～49歳,2011000909,92.6,％
平均消費性向,45～49歳,2011001010,83.7,％
平均消費性向,45～49歳,2011001111,76.6,％
平均消費性向,45～49歳,2011001212,44.6,％
平均消費性向,45～49歳,2012000101,84.7,％
平均消費性向,45～49歳,2012000202,76.6,％
平均消費性向,45～49歳,2012000303,95.9,％
平均消費性向,45～49歳,2012000404,96.5,％
平均消費性向,45～49歳,2012000505,91.2,％
平均消費性向,45～49歳,2012000606,47.5,％
平均消費性向,45～49歳,2012000707,62.9,％
平均消費性向,45～49歳,2012000808,80.7,％
平均消費性向,45～49歳,2012000909,79.9,％
平均消費性向,45～49歳,2012001010,74.7,％
平均消費性向,45～49歳,2012001111,82.6,％
平均消費性向,45～49歳,2012001212,46.3,％
平均消費性向,45～49歳,2013000101,87.2,％
平均消費性向,45～49歳,2013000202,76.3,％
平均消費性向,45～49歳,2013000303,96.7,％
平均消費性向,45～49歳,2013000404,90.2,％
平均消費性向,45～49歳,2013000505,94.7,％
平均消費性向,45～49歳,2013000606,46.7,％
平均消費性向,45～49歳,2013000707,63.1,％
平均消費性向,45～49歳,2013000808,84.0,％
平均消費性向,45～49歳,2013000909,91.3,％
平均消費性向,45～49歳,2013001010,75.7,％
平均消費性向,45～49歳,2013001111,75.7,％
平均消費性向,45～49歳,2013001212,43.3,％
平均消費性向,45～49歳,2014000101,86.8,％
平均消費性向,45～49歳,2014000202,85.0,％
平均消費性向,45～49歳,2014000303,105.4,％
平均消費性向,45～49歳,2014000404,96.2,％
平均消費性向,45～49歳,2014000505,93.7,％
平均消費性向,45～49歳,2014000606,51.5,％
平均消費性向,45～49歳,2014000707,69.8,％
平均消費性向,45～49歳,2014000808,83.7,％
平均消費性向,45～49歳,2014000909,85.0,％
平均消費性向,45～49歳,2014001010,82.5,％
平均消費性向,45～49歳,2014001111,83.9,％
平均消費性向,45～49歳,2014001212,41.3,％
平均消費性向,45～49歳,2015000101,82.2,％
平均消費性向,45～49歳,2015000202,75.9,％
平均消費性向,45～49歳,2015000303,89.9,％
平均消費性向,45～49歳,2015000404,90.6,％
平均消費性向,45～49歳,2015000505,92.4,％
平均消費性向,45～49歳,2015000606,48.8,％
平均消費性向,45～49歳,2015000707,58.7,％
平均消費性向,45～49歳,2015000808,78.0,％
平均消費性向,45～49歳,2015000909,88.7,％
平均消費性向,45～49歳,2015001010,77.5,％
平均消費性向,45～49歳,2015001111,80.1,％
平均消費性向,45～49歳,2015001212,46.3,％
平均消費性向,45～49歳,2016000101,81.9,％
平均消費性向,45～49歳,2016000202,81.4,％
平均消費性向,45～49歳,2016000303,94.9,％
平均消費性向,45～49歳,2016000404,96.6,％
平均消費性向,45～49歳,2016000505,97.4,％
平均消費性向,45～49歳,2016000606,46.2,％
平均消費性向,45～49歳,2016000707,58.6,％
平均消費性向,45～49歳,2016000808,77.1,％
平均消費性向,45～49歳,2016000909,83.2,％
平均消費性向,45～49歳,2016001010,78.1,％
平均消費性向,45～49歳,2016001111,75.7,％
平均消費性向,45～49歳,2016001212,43.9,％
平均消費性向,45～49歳,2017000101,78.4,％
平均消費性向,45～49歳,2017000202,73.2,％
平均消費性向,45～49歳,2017000303,87.9,％
平均消費性向,45～49歳,2017000404,87.2,％
平均消費性向,45～49歳,2017000505,96.8,％
平均消費性向,45～49歳,2017000606,46.2,％
平均消費性向,45～49歳,2017000707,57.9,％
平均消費性向,45～49歳,2017000808,81.1,％
平均消費性向,45～49歳,2017000909,81.0,％
平均消費性向,45～49歳,2017001010,77.7,％
平均消費性向,45～49歳,2017001111,78.7,％
平均消費性向,45～49歳,2017001212,40.4,％
平均消費性向,45～49歳,2018000101,82.5,％
平均消費性向,45～49歳,2018000202,69.2,％
平均消費性向,45～49歳,2018000303,88.3,％
平均消費性向,45～49歳,2018000404,83.1,％
平均消費性向,45～49歳,2018000505,91.1,％
平均消費性向,45～49歳,2018000606,41.0,％
平均消費性向,45～49歳,2018000707,60.8,％
平均消費性向,45～49歳,2018000808,80.4,％
平均消費性向,45～49歳,2018000909,85.6,％
平均消費性向,45～49歳,2018001010,75.9,％
平均消費性向,45～49歳,2018001111,78.7,％
平均消費性向,45～49歳,2018001212,41.6,％
平均消費性向,45～49歳,2019000101,85.6,％
平均消費性向,45～49歳,2019000202,71.0,％
平均消費性向,45～49歳,2019000303,91.2,％
平均消費性向,45～49歳,2019000404,87.0,％
平均消費性向,45～49歳,2019000505,89.8,％
平均消費性向,45～49歳,2019000606,40.6,％
平均消費性向,45～49歳,2019000707,60.3,％
平均消費性向,45～49歳,2019000808,78.5,％
平均消費性向,45～49歳,2019000909,94.3,％
平均消費性向,45～49歳,2019001010,73.3,％
平均消費性向,45～49歳,2019001111,81.5,％
平均消費性向,45～49歳,2019001212,39.4,％
平均消費性向,45～49歳,2020000101,73.6,％
平均消費性向,45～49歳,2020000202,71.9,％
平均消費性向,45～49歳,2020000303,77.9,％
平均消費性向,45～49歳,2020000404,77.7,％
平均消費性向,45～49歳,2020000505,71.9,％
平均消費性向,45～49歳,2020000606,34.1,％
平均消費性向,45～49歳,2020000707,49.7,％
平均消費性向,45～49歳,2020000808,70.0,％
平均消費性向,45～49歳,2020000909,80.7,％
平均消費性向,45～49歳,2020001010,69.6,％
平均消費性向,45～49歳,2020001111,81.8,％
平均消費性向,45～49歳,2020001212,38.7,％
平均消費性向,45～49歳,2021000101,73.3,％
平均消費性向,45～49歳,2021000202,70.8,％
平均消費性向,45～49歳,2021000303,91.2,％
平均消費性向,45～49歳,2021000404,79.4,％
平均消費性向,45～49歳,2021000505,82.4,％
平均消費性向,45～49歳,2021000606,39.1,％
平均消費性向,45～49歳,2021000707,51.1,％
平均消費性向,45～49歳,2021000808,64.4,％
平均消費性向,45～49歳,2021000909,76.0,％
平均消費性向,45～49歳,2021001010,68.9,％
平均消費性向,45～49歳,2021001111,70.7,％
平均消費性向,45～49歳,2021001212,34.5,％
平均消費性向,45～49歳,2022000101,73.9,％
平均消費性向,45～49歳,2022000202,66.9,％
平均消費性向,45～49歳,2022000303,85.6,％
平均消費性向,45～49歳,2022000404,87.8,％
平均消費性向,45～49歳,2022000505,84.1,％
平均消費性向,45～49歳,2022000606,37.2,％
平均消費性向,45～49歳,2022000707,55.8,％
平均消費性向,45～49歳,2022000808,73.1,％
平均消費性向,45～49歳,2022000909,72.9,％
平均消費性向,45～49歳,2022001010,74.8,％
平均消費性向,45～49歳,2022001111,69.6,％
平均消費性向,45～49歳,2022001212,34.0,％
平均消費性向,45～49歳,2023000101,77.0,％
平均消費性向,45～49歳,2023000202,72.3,％
平均消費性向,45～49歳,2023000303,82.0,％
平均消費性向,45～49歳,2023000404,81.6,％
平均消費性向,45～49歳,2023000505,88.6,％
平均消費性向,45～49歳,2023000606,37.0,％
平均消費性向,45～49歳,2023000707,53.8,％
平均消費性向,45～49歳,2023000808,78.3,％
平均消費性向,45～49歳,2023000909,77.4,％
平均消費性向,45～49歳,2023001010,73.0,％
平均消費性向,45～49歳,2023001111,65.7,％
平均消費性向,45～49歳,2023001212,35.4,％
平均消費性向,45～49歳,2024000101,70.8,％
平均消費性向,45～49歳,2024000202,69.6,％
平均消費性向,45～49歳,2024000303,83.6,％
平均消費性向,45～49歳,2024000404,83.1,％
平均消費性向,45～49歳,2024000505,79.3,％
平均消費性向,45～49歳,2024000606,35.5,％
平均消費性向,45～49歳,2024000707,51.5,％
平均消費性向,45～49歳,2024000808,66.5,％
平均消費性向,45～49歳,2024000909,76.8,％
平均消費性向,45～49歳,2024001010,65.8,％
平均消費性向,45～49歳,2024001111,68.6,％
平均消費性向,45～49歳,2024001212,36.9,％
平均消費性向,45～49歳,2025000101,74.2,％
平均消費性向,45～49歳,2025000202,71.4,％
平均消費性向,45～49歳,2025000303,88.1,％
平均消費性向,45～49歳,2025000404,80.5,％
平均消費性向,45～49歳,2025000505,84.0,％
平均消費性向,45～49歳,2025000606,41.2,％
平均消費性向,45～49歳,2025000707,60.8,％
平均消費性向,45～49歳,2025000808,71.4,％
平均消費性向,45～49歳,2025000909,77.0,％
平均消費性向,45～49歳,2025001010,64.2,％
平均消費性向,45～49歳,2025001111,73.3,％
平均消費性向,45～49歳,2025001212,34.6,％
平均消費性向,45～49歳,2026000101,72.9,％
平均消費性向,45～49歳,2026000202,64.2,％
平均消費性向,45～49歳,2026000303,81.8,％
平均消費性向,45～49歳,2026000404,77.9,％
平均消費性向,45～49歳,2026000505,87.3,％
平均消費性向,50～54歳,2000000101,81.9,％
平均消費性向,50～54歳,2000000202,77.1,％
平均消費性向,50～54歳,2000000303,87.9,％
平均消費性向,50～54歳,2000000404,103.5,％
平均消費性向,50～54歳,2000000505,89.7,％
平均消費性向,50～54歳,2000000606,44.7,％
平均消費性向,50～54歳,2000000707,60.9,％
平均消費性向,50～54歳,2000000808,84.3,％
平均消費性向,50～54歳,2000000909,94.1,％
平均消費性向,50～54歳,2000001010,90.5,％
平均消費性向,50～54歳,2000001111,82.3,％
平均消費性向,50～54歳,2000001212,48.5,％
平均消費性向,50～54歳,2001000101,93.4,％
平均消費性向,50～54歳,2001000202,85.6,％
平均消費性向,50～54歳,2001000303,99.8,％
平均消費性向,50～54歳,2001000404,97.7,％
平均消費性向,50～54歳,2001000505,88.7,％
平均消費性向,50～54歳,2001000606,45.5,％
平均消費性向,50～54歳,2001000707,61.5,％
平均消費性向,50～54歳,2001000808,81.1,％
平均消費性向,50～54歳,2001000909,90.9,％
平均消費性向,50～54歳,2001001010,89.5,％
平均消費性向,50～54歳,2001001111,78.5,％
平均消費性向,50～54歳,2001001212,43.7,％
平均消費性向,50～54歳,2002000101,90.7,％
平均消費性向,50～54歳,2002000202,80.3,％
平均消費性向,50～54歳,2002000303,88.2,％
平均消費性向,50～54歳,2002000404,101.1,％
平均消費性向,50～54歳,2002000505,88.4,％
平均消費性向,50～54歳,2002000606,45.4,％
平均消費性向,50～54歳,2002000707,67.5,％
平均消費性向,50～54歳,2002000808,83.6,％
平均消費性向,50～54歳,2002000909,94.6,％
平均消費性向,50～54歳,2002001010,91.7,％
平均消費性向,50～54歳,2002001111,81.6,％
平均消費性向,50～54歳,2002001212,45.3,％
平均消費性向,50～54歳,2003000101,87.6,％
平均消費性向,50～54歳,2003000202,80.0,％
平均消費性向,50～54歳,2003000303,104.6,％
平均消費性向,50～54歳,2003000404,104.9,％
平均消費性向,50～54歳,2003000505,88.9,％
平均消費性向,50～54歳,2003000606,52.1,％
平均消費性向,50～54歳,2003000707,71.6,％
平均消費性向,50～54歳,2003000808,89.6,％
平均消費性向,50～54歳,2003000909,91.8,％
平均消費性向,50～54歳,2003001010,91.8,％
平均消費性向,50～54歳,2003001111,83.2,％
平均消費性向,50～54歳,2003001212,42.9,％
平均消費性向,50～54歳,2004000101,85.4,％
平均消費性向,50～54歳,2004000202,89.5,％
平均消費性向,50～54歳,2004000303,97.9,％
平均消費性向,50～54歳,2004000404,106.7,％
平均消費性向,50～54歳,2004000505,91.8,％
平均消費性向,50～54歳,2004000606,50.3,％
平均消費性向,50～54歳,2004000707,67.9,％
平均消費性向,50～54歳,2004000808,87.2,％
平均消費性向,50～54歳,2004000909,93.2,％
平均消費性向,50～54歳,2004001010,89.6,％
平均消費性向,50～54歳,2004001111,78.7,％
平均消費性向,50～54歳,2004001212,48.5,％
平均消費性向,50～54歳,2005000101,87.3,％
平均消費性向,50～54歳,2005000202,76.2,％
平均消費性向,50～54歳,2005000303,99.8,％
平均消費性向,50～54歳,2005000404,94.7,％
平均消費性向,50～54歳,2005000505,88.3,％
平均消費性向,50～54歳,2005000606,54.9,％
平均消費性向,50～54歳,2005000707,62.9,％
平均消費性向,50～54歳,2005000808,88.8,％
平均消費性向,50～54歳,2005000909,93.4,％
平均消費性向,50～54歳,2005001010,88.5,％
平均消費性向,50～54歳,2005001111,85.8,％
平均消費性向,50～54歳,2005001212,46.8,％
平均消費性向,50～54歳,2006000101,83.0,％
平均消費性向,50～54歳,2006000202,80.1,％
平均消費性向,50～54歳,2006000303,101.4,％
平均消費性向,50～54歳,2006000404,96.0,％
平均消費性向,50～54歳,2006000505,84.0,％
平均消費性向,50～54歳,2006000606,48.8,％
平均消費性向,50～54歳,2006000707,56.9,％
平均消費性向,50～54歳,2006000808,73.9,％
平均消費性向,50～54歳,2006000909,81.9,％
平均消費性向,50～54歳,2006001010,89.6,％
平均消費性向,50～54歳,2006001111,79.1,％
平均消費性向,50～54歳,2006001212,44.5,％
平均消費性向,50～54歳,2007000101,93.6,％
平均消費性向,50～54歳,2007000202,79.2,％
平均消費性向,50～54歳,2007000303,98.0,％
平均消費性向,50～54歳,2007000404,107.6,％
平均消費性向,50～54歳,2007000505,90.7,％
平均消費性向,50～54歳,2007000606,44.1,％
平均消費性向,50～54歳,2007000707,58.8,％
平均消費性向,50～54歳,2007000808,84.0,％
平均消費性向,50～54歳,2007000909,89.7,％
平均消費性向,50～54歳,2007001010,89.2,％
平均消費性向,50～54歳,2007001111,82.0,％
平均消費性向,50～54歳,2007001212,41.7,％
平均消費性向,50～54歳,2008000101,94.3,％
平均消費性向,50～54歳,2008000202,80.1,％
平均消費性向,50～54歳,2008000303,92.2,％
平均消費性向,50～54歳,2008000404,109.8,％
平均消費性向,50～54歳,2008000505,91.8,％
平均消費性向,50～54歳,2008000606,47.1,％
平均消費性向,50～54歳,2008000707,67.2,％
平均消費性向,50～54歳,2008000808,79.6,％
平均消費性向,50～54歳,2008000909,87.2,％
平均消費性向,50～54歳,2008001010,89.6,％
平均消費性向,50～54歳,2008001111,79.3,％
平均消費性向,50～54歳,2008001212,40.2,％
平均消費性向,50～54歳,2009000101,85.9,％
平均消費性向,50～54歳,2009000202,75.8,％
平均消費性向,50～54歳,2009000303,97.1,％
平均消費性向,50～54歳,2009000404,104.8,％
平均消費性向,50～54歳,2009000505,91.7,％
平均消費性向,50～54歳,2009000606,54.9,％
平均消費性向,50～54歳,2009000707,64.0,％
平均消費性向,50～54歳,2009000808,81.6,％
平均消費性向,50～54歳,2009000909,89.3,％
平均消費性向,50～54歳,2009001010,84.1,％
平均消費性向,50～54歳,2009001111,82.4,％
平均消費性向,50～54歳,2009001212,42.5,％
平均消費性向,50～54歳,2010000101,81.1,％
平均消費性向,50～54歳,2010000202,72.9,％
平均消費性向,50～54歳,2010000303,109.1,％
平均消費性向,50～54歳,2010000404,107.8,％
平均消費性向,50～54歳,2010000505,98.0,％
平均消費性向,50～54歳,2010000606,46.6,％
平均消費性向,50～54歳,2010000707,64.9,％
平均消費性向,50～54歳,2010000808,84.4,％
平均消費性向,50～54歳,2010000909,89.6,％
平均消費性向,50～54歳,2010001010,89.0,％
平均消費性向,50～54歳,2010001111,82.9,％
平均消費性向,50～54歳,2010001212,43.9,％
平均消費性向,50～54歳,2011000101,85.5,％
平均消費性向,50～54歳,2011000202,79.6,％
平均消費性向,50～54歳,2011000303,89.4,％
平均消費性向,50～54歳,2011000404,117.4,％
平均消費性向,50～54歳,2011000505,100.3,％
平均消費性向,50～54歳,2011000606,52.6,％
平均消費性向,50～54歳,2011000707,60.7,％
平均消費性向,50～54歳,2011000808,77.5,％
平均消費性向,50～54歳,2011000909,86.3,％
平均消費性向,50～54歳,2011001010,85.4,％
平均消費性向,50～54歳,2011001111,82.4,％
平均消費性向,50～54歳,2011001212,42.6,％
平均消費性向,50～54歳,2012000101,84.8,％
平均消費性向,50～54歳,2012000202,77.1,％
平均消費性向,50～54歳,2012000303,97.0,％
平均消費性向,50～54歳,2012000404,103.2,％
平均消費性向,50～54歳,2012000505,96.1,％
平均消費性向,50～54歳,2012000606,49.9,％
平均消費性向,50～54歳,2012000707,58.1,％
平均消費性向,50～54歳,2012000808,77.4,％
平均消費性向,50～54歳,2012000909,88.1,％
平均消費性向,50～54歳,2012001010,85.1,％
平均消費性向,50～54歳,2012001111,81.1,％
平均消費性向,50～54歳,2012001212,44.8,％
平均消費性向,50～54歳,2013000101,88.7,％
平均消費性向,50～54歳,2013000202,78.5,％
平均消費性向,50～54歳,2013000303,97.5,％
平均消費性向,50～54歳,2013000404,95.6,％
平均消費性向,50～54歳,2013000505,91.0,％
平均消費性向,50～54歳,2013000606,50.6,％
平均消費性向,50～54歳,2013000707,60.6,％
平均消費性向,50～54歳,2013000808,79.8,％
平均消費性向,50～54歳,2013000909,91.8,％
平均消費性向,50～54歳,2013001010,93.7,％
平均消費性向,50～54歳,2013001111,88.6,％
平均消費性向,50～54歳,2013001212,44.5,％
平均消費性向,50～54歳,2014000101,95.6,％
平均消費性向,50～54歳,2014000202,78.1,％
平均消費性向,50～54歳,2014000303,100.9,％
平均消費性向,50～54歳,2014000404,105.3,％
平均消費性向,50～54歳,2014000505,84.2,％
平均消費性向,50～54歳,2014000606,44.7,％
平均消費性向,50～54歳,2014000707,60.4,％
平均消費性向,50～54歳,2014000808,76.7,％
平均消費性向,50～54歳,2014000909,82.9,％
平均消費性向,50～54歳,2014001010,81.4,％
平均消費性向,50～54歳,2014001111,78.4,％
平均消費性向,50～54歳,2014001212,40.9,％
平均消費性向,50～54歳,2015000101,88.0,％
平均消費性向,50～54歳,2015000202,75.5,％
平均消費性向,50～54歳,2015000303,99.1,％
平均消費性向,50～54歳,2015000404,95.4,％
平均消費性向,50～54歳,2015000505,93.0,％
平均消費性向,50～54歳,2015000606,44.9,％
平均消費性向,50～54歳,2015000707,61.2,％
平均消費性向,50～54歳,2015000808,87.6,％
平均消費性向,50～54歳,2015000909,90.3,％
平均消費性向,50～54歳,2015001010,93.6,％
平均消費性向,50～54歳,2015001111,91.7,％
平均消費性向,50～54歳,2015001212,43.8,％
平均消費性向,50～54歳,2016000101,85.9,％
平均消費性向,50～54歳,2016000202,78.5,％
平均消費性向,50～54歳,2016000303,91.5,％
平均消費性向,50～54歳,2016000404,104.9,％
平均消費性向,50～54歳,2016000505,96.1,％
平均消費性向,50～54歳,2016000606,42.0,％
平均消費性向,50～54歳,2016000707,58.5,％
平均消費性向,50～54歳,2016000808,75.1,％
平均消費性向,50～54歳,2016000909,81.1,％
平均消費性向,50～54歳,2016001010,82.6,％
平均消費性向,50～54歳,2016001111,76.7,％
平均消費性向,50～54歳,2016001212,44.6,％
平均消費性向,50～54歳,2017000101,85.1,％
平均消費性向,50～54歳,2017000202,86.7,％
平均消費性向,50～54歳,2017000303,98.9,％
平均消費性向,50～54歳,2017000404,113.0,％
平均消費性向,50～54歳,2017000505,99.7,％
平均消費性向,50～54歳,2017000606,55.0,％
平均消費性向,50～54歳,2017000707,62.1,％
平均消費性向,50～54歳,2017000808,74.7,％
平均消費性向,50～54歳,2017000909,76.8,％
平均消費性向,50～54歳,2017001010,86.4,％
平均消費性向,50～54歳,2017001111,81.0,％
平均消費性向,50～54歳,2017001212,43.4,％
平均消費性向,50～54歳,2018000101,83.2,％
平均消費性向,50～54歳,2018000202,68.4,％
平均消費性向,50～54歳,2018000303,86.7,％
平均消費性向,50～54歳,2018000404,96.5,％
平均消費性向,50～54歳,2018000505,92.6,％
平均消費性向,50～54歳,2018000606,41.7,％
平均消費性向,50～54歳,2018000707,61.3,％
平均消費性向,50～54歳,2018000808,78.4,％
平均消費性向,50～54歳,2018000909,80.2,％
平均消費性向,50～54歳,2018001010,84.1,％
平均消費性向,50～54歳,2018001111,81.5,％
平均消費性向,50～54歳,2018001212,38.2,％
平均消費性向,50～54歳,2019000101,83.1,％
平均消費性向,50～54歳,2019000202,69.2,％
平均消費性向,50～54歳,2019000303,88.6,％
平均消費性向,50～54歳,2019000404,88.9,％
平均消費性向,50～54歳,2019000505,95.9,％
平均消費性向,50～54歳,2019000606,39.7,％
平均消費性向,50～54歳,2019000707,59.9,％
平均消費性向,50～54歳,2019000808,74.4,％
平均消費性向,50～54歳,2019000909,89.8,％
平均消費性向,50～54歳,2019001010,76.0,％
平均消費性向,50～54歳,2019001111,71.2,％
平均消費性向,50～54歳,2019001212,35.0,％
平均消費性向,50～54歳,2020000101,82.9,％
平均消費性向,50～54歳,2020000202,79.0,％
平均消費性向,50～54歳,2020000303,79.9,％
平均消費性向,50～54歳,2020000404,84.9,％
平均消費性向,50～54歳,2020000505,73.0,％
平均消費性向,50～54歳,2020000606,33.1,％
平均消費性向,50～54歳,2020000707,48.3,％
平均消費性向,50～54歳,2020000808,72.7,％
平均消費性向,50～54歳,2020000909,76.9,％
平均消費性向,50～54歳,2020001010,72.4,％
平均消費性向,50～54歳,2020001111,77.6,％
平均消費性向,50～54歳,2020001212,36.1,％
平均消費性向,50～54歳,2021000101,80.3,％
平均消費性向,50～54歳,2021000202,71.2,％
平均消費性向,50～54歳,2021000303,91.6,％
平均消費性向,50～54歳,2021000404,86.8,％
平均消費性向,50～54歳,2021000505,86.6,％
平均消費性向,50～54歳,2021000606,35.8,％
平均消費性向,50～54歳,2021000707,52.9,％
平均消費性向,50～54歳,2021000808,66.6,％
平均消費性向,50～54歳,2021000909,80.8,％
平均消費性向,50～54歳,2021001010,79.3,％
平均消費性向,50～54歳,2021001111,73.6,％
平均消費性向,50～54歳,2021001212,34.4,％
平均消費性向,50～54歳,2022000101,79.8,％
平均消費性向,50～54歳,2022000202,70.7,％
平均消費性向,50～54歳,2022000303,81.5,％
平均消費性向,50～54歳,2022000404,93.9,％
平均消費性向,50～54歳,2022000505,91.0,％
平均消費性向,50～54歳,2022000606,40.0,％
平均消費性向,50～54歳,2022000707,54.4,％
平均消費性向,50～54歳,2022000808,72.3,％
平均消費性向,50～54歳,2022000909,85.2,％
平均消費性向,50～54歳,2022001010,83.2,％
平均消費性向,50～54歳,2022001111,77.2,％
平均消費性向,50～54歳,2022001212,37.7,％
平均消費性向,50～54歳,2023000101,81.6,％
平均消費性向,50～54歳,2023000202,72.1,％
平均消費性向,50～54歳,2023000303,93.4,％
平均消費性向,50～54歳,2023000404,90.4,％
平均消費性向,50～54歳,2023000505,89.8,％
平均消費性向,50～54歳,2023000606,39.1,％
平均消費性向,50～54歳,2023000707,56.8,％
平均消費性向,50～54歳,2023000808,70.3,％
平均消費性向,50～54歳,2023000909,81.1,％
平均消費性向,50～54歳,2023001010,78.8,％
平均消費性向,50～54歳,2023001111,68.9,％
平均消費性向,50～54歳,2023001212,39.6,％
平均消費性向,50～54歳,2024000101,74.4,％
平均消費性向,50～54歳,2024000202,71.7,％
平均消費性向,50～54歳,2024000303,94.6,％
平均消費性向,50～54歳,2024000404,88.7,％
平均消費性向,50～54歳,2024000505,88.1,％
平均消費性向,50～54歳,2024000606,35.8,％
平均消費性向,50～54歳,2024000707,54.1,％
平均消費性向,50～54歳,2024000808,70.5,％
平均消費性向,50～54歳,2024000909,78.1,％
平均消費性向,50～54歳,2024001010,85.4,％
平均消費性向,50～54歳,2024001111,71.9,％
平均消費性向,50～54歳,2024001212,37.6,％
平均消費性向,50～54歳,2025000101,79.8,％
平均消費性向,50～54歳,2025000202,70.5,％
平均消費性向,50～54歳,2025000303,95.5,％
平均消費性向,50～54歳,2025000404,95.3,％
平均消費性向,50～54歳,2025000505,90.4,％
平均消費性向,50～54歳,2025000606,42.7,％
平均消費性向,50～54歳,2025000707,51.5,％
平均消費性向,50～54歳,2025000808,75.2,％
平均消費性向,50～54歳,2025000909,85.1,％
平均消費性向,50～54歳,2025001010,71.4,％
平均消費性向,50～54歳,2025001111,80.1,％
平均消費性向,50～54歳,2025001212,35.5,％
平均消費性向,50～54歳,2026000101,74.5,％
平均消費性向,50～54歳,2026000202,67.1,％
平均消費性向,50～54歳,2026000303,81.4,％
平均消費性向,50～54歳,2026000404,87.2,％
平均消費性向,50～54歳,2026000505,88.3,％
平均消費性向,55～59歳,2000000101,85.6,％
平均消費性向,55～59歳,2000000202,80.5,％
平均消費性向,55～59歳,2000000303,86.6,％
平均消費性向,55～59歳,2000000404,79.2,％
平均消費性向,55～59歳,2000000505,98.0,％
平均消費性向,55～59歳,2000000606,46.6,％
平均消費性向,55～59歳,2000000707,62.0,％
平均消費性向,55～59歳,2000000808,83.6,％
平均消費性向,55～59歳,2000000909,84.0,％
平均消費性向,55～59歳,2000001010,84.2,％
平均消費性向,55～59歳,2000001111,82.2,％
平均消費性向,55～59歳,2000001212,45.3,％
平均消費性向,55～59歳,2001000101,80.7,％
平均消費性向,55～59歳,2001000202,85.8,％
平均消費性向,55～59歳,2001000303,83.4,％
平均消費性向,55～59歳,2001000404,81.0,％
平均消費性向,55～59歳,2001000505,98.8,％
平均消費性向,55～59歳,2001000606,48.8,％
平均消費性向,55～59歳,2001000707,64.4,％
平均消費性向,55～59歳,2001000808,79.6,％
平均消費性向,55～59歳,2001000909,80.7,％
平均消費性向,55～59歳,2001001010,83.7,％
平均消費性向,55～59歳,2001001111,78.3,％
平均消費性向,55～59歳,2001001212,44.7,％
平均消費性向,55～59歳,2002000101,77.6,％
平均消費性向,55～59歳,2002000202,76.2,％
平均消費性向,55～59歳,2002000303,85.5,％
平均消費性向,55～59歳,2002000404,90.4,％
平均消費性向,55～59歳,2002000505,91.3,％
平均消費性向,55～59歳,2002000606,53.3,％
平均消費性向,55～59歳,2002000707,64.4,％
平均消費性向,55～59歳,2002000808,83.0,％
平均消費性向,55～59歳,2002000909,89.2,％
平均消費性向,55～59歳,2002001010,89.2,％
平均消費性向,55～59歳,2002001111,79.1,％
平均消費性向,55～59歳,2002001212,47.5,％
平均消費性向,55～59歳,2003000101,83.1,％
平均消費性向,55～59歳,2003000202,83.2,％
平均消費性向,55～59歳,2003000303,79.5,％
平均消費性向,55～59歳,2003000404,89.2,％
平均消費性向,55～59歳,2003000505,88.0,％
平均消費性向,55～59歳,2003000606,52.8,％
平均消費性向,55～59歳,2003000707,63.8,％
平均消費性向,55～59歳,2003000808,83.4,％
平均消費性向,55～59歳,2003000909,89.7,％
平均消費性向,55～59歳,2003001010,86.5,％
平均消費性向,55～59歳,2003001111,81.1,％
平均消費性向,55～59歳,2003001212,52.3,％
平均消費性向,55～59歳,2004000101,83.8,％
平均消費性向,55～59歳,2004000202,76.3,％
平均消費性向,55～59歳,2004000303,85.9,％
平均消費性向,55～59歳,2004000404,97.1,％
平均消費性向,55～59歳,2004000505,92.0,％
平均消費性向,55～59歳,2004000606,54.0,％
平均消費性向,55～59歳,2004000707,65.7,％
平均消費性向,55～59歳,2004000808,81.3,％
平均消費性向,55～59歳,2004000909,83.2,％
平均消費性向,55～59歳,2004001010,88.8,％
平均消費性向,55～59歳,2004001111,86.5,％
平均消費性向,55～59歳,2004001212,47.9,％
平均消費性向,55～59歳,2005000101,85.0,％
平均消費性向,55～59歳,2005000202,80.0,％
平均消費性向,55～59歳,2005000303,93.7,％
平均消費性向,55～59歳,2005000404,85.3,％
平均消費性向,55～59歳,2005000505,96.6,％
平均消費性向,55～59歳,2005000606,52.8,％
平均消費性向,55～59歳,2005000707,65.2,％
平均消費性向,55～59歳,2005000808,89.0,％
平均消費性向,55～59歳,2005000909,83.8,％
平均消費性向,55～59歳,2005001010,87.7,％
平均消費性向,55～59歳,2005001111,84.3,％
平均消費性向,55～59歳,2005001212,48.9,％
平均消費性向,55～59歳,2006000101,84.4,％
平均消費性向,55～59歳,2006000202,77.4,％
平均消費性向,55～59歳,2006000303,91.6,％
平均消費性向,55～59歳,2006000404,75.2,％
平均消費性向,55～59歳,2006000505,93.0,％
平均消費性向,55～59歳,2006000606,57.3,％
平均消費性向,55～59歳,2006000707,58.7,％
平均消費性向,55～59歳,2006000808,82.2,％
平均消費性向,55～59歳,2006000909,83.8,％
平均消費性向,55～59歳,2006001010,82.4,％
平均消費性向,55～59歳,2006001111,84.8,％
平均消費性向,55～59歳,2006001212,44.8,％
平均消費性向,55～59歳,2007000101,86.6,％
平均消費性向,55～59歳,2007000202,73.0,％
平均消費性向,55～59歳,2007000303,88.2,％
平均消費性向,55～59歳,2007000404,91.7,％
平均消費性向,55～59歳,2007000505,101.6,％
平均消費性向,55～59歳,2007000606,48.3,％
平均消費性向,55～59歳,2007000707,66.7,％
平均消費性向,55～59歳,2007000808,92.7,％
平均消費性向,55～59歳,2007000909,85.6,％
平均消費性向,55～59歳,2007001010,90.2,％
平均消費性向,55～59歳,2007001111,78.9,％
平均消費性向,55～59歳,2007001212,48.1,％
平均消費性向,55～59歳,2008000101,83.9,％
平均消費性向,55～59歳,2008000202,75.1,％
平均消費性向,55～59歳,2008000303,87.0,％
平均消費性向,55～59歳,2008000404,94.2,％
平均消費性向,55～59歳,2008000505,86.3,％
平均消費性向,55～59歳,2008000606,53.9,％
平均消費性向,55～59歳,2008000707,64.6,％
平均消費性向,55～59歳,2008000808,77.5,％
平均消費性向,55～59歳,2008000909,86.6,％
平均消費性向,55～59歳,2008001010,80.0,％
平均消費性向,55～59歳,2008001111,85.3,％
平均消費性向,55～59歳,2008001212,45.8,％
平均消費性向,55～59歳,2009000101,85.6,％
平均消費性向,55～59歳,2009000202,75.2,％
平均消費性向,55～59歳,2009000303,93.2,％
平均消費性向,55～59歳,2009000404,106.1,％
平均消費性向,55～59歳,2009000505,92.3,％
平均消費性向,55～59歳,2009000606,54.6,％
平均消費性向,55～59歳,2009000707,62.7,％
平均消費性向,55～59歳,2009000808,81.2,％
平均消費性向,55～59歳,2009000909,81.5,％
平均消費性向,55～59歳,2009001010,80.6,％
平均消費性向,55～59歳,2009001111,84.0,％
平均消費性向,55～59歳,2009001212,50.6,％
平均消費性向,55～59歳,2010000101,99.9,％
平均消費性向,55～59歳,2010000202,79.1,％
平均消費性向,55～59歳,2010000303,103.9,％
平均消費性向,55～59歳,2010000404,90.4,％
平均消費性向,55～59歳,2010000505,95.4,％
平均消費性向,55～59歳,2010000606,52.7,％
平均消費性向,55～59歳,2010000707,72.5,％
平均消費性向,55～59歳,2010000808,82.0,％
平均消費性向,55～59歳,2010000909,86.7,％
平均消費性向,55～59歳,2010001010,88.2,％
平均消費性向,55～59歳,2010001111,87.3,％
平均消費性向,55～59歳,2010001212,45.5,％
平均消費性向,55～59歳,2011000101,98.5,％
平均消費性向,55～59歳,2011000202,74.2,％
平均消費性向,55～59歳,2011000303,83.7,％
平均消費性向,55～59歳,2011000404,94.8,％
平均消費性向,55～59歳,2011000505,95.4,％
平均消費性向,55～59歳,2011000606,52.2,％
平均消費性向,55～59歳,2011000707,64.4,％
平均消費性向,55～59歳,2011000808,83.5,％
平均消費性向,55～59歳,2011000909,81.8,％
平均消費性向,55～59歳,2011001010,78.6,％
平均消費性向,55～59歳,2011001111,77.6,％
平均消費性向,55～59歳,2011001212,42.1,％
平均消費性向,55～59歳,2012000101,80.9,％
平均消費性向,55～59歳,2012000202,72.3,％
平均消費性向,55～59歳,2012000303,86.4,％
平均消費性向,55～59歳,2012000404,91.9,％
平均消費性向,55～59歳,2012000505,101.4,％
平均消費性向,55～59歳,2012000606,47.8,％
平均消費性向,55～59歳,2012000707,72.1,％
平均消費性向,55～59歳,2012000808,89.2,％
平均消費性向,55～59歳,2012000909,83.2,％
平均消費性向,55～59歳,2012001010,94.9,％
平均消費性向,55～59歳,2012001111,78.6,％
平均消費性向,55～59歳,2012001212,47.2,％
平均消費性向,55～59歳,2013000101,86.6,％
平均消費性向,55～59歳,2013000202,78.4,％
平均消費性向,55～59歳,2013000303,96.4,％
平均消費性向,55～59歳,2013000404,90.3,％
平均消費性向,55～59歳,2013000505,93.2,％
平均消費性向,55～59歳,2013000606,48.2,％
平均消費性向,55～59歳,2013000707,66.1,％
平均消費性向,55～59歳,2013000808,88.5,％
平均消費性向,55～59歳,2013000909,89.7,％
平均消費性向,55～59歳,2013001010,84.2,％
平均消費性向,55～59歳,2013001111,91.8,％
平均消費性向,55～59歳,2013001212,49.6,％
平均消費性向,55～59歳,2014000101,86.4,％
平均消費性向,55～59歳,2014000202,70.7,％
平均消費性向,55～59歳,2014000303,116.1,％
平均消費性向,55～59歳,2014000404,104.2,％
平均消費性向,55～59歳,2014000505,92.6,％
平均消費性向,55～59歳,2014000606,53.3,％
平均消費性向,55～59歳,2014000707,73.0,％
平均消費性向,55～59歳,2014000808,88.5,％
平均消費性向,55～59歳,2014000909,92.5,％
平均消費性向,55～59歳,2014001010,87.1,％
平均消費性向,55～59歳,2014001111,81.1,％
平均消費性向,55～59歳,2014001212,48.8,％
平均消費性向,55～59歳,2015000101,82.9,％
平均消費性向,55～59歳,2015000202,71.3,％
平均消費性向,55～59歳,2015000303,96.3,％
平均消費性向,55～59歳,2015000404,94.3,％
平均消費性向,55～59歳,2015000505,90.3,％
平均消費性向,55～59歳,2015000606,48.2,％
平均消費性向,55～59歳,2015000707,64.2,％
平均消費性向,55～59歳,2015000808,83.2,％
平均消費性向,55～59歳,2015000909,93.0,％
平均消費性向,55～59歳,2015001010,85.2,％
平均消費性向,55～59歳,2015001111,83.4,％
平均消費性向,55～59歳,2015001212,40.9,％
平均消費性向,55～59歳,2016000101,91.7,％
平均消費性向,55～59歳,2016000202,82.6,％
平均消費性向,55～59歳,2016000303,87.5,％
平均消費性向,55～59歳,2016000404,99.5,％
平均消費性向,55～59歳,2016000505,98.5,％
平均消費性向,55～59歳,2016000606,47.4,％
平均消費性向,55～59歳,2016000707,62.2,％
平均消費性向,55～59歳,2016000808,82.6,％
平均消費性向,55～59歳,2016000909,84.2,％
平均消費性向,55～59歳,2016001010,77.0,％
平均消費性向,55～59歳,2016001111,81.3,％
平均消費性向,55～59歳,2016001212,40.0,％
平均消費性向,55～59歳,2017000101,87.0,％
平均消費性向,55～59歳,2017000202,75.9,％
平均消費性向,55～59歳,2017000303,94.1,％
平均消費性向,55～59歳,2017000404,96.5,％
平均消費性向,55～59歳,2017000505,110.7,％
平均消費性向,55～59歳,2017000606,51.2,％
平均消費性向,55～59歳,2017000707,59.6,％
平均消費性向,55～59歳,2017000808,81.5,％
平均消費性向,55～59歳,2017000909,79.4,％
平均消費性向,55～59歳,2017001010,84.5,％
平均消費性向,55～59歳,2017001111,84.3,％
平均消費性向,55～59歳,2017001212,44.9,％
平均消費性向,55～59歳,2018000101,91.4,％
平均消費性向,55～59歳,2018000202,79.6,％
平均消費性向,55～59歳,2018000303,89.5,％
平均消費性向,55～59歳,2018000404,90.3,％
平均消費性向,55～59歳,2018000505,91.2,％
平均消費性向,55～59歳,2018000606,40.8,％
平均消費性向,55～59歳,2018000707,56.7,％
平均消費性向,55～59歳,2018000808,78.7,％
平均消費性向,55～59歳,2018000909,79.7,％
平均消費性向,55～59歳,2018001010,81.0,％
平均消費性向,55～59歳,2018001111,75.3,％
平均消費性向,55～59歳,2018001212,37.8,％
平均消費性向,55～59歳,2019000101,83.9,％
平均消費性向,55～59歳,2019000202,75.7,％
平均消費性向,55～59歳,2019000303,87.2,％
平均消費性向,55～59歳,2019000404,83.4,％
平均消費性向,55～59歳,2019000505,95.2,％
平均消費性向,55～59歳,2019000606,40.5,％
平均消費性向,55～59歳,2019000707,58.0,％
平均消費性向,55～59歳,2019000808,75.4,％
平均消費性向,55～59歳,2019000909,88.6,％
平均消費性向,55～59歳,2019001010,80.6,％
平均消費性向,55～59歳,2019001111,69.1,％
平均消費性向,55～59歳,2019001212,40.1,％
平均消費性向,55～59歳,2020000101,72.2,％
平均消費性向,55～59歳,2020000202,64.7,％
平均消費性向,55～59歳,2020000303,80.9,％
平均消費性向,55～59歳,2020000404,78.7,％
平均消費性向,55～59歳,2020000505,66.0,％
平均消費性向,55～59歳,2020000606,35.9,％
平均消費性向,55～59歳,2020000707,46.2,％
平均消費性向,55～59歳,2020000808,74.1,％
平均消費性向,55～59歳,2020000909,72.6,％
平均消費性向,55～59歳,2020001010,83.7,％
平均消費性向,55～59歳,2020001111,71.2,％
平均消費性向,55～59歳,2020001212,35.4,％
平均消費性向,55～59歳,2021000101,73.8,％
平均消費性向,55～59歳,2021000202,67.3,％
平均消費性向,55～59歳,2021000303,88.5,％
平均消費性向,55～59歳,2021000404,87.8,％
平均消費性向,55～59歳,2021000505,79.3,％
平均消費性向,55～59歳,2021000606,34.0,％
平均消費性向,55～59歳,2021000707,51.7,％
平均消費性向,55～59歳,2021000808,67.3,％
平均消費性向,55～59歳,2021000909,70.1,％
平均消費性向,55～59歳,2021001010,85.2,％
平均消費性向,55～59歳,2021001111,69.7,％
平均消費性向,55～59歳,2021001212,38.9,％
平均消費性向,55～59歳,2022000101,71.7,％
平均消費性向,55～59歳,2022000202,64.8,％
平均消費性向,55～59歳,2022000303,79.6,％
平均消費性向,55～59歳,2022000404,87.5,％
平均消費性向,55～59歳,2022000505,89.8,％
平均消費性向,55～59歳,2022000606,40.5,％
平均消費性向,55～59歳,2022000707,65.1,％
平均消費性向,55～59歳,2022000808,77.9,％
平均消費性向,55～59歳,2022000909,76.2,％
平均消費性向,55～59歳,2022001010,75.7,％
平均消費性向,55～59歳,2022001111,70.1,％
平均消費性向,55～59歳,2022001212,37.8,％
平均消費性向,55～59歳,2023000101,81.4,％
平均消費性向,55～59歳,2023000202,64.3,％
平均消費性向,55～59歳,2023000303,76.4,％
平均消費性向,55～59歳,2023000404,74.6,％
平均消費性向,55～59歳,2023000505,84.0,％
平均消費性向,55～59歳,2023000606,38.9,％
平均消費性向,55～59歳,2023000707,52.6,％
平均消費性向,55～59歳,2023000808,67.6,％
平均消費性向,55～59歳,2023000909,81.7,％
平均消費性向,55～59歳,2023001010,82.6,％
平均消費性向,55～59歳,2023001111,71.0,％
平均消費性向,55～59歳,2023001212,34.6,％
平均消費性向,55～59歳,2024000101,70.2,％
平均消費性向,55～59歳,2024000202,70.4,％
平均消費性向,55～59歳,2024000303,74.5,％
平均消費性向,55～59歳,2024000404,84.5,％
平均消費性向,55～59歳,2024000505,83.1,％
平均消費性向,55～59歳,2024000606,33.7,％
平均消費性向,55～59歳,2024000707,49.3,％
平均消費性向,55～59歳,2024000808,68.3,％
平均消費性向,55～59歳,2024000909,75.7,％
平均消費性向,55～59歳,2024001010,65.7,％
平均消費性向,55～59歳,2024001111,74.3,％
平均消費性向,55～59歳,2024001212,40.1,％
平均消費性向,55～59歳,2025000101,75.5,％
平均消費性向,55～59歳,2025000202,72.0,％
平均消費性向,55～59歳,2025000303,85.5,％
平均消費性向,55～59歳,2025000404,88.1,％
平均消費性向,55～59歳,2025000505,87.0,％
平均消費性向,55～59歳,2025000606,40.2,％
平均消費性向,55～59歳,2025000707,49.6,％
平均消費性向,55～59歳,2025000808,72.6,％
平均消費性向,55～59歳,2025000909,80.0,％
平均消費性向,55～59歳,2025001010,81.4,％
平均消費性向,55～59歳,2025001111,75.5,％
平均消費性向,55～59歳,2025001212,32.6,％
平均消費性向,55～59歳,2026000101,74.3,％
平均消費性向,55～59歳,2026000202,65.0,％
平均消費性向,55～59歳,2026000303,83.3,％
平均消費性向,55～59歳,2026000404,75.1,％
平均消費性向,55～59歳,2026000505,85.0,％
平均消費性向,60～64歳,2000000101,106.4,％
平均消費性向,60～64歳,2000000202,69.4,％
平均消費性向,60～64歳,2000000303,124.9,％
平均消費性向,60～64歳,2000000404,72.8,％
平均消費性向,60～64歳,2000000505,147.3,％
平均消費性向,60～64歳,2000000606,62.5,％
平均消費性向,60～64歳,2000000707,108.9,％
平均消費性向,60～64歳,2000000808,74.8,％
平均消費性向,60～64歳,2000000909,102.7,％
平均消費性向,60～64歳,2000001010,76.0,％
平均消費性向,60～64歳,2000001111,95.5,％
平均消費性向,60～64歳,2000001212,61.8,％
平均消費性向,60～64歳,2001000101,100.5,％
平均消費性向,60～64歳,2001000202,71.8,％
平均消費性向,60～64歳,2001000303,114.9,％
平均消費性向,60～64歳,2001000404,68.2,％
平均消費性向,60～64歳,2001000505,126.5,％
平均消費性向,60～64歳,2001000606,59.0,％
平均消費性向,60～64歳,2001000707,96.2,％
平均消費性向,60～64歳,2001000808,75.8,％
平均消費性向,60～64歳,2001000909,108.1,％
平均消費性向,60～64歳,2001001010,72.4,％
平均消費性向,60～64歳,2001001111,117.6,％
平均消費性向,60～64歳,2001001212,57.2,％
平均消費性向,60～64歳,2002000101,96.4,％
平均消費性向,60～64歳,2002000202,66.4,％
平均消費性向,60～64歳,2002000303,109.3,％
平均消費性向,60～64歳,2002000404,78.6,％
平均消費性向,60～64歳,2002000505,120.1,％
平均消費性向,60～64歳,2002000606,59.3,％
平均消費性向,60～64歳,2002000707,112.3,％
平均消費性向,60～64歳,2002000808,87.2,％
平均消費性向,60～64歳,2002000909,99.5,％
平均消費性向,60～64歳,2002001010,96.5,％
平均消費性向,60～64歳,2002001111,114.2,％
平均消費性向,60～64歳,2002001212,63.3,％
平均消費性向,60～64歳,2003000101,109.0,％
平均消費性向,60～64歳,2003000202,74.5,％
平均消費性向,60～64歳,2003000303,118.0,％
平均消費性向,60～64歳,2003000404,76.2,％
平均消費性向,60～64歳,2003000505,120.1,％
平均消費性向,60～64歳,2003000606,64.5,％
平均消費性向,60～64歳,2003000707,89.8,％
平均消費性向,60～64歳,2003000808,76.5,％
平均消費性向,60～64歳,2003000909,114.9,％
平均消費性向,60～64歳,2003001010,79.3,％
平均消費性向,60～64歳,2003001111,114.7,％
平均消費性向,60～64歳,2003001212,64.3,％
平均消費性向,60～64歳,2004000101,115.6,％
平均消費性向,60～64歳,2004000202,69.5,％
平均消費性向,60～64歳,2004000303,113.4,％
平均消費性向,60～64歳,2004000404,100.5,％
平均消費性向,60～64歳,2004000505,129.2,％
平均消費性向,60～64歳,2004000606,74.0,％
平均消費性向,60～64歳,2004000707,96.6,％
平均消費性向,60～64歳,2004000808,80.4,％
平均消費性向,60～64歳,2004000909,108.0,％
平均消費性向,60～64歳,2004001010,76.2,％
平均消費性向,60～64歳,2004001111,106.3,％
平均消費性向,60～64歳,2004001212,68.5,％
平均消費性向,60～64歳,2005000101,106.4,％
平均消費性向,60～64歳,2005000202,69.1,％
平均消費性向,60～64歳,2005000303,123.8,％
平均消費性向,60～64歳,2005000404,72.8,％
平均消費性向,60～64歳,2005000505,138.2,％
平均消費性向,60～64歳,2005000606,68.7,％
平均消費性向,60～64歳,2005000707,111.1,％
平均消費性向,60～64歳,2005000808,83.4,％
平均消費性向,60～64歳,2005000909,112.5,％
平均消費性向,60～64歳,2005001010,87.1,％
平均消費性向,60～64歳,2005001111,109.4,％
平均消費性向,60～64歳,2005001212,70.7,％
平均消費性向,60～64歳,2006000101,134.5,％
平均消費性向,60～64歳,2006000202,74.7,％
平均消費性向,60～64歳,2006000303,117.5,％
平均消費性向,60～64歳,2006000404,95.2,％
平均消費性向,60～64歳,2006000505,150.1,％
平均消費性向,60～64歳,2006000606,71.6,％
平均消費性向,60～64歳,2006000707,105.9,％
平均消費性向,60～64歳,2006000808,82.4,％
平均消費性向,60～64歳,2006000909,108.3,％
平均消費性向,60～64歳,2006001010,77.5,％
平均消費性向,60～64歳,2006001111,98.7,％
平均消費性向,60～64歳,2006001212,67.8,％
平均消費性向,60～64歳,2007000101,102.3,％
平均消費性向,60～64歳,2007000202,73.1,％
平均消費性向,60～64歳,2007000303,117.4,％
平均消費性向,60～64歳,2007000404,71.4,％
平均消費性向,60～64歳,2007000505,122.3,％
平均消費性向,60～64歳,2007000606,69.3,％
平均消費性向,60～64歳,2007000707,102.8,％
平均消費性向,60～64歳,2007000808,78.7,％
平均消費性向,60～64歳,2007000909,111.8,％
平均消費性向,60～64歳,2007001010,79.3,％
平均消費性向,60～64歳,2007001111,109.9,％
平均消費性向,60～64歳,2007001212,70.4,％
平均消費性向,60～64歳,2008000101,112.9,％
平均消費性向,60～64歳,2008000202,83.2,％
平均消費性向,60～64歳,2008000303,112.6,％
平均消費性向,60～64歳,2008000404,103.2,％
平均消費性向,60～64歳,2008000505,131.7,％
平均消費性向,60～64歳,2008000606,79.6,％
平均消費性向,60～64歳,2008000707,102.0,％
平均消費性向,60～64歳,2008000808,81.7,％
平均消費性向,60～64歳,2008000909,109.7,％
平均消費性向,60～64歳,2008001010,77.3,％
平均消費性向,60～64歳,2008001111,114.4,％
平均消費性向,60～64歳,2008001212,64.1,％
平均消費性向,60～64歳,2009000101,119.0,％
平均消費性向,60～64歳,2009000202,77.6,％
平均消費性向,60～64歳,2009000303,107.1,％
平均消費性向,60～64歳,2009000404,81.1,％
平均消費性向,60～64歳,2009000505,111.0,％
平均消費性向,60～64歳,2009000606,73.0,％
平均消費性向,60～64歳,2009000707,104.8,％
平均消費性向,60～64歳,2009000808,78.6,％
平均消費性向,60～64歳,2009000909,113.6,％
平均消費性向,60～64歳,2009001010,82.8,％
平均消費性向,60～64歳,2009001111,128.7,％
平均消費性向,60～64歳,2009001212,67.8,％
平均消費性向,60～64歳,2010000101,117.6,％
平均消費性向,60～64歳,2010000202,76.9,％
平均消費性向,60～64歳,2010000303,129.7,％
平均消費性向,60～64歳,2010000404,92.7,％
平均消費性向,60～64歳,2010000505,134.3,％
平均消費性向,60～64歳,2010000606,76.7,％
平均消費性向,60～64歳,2010000707,103.3,％
平均消費性向,60～64歳,2010000808,98.1,％
平均消費性向,60～64歳,2010000909,124.1,％
平均消費性向,60～64歳,2010001010,83.1,％
平均消費性向,60～64歳,2010001111,133.9,％
平均消費性向,60～64歳,2010001212,73.5,％
平均消費性向,60～64歳,2011000101,114.1,％
平均消費性向,60～64歳,2011000202,80.4,％
平均消費性向,60～64歳,2011000303,110.0,％
平均消費性向,60～64歳,2011000404,86.8,％
平均消費性向,60～64歳,2011000505,127.6,％
平均消費性向,60～64歳,2011000606,68.6,％
平均消費性向,60～64歳,2011000707,90.1,％
平均消費性向,60～64歳,2011000808,89.6,％
平均消費性向,60～64歳,2011000909,107.8,％
平均消費性向,60～64歳,2011001010,84.4,％
平均消費性向,60～64歳,2011001111,109.6,％
平均消費性向,60～64歳,2011001212,76.2,％
平均消費性向,60～64歳,2012000101,113.6,％
平均消費性向,60～64歳,2012000202,82.5,％
平均消費性向,60～64歳,2012000303,108.4,％
平均消費性向,60～64歳,2012000404,91.3,％
平均消費性向,60～64歳,2012000505,143.7,％
平均消費性向,60～64歳,2012000606,64.2,％
平均消費性向,60～64歳,2012000707,110.4,％
平均消費性向,60～64歳,2012000808,76.7,％
平均消費性向,60～64歳,2012000909,109.9,％
平均消費性向,60～64歳,2012001010,82.3,％
平均消費性向,60～64歳,2012001111,110.8,％
平均消費性向,60～64歳,2012001212,67.6,％
平均消費性向,60～64歳,2013000101,121.2,％
平均消費性向,60～64歳,2013000202,90.1,％
平均消費性向,60～64歳,2013000303,131.8,％
平均消費性向,60～64歳,2013000404,99.8,％
平均消費性向,60～64歳,2013000505,140.2,％
平均消費性向,60～64歳,2013000606,64.7,％
平均消費性向,60～64歳,2013000707,89.9,％
平均消費性向,60～64歳,2013000808,80.4,％
平均消費性向,60～64歳,2013000909,123.1,％
平均消費性向,60～64歳,2013001010,87.6,％
平均消費性向,60～64歳,2013001111,103.6,％
平均消費性向,60～64歳,2013001212,61.6,％
平均消費性向,60～64歳,2014000101,129.8,％
平均消費性向,60～64歳,2014000202,88.1,％
平均消費性向,60～64歳,2014000303,134.9,％
平均消費性向,60～64歳,2014000404,90.2,％
平均消費性向,60～64歳,2014000505,120.7,％
平均消費性向,60～64歳,2014000606,75.0,％
平均消費性向,60～64歳,2014000707,100.3,％
平均消費性向,60～64歳,2014000808,95.9,％
平均消費性向,60～64歳,2014000909,125.6,％
平均消費性向,60～64歳,2014001010,89.6,％
平均消費性向,60～64歳,2014001111,118.0,％
平均消費性向,60～64歳,2014001212,77.9,％
平均消費性向,60～64歳,2015000101,124.9,％
平均消費性向,60～64歳,2015000202,85.5,％
平均消費性向,60～64歳,2015000303,111.0,％
平均消費性向,60～64歳,2015000404,104.2,％
平均消費性向,60～64歳,2015000505,135.8,％
平均消費性向,60～64歳,2015000606,75.5,％
平均消費性向,60～64歳,2015000707,98.8,％
平均消費性向,60～64歳,2015000808,84.2,％
平均消費性向,60～64歳,2015000909,111.9,％
平均消費性向,60～64歳,2015001010,89.0,％
平均消費性向,60～64歳,2015001111,106.8,％
平均消費性向,60～64歳,2015001212,68.1,％
平均消費性向,60～64歳,2016000101,113.3,％
平均消費性向,60～64歳,2016000202,79.8,％
平均消費性向,60～64歳,2016000303,123.7,％
平均消費性向,60～64歳,2016000404,85.6,％
平均消費性向,60～64歳,2016000505,128.8,％
平均消費性向,60～64歳,2016000606,70.5,％
平均消費性向,60～64歳,2016000707,93.9,％
平均消費性向,60～64歳,2016000808,90.7,％
平均消費性向,60～64歳,2016000909,114.3,％
平均消費性向,60～64歳,2016001010,95.7,％
平均消費性向,60～64歳,2016001111,108.5,％
平均消費性向,60～64歳,2016001212,70.4,％
平均消費性向,60～64歳,2017000101,100.7,％
平均消費性向,60～64歳,2017000202,95.9,％
平均消費性向,60～64歳,2017000303,105.9,％
平均消費性向,60～64歳,2017000404,95.3,％
平均消費性向,60～64歳,2017000505,149.7,％
平均消費性向,60～64歳,2017000606,71.2,％
平均消費性向,60～64歳,2017000707,106.2,％
平均消費性向,60～64歳,2017000808,83.1,％
平均消費性向,60～64歳,2017000909,116.0,％
平均消費性向,60～64歳,2017001010,96.2,％
平均消費性向,60～64歳,2017001111,105.2,％
平均消費性向,60～64歳,2017001212,71.1,％
平均消費性向,60～64歳,2018000101,109.9,％
平均消費性向,60～64歳,2018000202,86.0,％
平均消費性向,60～64歳,2018000303,105.9,％
平均消費性向,60～64歳,2018000404,96.0,％
平均消費性向,60～64歳,2018000505,131.7,％
平均消費性向,60～64歳,2018000606,64.2,％
平均消費性向,60～64歳,2018000707,79.4,％
平均消費性向,60～64歳,2018000808,82.8,％
平均消費性向,60～64歳,2018000909,106.7,％
平均消費性向,60～64歳,2018001010,89.0,％
平均消費性向,60～64歳,2018001111,100.6,％
平均消費性向,60～64歳,2018001212,57.9,％
平均消費性向,60～64歳,2019000101,98.1,％
平均消費性向,60～64歳,2019000202,80.5,％
平均消費性向,60～64歳,2019000303,102.7,％
平均消費性向,60～64歳,2019000404,86.6,％
平均消費性向,60～64歳,2019000505,125.8,％
平均消費性向,60～64歳,2019000606,67.0,％
平均消費性向,60～64歳,2019000707,80.6,％
平均消費性向,60～64歳,2019000808,78.3,％
平均消費性向,60～64歳,2019000909,104.1,％
平均消費性向,60～64歳,2019001010,73.3,％
平均消費性向,60～64歳,2019001111,97.9,％
平均消費性向,60～64歳,2019001212,48.2,％
平均消費性向,60～64歳,2020000101,102.4,％
平均消費性向,60～64歳,2020000202,72.4,％
平均消費性向,60～64歳,2020000303,97.6,％
平均消費性向,60～64歳,2020000404,78.6,％
平均消費性向,60～64歳,2020000505,91.9,％
平均消費性向,60～64歳,2020000606,44.6,％
平均消費性向,60～64歳,2020000707,62.5,％
平均消費性向,60～64歳,2020000808,74.9,％
平均消費性向,60～64歳,2020000909,94.1,％
平均消費性向,60～64歳,2020001010,78.1,％
平均消費性向,60～64歳,2020001111,94.0,％
平均消費性向,60～64歳,2020001212,51.0,％
平均消費性向,60～64歳,2021000101,94.4,％
平均消費性向,60～64歳,2021000202,70.6,％
平均消費性向,60～64歳,2021000303,96.2,％
平均消費性向,60～64歳,2021000404,85.1,％
平均消費性向,60～64歳,2021000505,103.3,％
平均消費性向,60～64歳,2021000606,52.6,％
平均消費性向,60～64歳,2021000707,69.3,％
平均消費性向,60～64歳,2021000808,77.3,％
平均消費性向,60～64歳,2021000909,82.6,％
平均消費性向,60～64歳,2021001010,76.3,％
平均消費性向,60～64歳,2021001111,94.5,％
平均消費性向,60～64歳,2021001212,52.0,％
平均消費性向,60～64歳,2022000101,101.7,％
平均消費性向,60～64歳,2022000202,68.5,％
平均消費性向,60～64歳,2022000303,92.9,％
平均消費性向,60～64歳,2022000404,84.9,％
平均消費性向,60～64歳,2022000505,98.6,％
平均消費性向,60～64歳,2022000606,57.9,％
平均消費性向,60～64歳,2022000707,71.9,％
平均消費性向,60～64歳,2022000808,75.8,％
平均消費性向,60～64歳,2022000909,89.5,％
平均消費性向,60～64歳,2022001010,76.2,％
平均消費性向,60～64歳,2022001111,78.2,％
平均消費性向,60～64歳,2022001212,51.0,％
平均消費性向,60～64歳,2023000101,88.1,％
平均消費性向,60～64歳,2023000202,77.0,％
平均消費性向,60～64歳,2023000303,92.0,％
平均消費性向,60～64歳,2023000404,78.4,％
平均消費性向,60～64歳,2023000505,110.2,％
平均消費性向,60～64歳,2023000606,60.2,％
平均消費性向,60～64歳,2023000707,72.3,％
平均消費性向,60～64歳,2023000808,73.5,％
平均消費性向,60～64歳,2023000909,88.4,％
平均消費性向,60～64歳,2023001010,87.1,％
平均消費性向,60～64歳,2023001111,95.2,％
平均消費性向,60～64歳,2023001212,54.9,％
平均消費性向,60～64歳,2024000101,87.9,％
平均消費性向,60～64歳,2024000202,72.9,％
平均消費性向,60～64歳,2024000303,94.2,％
平均消費性向,60～64歳,2024000404,87.7,％
平均消費性向,60～64歳,2024000505,97.2,％
平均消費性向,60～64歳,2024000606,55.8,％
平均消費性向,60～64歳,2024000707,65.7,％
平均消費性向,60～64歳,2024000808,81.6,％
平均消費性向,60～64歳,2024000909,83.9,％
平均消費性向,60～64歳,2024001010,88.4,％
平均消費性向,60～64歳,2024001111,94.8,％
平均消費性向,60～64歳,2024001212,51.2,％
平均消費性向,60～64歳,2025000101,104.3,％
平均消費性向,60～64歳,2025000202,81.5,％
平均消費性向,60～64歳,2025000303,101.9,％
平均消費性向,60～64歳,2025000404,82.8,％
平均消費性向,60～64歳,2025000505,104.4,％
平均消費性向,60～64歳,2025000606,51.7,％
平均消費性向,60～64歳,2025000707,72.1,％
平均消費性向,60～64歳,2025000808,84.0,％
平均消費性向,60～64歳,2025000909,97.3,％
平均消費性向,60～64歳,2025001010,79.7,％
平均消費性向,60～64歳,2025001111,94.8,％
平均消費性向,60～64歳,2025001212,48.2,％
平均消費性向,60～64歳,2026000101,93.7,％
平均消費性向,60～64歳,2026000202,76.7,％
平均消費性向,60～64歳,2026000303,87.9,％
平均消費性向,60～64歳,2026000404,83.8,％
平均消費性向,60～64歳,2026000505,99.2,％
平均消費性向,65～69歳,2000000101,157.9,％
平均消費性向,65～69歳,2000000202,55.0,％
平均消費性向,65～69歳,2000000303,140.2,％
平均消費性向,65～69歳,2000000404,64.9,％
平均消費性向,65～69歳,2000000505,141.5,％
平均消費性向,65～69歳,2000000606,61.9,％
平均消費性向,65～69歳,2000000707,99.9,％
平均消費性向,65～69歳,2000000808,54.2,％
平均消費性向,65～69歳,2000000909,112.2,％
平均消費性向,65～69歳,2000001010,52.8,％
平均消費性向,65～69歳,2000001111,116.8,％
平均消費性向,65～69歳,2000001212,55.8,％
平均消費性向,65～69歳,2001000101,130.5,％
平均消費性向,65～69歳,2001000202,46.8,％
平均消費性向,65～69歳,2001000303,164.1,％
平均消費性向,65～69歳,2001000404,63.2,％
平均消費性向,65～69歳,2001000505,170.1,％
平均消費性向,65～69歳,2001000606,46.2,％
平均消費性向,65～69歳,2001000707,128.8,％
平均消費性向,65～69歳,2001000808,61.1,％
平均消費性向,65～69歳,2001000909,121.6,％
平均消費性向,65～69歳,2001001010,51.3,％
平均消費性向,65～69歳,2001001111,108.6,％
平均消費性向,65～69歳,2001001212,60.6,％
平均消費性向,65～69歳,2002000101,102.7,％
平均消費性向,65～69歳,2002000202,54.7,％
平均消費性向,65～69歳,2002000303,103.8,％
平均消費性向,65～69歳,2002000404,80.3,％
平均消費性向,65～69歳,2002000505,127.7,％
平均消費性向,65～69歳,2002000606,57.4,％
平均消費性向,65～69歳,2002000707,123.7,％
平均消費性向,65～69歳,2002000808,65.7,％
平均消費性向,65～69歳,2002000909,146.1,％
平均消費性向,65～69歳,2002001010,71.2,％
平均消費性向,65～69歳,2002001111,146.4,％
平均消費性向,65～69歳,2002001212,72.7,％
平均消費性向,65～69歳,2003000101,176.2,％
平均消費性向,65～69歳,2003000202,62.8,％
平均消費性向,65～69歳,2003000303,138.2,％
平均消費性向,65～69歳,2003000404,72.3,％
平均消費性向,65～69歳,2003000505,152.7,％
平均消費性向,65～69歳,2003000606,60.5,％
平均消費性向,65～69歳,2003000707,125.8,％
平均消費性向,65～69歳,2003000808,63.3,％
平均消費性向,65～69歳,2003000909,133.6,％
平均消費性向,65～69歳,2003001010,64.3,％
平均消費性向,65～69歳,2003001111,149.9,％
平均消費性向,65～69歳,2003001212,64.6,％
平均消費性向,65～69歳,2004000101,136.4,％
平均消費性向,65～69歳,2004000202,61.3,％
平均消費性向,65～69歳,2004000303,143.2,％
平均消費性向,65～69歳,2004000404,70.2,％
平均消費性向,65～69歳,2004000505,157.4,％
平均消費性向,65～69歳,2004000606,65.1,％
平均消費性向,65～69歳,2004000707,149.4,％
平均消費性向,65～69歳,2004000808,72.2,％
平均消費性向,65～69歳,2004000909,134.8,％
平均消費性向,65～69歳,2004001010,64.6,％
平均消費性向,65～69歳,2004001111,128.5,％
平均消費性向,65～69歳,2004001212,62.5,％
平均消費性向,65～69歳,2005000101,113.1,％
平均消費性向,65～69歳,2005000202,55.3,％
平均消費性向,65～69歳,2005000303,114.9,％
平均消費性向,65～69歳,2005000404,76.4,％
平均消費性向,65～69歳,2005000505,187.4,％
平均消費性向,65～69歳,2005000606,60.4,％
平均消費性向,65～69歳,2005000707,107.0,％
平均消費性向,65～69歳,2005000808,60.2,％
平均消費性向,65～69歳,2005000909,141.8,％
平均消費性向,65～69歳,2005001010,64.5,％
平均消費性向,65～69歳,2005001111,141.7,％
平均消費性向,65～69歳,2005001212,67.9,％
平均消費性向,65～69歳,2006000101,143.0,％
平均消費性向,65～69歳,2006000202,57.4,％
平均消費性向,65～69歳,2006000303,148.1,％
平均消費性向,65～69歳,2006000404,71.2,％
平均消費性向,65～69歳,2006000505,182.8,％
平均消費性向,65～69歳,2006000606,61.2,％
平均消費性向,65～69歳,2006000707,129.0,％
平均消費性向,65～69歳,2006000808,69.3,％
平均消費性向,65～69歳,2006000909,130.7,％
平均消費性向,65～69歳,2006001010,83.3,％
平均消費性向,65～69歳,2006001111,120.5,％
平均消費性向,65～69歳,2006001212,58.0,％
平均消費性向,65～69歳,2007000101,117.1,％
平均消費性向,65～69歳,2007000202,57.2,％
平均消費性向,65～69歳,2007000303,158.2,％
平均消費性向,65～69歳,2007000404,76.2,％
平均消費性向,65～69歳,2007000505,150.6,％
平均消費性向,65～69歳,2007000606,67.9,％
平均消費性向,65～69歳,2007000707,119.8,％
平均消費性向,65～69歳,2007000808,64.7,％
平均消費性向,65～69歳,2007000909,140.2,％
平均消費性向,65～69歳,2007001010,75.7,％
平均消費性向,65～69歳,2007001111,135.1,％
平均消費性向,65～69歳,2007001212,85.2,％
平均消費性向,65～69歳,2008000101,141.1,％
平均消費性向,65～69歳,2008000202,59.8,％
平均消費性向,65～69歳,2008000303,155.3,％
平均消費性向,65～69歳,2008000404,64.7,％
平均消費性向,65～69歳,2008000505,153.8,％
平均消費性向,65～69歳,2008000606,64.0,％
平均消費性向,65～69歳,2008000707,124.0,％
平均消費性向,65～69歳,2008000808,79.0,％
平均消費性向,65～69歳,2008000909,139.7,％
平均消費性向,65～69歳,2008001010,62.2,％
平均消費性向,65～69歳,2008001111,144.0,％
平均消費性向,65～69歳,2008001212,58.9,％
平均消費性向,65～69歳,2009000101,135.6,％
平均消費性向,65～69歳,2009000202,63.2,％
平均消費性向,65～69歳,2009000303,148.3,％
平均消費性向,65～69歳,2009000404,74.8,％
平均消費性向,65～69歳,2009000505,137.7,％
平均消費性向,65～69歳,2009000606,62.4,％
平均消費性向,65～69歳,2009000707,117.4,％
平均消費性向,65～69歳,2009000808,67.6,％
平均消費性向,65～69歳,2009000909,167.3,％
平均消費性向,65～69歳,2009001010,60.9,％
平均消費性向,65～69歳,2009001111,161.1,％
平均消費性向,65～69歳,2009001212,66.1,％
平均消費性向,65～69歳,2010000101,116.8,％
平均消費性向,65～69歳,2010000202,55.1,％
平均消費性向,65～69歳,2010000303,139.4,％
平均消費性向,65～69歳,2010000404,55.1,％
平均消費性向,65～69歳,2010000505,162.1,％
平均消費性向,65～69歳,2010000606,58.0,％
平均消費性向,65～69歳,2010000707,111.6,％
平均消費性向,65～69歳,2010000808,61.8,％
平均消費性向,65～69歳,2010000909,128.1,％
平均消費性向,65～69歳,2010001010,61.3,％
平均消費性向,65～69歳,2010001111,122.8,％
平均消費性向,65～69歳,2010001212,55.1,％
平均消費性向,65～69歳,2011000101,149.1,％
平均消費性向,65～69歳,2011000202,61.6,％
平均消費性向,65～69歳,2011000303,149.1,％
平均消費性向,65～69歳,2011000404,70.0,％
平均消費性向,65～69歳,2011000505,180.1,％
平均消費性向,65～69歳,2011000606,61.8,％
平均消費性向,65～69歳,2011000707,132.2,％
平均消費性向,65～69歳,2011000808,83.9,％
平均消費性向,65～69歳,2011000909,182.0,％
平均消費性向,65～69歳,2011001010,72.1,％
平均消費性向,65～69歳,2011001111,174.3,％
平均消費性向,65～69歳,2011001212,73.8,％
平均消費性向,65～69歳,2012000101,138.1,％
平均消費性向,65～69歳,2012000202,60.0,％
平均消費性向,65～69歳,2012000303,141.7,％
平均消費性向,65～69歳,2012000404,62.5,％
平均消費性向,65～69歳,2012000505,136.6,％
平均消費性向,65～69歳,2012000606,59.1,％
平均消費性向,65～69歳,2012000707,126.1,％
平均消費性向,65～69歳,2012000808,62.6,％
平均消費性向,65～69歳,2012000909,133.2,％
平均消費性向,65～69歳,2012001010,70.7,％
平均消費性向,65～69歳,2012001111,147.6,％
平均消費性向,65～69歳,2012001212,82.1,％
平均消費性向,65～69歳,2013000101,158.1,％
平均消費性向,65～69歳,2013000202,64.3,％
平均消費性向,65～69歳,2013000303,182.2,％
平均消費性向,65～69歳,2013000404,77.1,％
平均消費性向,65～69歳,2013000505,158.2,％
平均消費性向,65～69歳,2013000606,61.9,％
平均消費性向,65～69歳,2013000707,158.3,％
平均消費性向,65～69歳,2013000808,65.2,％
平均消費性向,65～69歳,2013000909,122.7,％
平均消費性向,65～69歳,2013001010,71.2,％
平均消費性向,65～69歳,2013001111,121.0,％
平均消費性向,65～69歳,2013001212,74.5,％
平均消費性向,65～69歳,2014000101,176.4,％
平均消費性向,65～69歳,2014000202,61.4,％
平均消費性向,65～69歳,2014000303,157.9,％
平均消費性向,65～69歳,2014000404,68.0,％
平均消費性向,65～69歳,2014000505,134.9,％
平均消費性向,65～69歳,2014000606,70.4,％
平均消費性向,65～69歳,2014000707,119.5,％
平均消費性向,65～69歳,2014000808,60.4,％
平均消費性向,65～69歳,2014000909,128.4,％
平均消費性向,65～69歳,2014001010,64.2,％
平均消費性向,65～69歳,2014001111,111.4,％
平均消費性向,65～69歳,2014001212,59.7,％
平均消費性向,65～69歳,2015000101,134.2,％
平均消費性向,65～69歳,2015000202,67.4,％
平均消費性向,65～69歳,2015000303,190.6,％
平均消費性向,65～69歳,2015000404,73.9,％
平均消費性向,65～69歳,2015000505,148.7,％
平均消費性向,65～69歳,2015000606,72.8,％
平均消費性向,65～69歳,2015000707,123.2,％
平均消費性向,65～69歳,2015000808,66.6,％
平均消費性向,65～69歳,2015000909,134.9,％
平均消費性向,65～69歳,2015001010,65.6,％
平均消費性向,65～69歳,2015001111,125.4,％
平均消費性向,65～69歳,2015001212,68.0,％
平均消費性向,65～69歳,2016000101,136.7,％
平均消費性向,65～69歳,2016000202,57.5,％
平均消費性向,65～69歳,2016000303,138.7,％
平均消費性向,65～69歳,2016000404,67.1,％
平均消費性向,65～69歳,2016000505,154.4,％
平均消費性向,65～69歳,2016000606,59.0,％
平均消費性向,65～69歳,2016000707,116.7,％
平均消費性向,65～69歳,2016000808,63.3,％
平均消費性向,65～69歳,2016000909,121.0,％
平均消費性向,65～69歳,2016001010,64.2,％
平均消費性向,65～69歳,2016001111,115.8,％
平均消費性向,65～69歳,2016001212,61.7,％
平均消費性向,65～69歳,2017000101,122.6,％
平均消費性向,65～69歳,2017000202,61.8,％
平均消費性向,65～69歳,2017000303,136.2,％
平均消費性向,65～69歳,2017000404,65.1,％
平均消費性向,65～69歳,2017000505,155.9,％
平均消費性向,65～69歳,2017000606,61.1,％
平均消費性向,65～69歳,2017000707,117.5,％
平均消費性向,65～69歳,2017000808,59.5,％
平均消費性向,65～69歳,2017000909,118.2,％
平均消費性向,65～69歳,2017001010,63.8,％
平均消費性向,65～69歳,2017001111,122.8,％
平均消費性向,65～69歳,2017001212,60.9,％
平均消費性向,65～69歳,2018000101,129.5,％
平均消費性向,65～69歳,2018000202,54.9,％
平均消費性向,65～69歳,2018000303,133.6,％
平均消費性向,65～69歳,2018000404,65.9,％
平均消費性向,65～69歳,2018000505,154.1,％
平均消費性向,65～69歳,2018000606,47.3,％
平均消費性向,65～69歳,2018000707,128.1,％
平均消費性向,65～69歳,2018000808,55.1,％
平均消費性向,65～69歳,2018000909,104.8,％
平均消費性向,65～69歳,2018001010,52.2,％
平均消費性向,65～69歳,2018001111,116.2,％
平均消費性向,65～69歳,2018001212,57.4,％
平均消費性向,65～69歳,2019000101,117.4,％
平均消費性向,65～69歳,2019000202,56.9,％
平均消費性向,65～69歳,2019000303,126.6,％
平均消費性向,65～69歳,2019000404,58.7,％
平均消費性向,65～69歳,2019000505,152.9,％
平均消費性向,65～69歳,2019000606,49.9,％
平均消費性向,65～69歳,2019000707,118.4,％
平均消費性向,65～69歳,2019000808,63.7,％
平均消費性向,65～69歳,2019000909,123.1,％
平均消費性向,65～69歳,2019001010,55.5,％
平均消費性向,65～69歳,2019001111,120.9,％
平均消費性向,65～69歳,2019001212,58.0,％
平均消費性向,65～69歳,2020000101,139.9,％
平均消費性向,65～69歳,2020000202,54.5,％
平均消費性向,65～69歳,2020000303,139.7,％
平均消費性向,65～69歳,2020000404,57.3,％
平均消費性向,65～69歳,2020000505,112.3,％
平均消費性向,65～69歳,2020000606,46.2,％
平均消費性向,65～69歳,2020000707,88.8,％
平均消費性向,65～69歳,2020000808,53.8,％
平均消費性向,65～69歳,2020000909,116.4,％
平均消費性向,65～69歳,2020001010,55.5,％
平均消費性向,65～69歳,2020001111,116.1,％
平均消費性向,65～69歳,2020001212,50.7,％
平均消費性向,65～69歳,2021000101,118.0,％
平均消費性向,65～69歳,2021000202,52.0,％
平均消費性向,65～69歳,2021000303,120.6,％
平均消費性向,65～69歳,2021000404,55.8,％
平均消費性向,65～69歳,2021000505,138.0,％
平均消費性向,65～69歳,2021000606,49.1,％
平均消費性向,65～69歳,2021000707,91.9,％
平均消費性向,65～69歳,2021000808,60.9,％
平均消費性向,65～69歳,2021000909,103.2,％
平均消費性向,65～69歳,2021001010,49.1,％
平均消費性向,65～69歳,2021001111,132.4,％
平均消費性向,65～69歳,2021001212,53.9,％
平均消費性向,65～69歳,2022000101,140.9,％
平均消費性向,65～69歳,2022000202,49.5,％
平均消費性向,65～69歳,2022000303,135.8,％
平均消費性向,65～69歳,2022000404,57.8,％
平均消費性向,65～69歳,2022000505,144.0,％
平均消費性向,65～69歳,2022000606,54.5,％
平均消費性向,65～69歳,2022000707,106.4,％
平均消費性向,65～69歳,2022000808,59.0,％
平均消費性向,65～69歳,2022000909,106.4,％
平均消費性向,65～69歳,2022001010,55.6,％
平均消費性向,65～69歳,2022001111,125.1,％
平均消費性向,65～69歳,2022001212,49.8,％
平均消費性向,65～69歳,2023000101,116.3,％
平均消費性向,65～69歳,2023000202,47.7,％
平均消費性向,65～69歳,2023000303,117.8,％
平均消費性向,65～69歳,2023000404,46.3,％
平均消費性向,65～69歳,2023000505,159.2,％
平均消費性向,65～69歳,2023000606,55.1,％
平均消費性向,65～69歳,2023000707,120.6,％
平均消費性向,65～69歳,2023000808,57.0,％
平均消費性向,65～69歳,2023000909,120.2,％
平均消費性向,65～69歳,2023001010,62.9,％
平均消費性向,65～69歳,2023001111,121.3,％
平均消費性向,65～69歳,2023001212,58.0,％
平均消費性向,65～69歳,2024000101,122.1,％
平均消費性向,65～69歳,2024000202,52.8,％
平均消費性向,65～69歳,2024000303,135.6,％
平均消費性向,65～69歳,2024000404,57.7,％
平均消費性向,65～69歳,2024000505,140.0,％
平均消費性向,65～69歳,2024000606,47.2,％
平均消費性向,65～69歳,2024000707,105.0,％
平均消費性向,65～69歳,2024000808,51.3,％
平均消費性向,65～69歳,2024000909,105.8,％
平均消費性向,65～69歳,2024001010,54.6,％
平均消費性向,65～69歳,2024001111,108.1,％
平均消費性向,65～69歳,2024001212,57.7,％
平均消費性向,65～69歳,2025000101,109.2,％
平均消費性向,65～69歳,2025000202,51.8,％
平均消費性向,65～69歳,2025000303,134.4,％
平均消費性向,65～69歳,2025000404,64.0,％
平均消費性向,65～69歳,2025000505,125.4,％
平均消費性向,65～69歳,2025000606,48.8,％
平均消費性向,65～69歳,2025000707,117.5,％
平均消費性向,65～69歳,2025000808,59.6,％
平均消費性向,65～69歳,2025000909,109.2,％
平均消費性向,65～69歳,2025001010,54.9,％
平均消費性向,65～69歳,2025001111,126.6,％
平均消費性向,65～69歳,2025001212,54.5,％
平均消費性向,65～69歳,2026000101,100.5,％
平均消費性向,65～69歳,2026000202,60.8,％
平均消費性向,65～69歳,2026000303,149.9,％
平均消費性向,65～69歳,2026000404,62.3,％
平均消費性向,65～69歳,2026000505,131.0,％
黒字率,24歳以下,2000000101,11.6,％
黒字率,24歳以下,2000000202,26.5,％
黒字率,24歳以下,2000000303,23.3,％
黒字率,24歳以下,2000000404,26.5,％
黒字率,24歳以下,2000000505,-5.9,％
黒字率,24歳以下,2000000606,6.9,％
黒字率,24歳以下,2000000707,29.1,％
黒字率,24歳以下,2000000808,20.2,％
黒字率,24歳以下,2000000909,-30.5,％
黒字率,24歳以下,2000001010,15.9,％
黒字率,24歳以下,2000001111,16.5,％
黒字率,24歳以下,2000001212,43.4,％
黒字率,24歳以下,2001000101,8.0,％
黒字率,24歳以下,2001000202,20.0,％
黒字率,24歳以下,2001000303,0.5,％
黒字率,24歳以下,2001000404,2.5,％
黒字率,24歳以下,2001000505,15.5,％
黒字率,24歳以下,2001000606,45.6,％
黒字率,24歳以下,2001000707,23.1,％
黒字率,24歳以下,2001000808,29.2,％
黒字率,24歳以下,2001000909,19.2,％
黒字率,24歳以下,2001001010,4.7,％
黒字率,24歳以下,2001001111,1.5,％
黒字率,24歳以下,2001001212,37.6,％
黒字率,24歳以下,2002000101,8.9,％
黒字率,24歳以下,2002000202,17.6,％
黒字率,24歳以下,2002000303,20.9,％
黒字率,24歳以下,2002000404,-35.3,％
黒字率,24歳以下,2002000505,29.3,％
黒字率,24歳以下,2002000606,36.0,％
黒字率,24歳以下,2002000707,38.9,％
黒字率,24歳以下,2002000808,27.1,％
黒字率,24歳以下,2002000909,27.1,％
黒字率,24歳以下,2002001010,25.8,％
黒字率,24歳以下,2002001111,15.0,％
黒字率,24歳以下,2002001212,40.3,％
黒字率,24歳以下,2003000101,-4.7,％
黒字率,24歳以下,2003000202,21.3,％
黒字率,24歳以下,2003000303,-1.6,％
黒字率,24歳以下,2003000404,20.3,％
黒字率,24歳以下,2003000505,-7.0,％
黒字率,24歳以下,2003000606,36.5,％
黒字率,24歳以下,2003000707,45.2,％
黒字率,24歳以下,2003000808,0.4,％
黒字率,24歳以下,2003000909,28.1,％
黒字率,24歳以下,2003001010,18.4,％
黒字率,24歳以下,2003001111,21.8,％
黒字率,24歳以下,2003001212,45.5,％
黒字率,24歳以下,2004000101,25.4,％
黒字率,24歳以下,2004000202,16.9,％
黒字率,24歳以下,2004000303,19.0,％
黒字率,24歳以下,2004000404,13.6,％
黒字率,24歳以下,2004000505,-6.4,％
黒字率,24歳以下,2004000606,24.0,％
黒字率,24歳以下,2004000707,28.4,％
黒字率,24歳以下,2004000808,-2.7,％
黒字率,24歳以下,2004000909,14.4,％
黒字率,24歳以下,2004001010,21.4,％
黒字率,24歳以下,2004001111,34.2,％
黒字率,24歳以下,2004001212,28.6,％
黒字率,24歳以下,2005000101,21.1,％
黒字率,24歳以下,2005000202,30.2,％
黒字率,24歳以下,2005000303,14.8,％
黒字率,24歳以下,2005000404,23.0,％
黒字率,24歳以下,2005000505,20.5,％
黒字率,24歳以下,2005000606,31.1,％
黒字率,24歳以下,2005000707,33.1,％
黒字率,24歳以下,2005000808,25.5,％
黒字率,24歳以下,2005000909,23.8,％
黒字率,24歳以下,2005001010,35.0,％
黒字率,24歳以下,2005001111,29.7,％
黒字率,24歳以下,2005001212,53.2,％
黒字率,24歳以下,2006000101,19.0,％
黒字率,24歳以下,2006000202,8.2,％
黒字率,24歳以下,2006000303,15.8,％
黒字率,24歳以下,2006000404,32.3,％
黒字率,24歳以下,2006000505,19.1,％
黒字率,24歳以下,2006000606,30.3,％
黒字率,24歳以下,2006000707,28.7,％
黒字率,24歳以下,2006000808,-4.6,％
黒字率,24歳以下,2006000909,17.5,％
黒字率,24歳以下,2006001010,16.5,％
黒字率,24歳以下,2006001111,29.9,％
黒字率,24歳以下,2006001212,39.4,％
黒字率,24歳以下,2007000101,15.8,％
黒字率,24歳以下,2007000202,28.9,％
黒字率,24歳以下,2007000303,12.8,％
黒字率,24歳以下,2007000404,34.1,％
黒字率,24歳以下,2007000505,-1.4,％
黒字率,24歳以下,2007000606,40.8,％
黒字率,24歳以下,2007000707,9.7,％
黒字率,24歳以下,2007000808,-10.2,％
黒字率,24歳以下,2007000909,8.8,％
黒字率,24歳以下,2007001010,-7.3,％
黒字率,24歳以下,2007001111,-6.1,％
黒字率,24歳以下,2007001212,29.5,％
黒字率,24歳以下,2008000101,-43.9,％
黒字率,24歳以下,2008000202,11.6,％
黒字率,24歳以下,2008000303,-8.2,％
黒字率,24歳以下,2008000404,12.0,％
黒字率,24歳以下,2008000505,29.8,％
黒字率,24歳以下,2008000606,23.1,％
黒字率,24歳以下,2008000707,34.2,％
黒字率,24歳以下,2008000808,1.9,％
黒字率,24歳以下,2008000909,17.9,％
黒字率,24歳以下,2008001010,17.1,％
黒字率,24歳以下,2008001111,13.0,％
黒字率,24歳以下,2008001212,31.7,％
黒字率,24歳以下,2009000101,-21.9,％
黒字率,24歳以下,2009000202,28.5,％
黒字率,24歳以下,2009000303,16.4,％
黒字率,24歳以下,2009000404,30.0,％
黒字率,24歳以下,2009000505,12.7,％
黒字率,24歳以下,2009000606,43.6,％
黒字率,24歳以下,2009000707,45.7,％
黒字率,24歳以下,2009000808,36.0,％
黒字率,24歳以下,2009000909,29.1,％
黒字率,24歳以下,2009001010,34.4,％
黒字率,24歳以下,2009001111,37.0,％
黒字率,24歳以下,2009001212,50.9,％
黒字率,24歳以下,2010000101,18.6,％
黒字率,24歳以下,2010000202,23.9,％
黒字率,24歳以下,2010000303,8.2,％
黒字率,24歳以下,2010000404,16.4,％
黒字率,24歳以下,2010000505,-8.9,％
黒字率,24歳以下,2010000606,32.4,％
黒字率,24歳以下,2010000707,34.1,％
黒字率,24歳以下,2010000808,-7.0,％
黒字率,24歳以下,2010000909,29.2,％
黒字率,24歳以下,2010001010,23.1,％
黒字率,24歳以下,2010001111,22.5,％
黒字率,24歳以下,2010001212,44.4,％
黒字率,24歳以下,2011000101,8.2,％
黒字率,24歳以下,2011000202,26.9,％
黒字率,24歳以下,2011000303,14.5,％
黒字率,24歳以下,2011000404,22.1,％
黒字率,24歳以下,2011000505,13.4,％
黒字率,24歳以下,2011000606,29.6,％
黒字率,24歳以下,2011000707,40.3,％
黒字率,24歳以下,2011000808,7.8,％
黒字率,24歳以下,2011000909,7.6,％
黒字率,24歳以下,2011001010,-1.8,％
黒字率,24歳以下,2011001111,23.8,％
黒字率,24歳以下,2011001212,43.3,％
黒字率,24歳以下,2012000101,38.7,％
黒字率,24歳以下,2012000202,36.3,％
黒字率,24歳以下,2012000303,26.9,％
黒字率,24歳以下,2012000404,21.9,％
黒字率,24歳以下,2012000505,30.5,％
黒字率,24歳以下,2012000606,30.5,％
黒字率,24歳以下,2012000707,35.4,％
黒字率,24歳以下,2012000808,28.2,％
黒字率,24歳以下,2012000909,19.0,％
黒字率,24歳以下,2012001010,19.8,％
黒字率,24歳以下,2012001111,25.8,％
黒字率,24歳以下,2012001212,30.0,％
黒字率,24歳以下,2013000101,11.3,％
黒字率,24歳以下,2013000202,-8.8,％
黒字率,24歳以下,2013000303,23.3,％
黒字率,24歳以下,2013000404,21.5,％
黒字率,24歳以下,2013000505,11.5,％
黒字率,24歳以下,2013000606,57.9,％
黒字率,24歳以下,2013000707,23.7,％
黒字率,24歳以下,2013000808,28.7,％
黒字率,24歳以下,2013000909,25.6,％
黒字率,24歳以下,2013001010,10.3,％
黒字率,24歳以下,2013001111,4.5,％
黒字率,24歳以下,2013001212,45.2,％
黒字率,24歳以下,2014000101,22.2,％
黒字率,24歳以下,2014000202,23.4,％
黒字率,24歳以下,2014000303,31.0,％
黒字率,24歳以下,2014000404,36.3,％
黒字率,24歳以下,2014000505,26.4,％
黒字率,24歳以下,2014000606,36.1,％
黒字率,24歳以下,2014000707,53.3,％
黒字率,24歳以下,2014000808,15.0,％
黒字率,24歳以下,2014000909,27.4,％
黒字率,24歳以下,2014001010,7.6,％
黒字率,24歳以下,2014001111,12.6,％
黒字率,24歳以下,2014001212,52.5,％
黒字率,34歳以下,2015000101,14.2,％
黒字率,34歳以下,2015000202,27.6,％
黒字率,34歳以下,2015000303,15.1,％
黒字率,34歳以下,2015000404,20.1,％
黒字率,34歳以下,2015000505,18.9,％
黒字率,34歳以下,2015000606,57.8,％
黒字率,34歳以下,2015000707,39.7,％
黒字率,34歳以下,2015000808,11.9,％
黒字率,34歳以下,2015000909,21.0,％
黒字率,34歳以下,2015001010,34.6,％
黒字率,34歳以下,2015001111,14.8,％
黒字率,34歳以下,2015001212,58.7,％
黒字率,34歳以下,2016000101,25.1,％
黒字率,34歳以下,2016000202,31.6,％
黒字率,34歳以下,2016000303,34.9,％
黒字率,34歳以下,2016000404,28.4,％
黒字率,34歳以下,2016000505,19.9,％
黒字率,34歳以下,2016000606,56.1,％
黒字率,34歳以下,2016000707,39.9,％
黒字率,34歳以下,2016000808,28.6,％
黒字率,34歳以下,2016000909,25.7,％
黒字率,34歳以下,2016001010,33.3,％
黒字率,34歳以下,2016001111,24.0,％
黒字率,34歳以下,2016001212,60.2,％
黒字率,34歳以下,2017000101,26.1,％
黒字率,34歳以下,2017000202,38.3,％
黒字率,34歳以下,2017000303,25.1,％
黒字率,34歳以下,2017000404,27.3,％
黒字率,34歳以下,2017000505,18.3,％
黒字率,34歳以下,2017000606,56.3,％
黒字率,34歳以下,2017000707,43.6,％
黒字率,34歳以下,2017000808,26.3,％
黒字率,34歳以下,2017000909,25.4,％
黒字率,34歳以下,2017001010,34.3,％
黒字率,34歳以下,2017001111,23.5,％
黒字率,34歳以下,2017001212,62.0,％
黒字率,34歳以下,2018000101,22.2,％
黒字率,34歳以下,2018000202,31.9,％
黒字率,34歳以下,2018000303,27.0,％
黒字率,34歳以下,2018000404,23.1,％
黒字率,34歳以下,2018000505,21.3,％
黒字率,34歳以下,2018000606,53.0,％
黒字率,34歳以下,2018000707,47.1,％
黒字率,34歳以下,2018000808,28.3,％
黒字率,34歳以下,2018000909,28.7,％
黒字率,34歳以下,2018001010,34.7,％
黒字率,34歳以下,2018001111,25.7,％
黒字率,34歳以下,2018001212,62.0,％
黒字率,34歳以下,2019000101,29.7,％
黒字率,34歳以下,2019000202,36.4,％
黒字率,34歳以下,2019000303,26.1,％
黒字率,34歳以下,2019000404,36.0,％
黒字率,34歳以下,2019000505,20.2,％
黒字率,34歳以下,2019000606,59.0,％
黒字率,34歳以下,2019000707,44.8,％
黒字率,34歳以下,2019000808,24.6,％
黒字率,34歳以下,2019000909,22.0,％
黒字率,34歳以下,2019001010,46.9,％
黒字率,34歳以下,2019001111,28.7,％
黒字率,34歳以下,2019001212,67.5,％
黒字率,34歳以下,2020000101,36.2,％
黒字率,34歳以下,2020000202,30.9,％
黒字率,34歳以下,2020000303,29.5,％
黒字率,34歳以下,2020000404,39.1,％
黒字率,34歳以下,2020000505,34.4,％
黒字率,34歳以下,2020000606,68.7,％
黒字率,34歳以下,2020000707,54.2,％
黒字率,34歳以下,2020000808,23.8,％
黒字率,34歳以下,2020000909,20.4,％
黒字率,34歳以下,2020001010,34.3,％
黒字率,34歳以下,2020001111,21.5,％
黒字率,34歳以下,2020001212,66.6,％
黒字率,34歳以下,2021000101,36.7,％
黒字率,34歳以下,2021000202,48.3,％
黒字率,34歳以下,2021000303,34.3,％
黒字率,34歳以下,2021000404,29.8,％
黒字率,34歳以下,2021000505,15.3,％
黒字率,34歳以下,2021000606,63.1,％
黒字率,34歳以下,2021000707,49.2,％
黒字率,34歳以下,2021000808,33.1,％
黒字率,34歳以下,2021000909,38.1,％
黒字率,34歳以下,2021001010,43.8,％
黒字率,34歳以下,2021001111,34.9,％
黒字率,34歳以下,2021001212,69.3,％
黒字率,34歳以下,2022000101,35.6,％
黒字率,34歳以下,2022000202,41.0,％
黒字率,34歳以下,2022000303,35.0,％
黒字率,34歳以下,2022000404,34.5,％
黒字率,34歳以下,2022000505,30.2,％
黒字率,34歳以下,2022000606,64.1,％
黒字率,34歳以下,2022000707,48.0,％
黒字率,34歳以下,2022000808,37.2,％
黒字率,34歳以下,2022000909,38.8,％
黒字率,34歳以下,2022001010,41.6,％
黒字率,34歳以下,2022001111,28.7,％
黒字率,34歳以下,2022001212,67.9,％
黒字率,34歳以下,2023000101,21.6,％
黒字率,34歳以下,2023000202,38.8,％
黒字率,34歳以下,2023000303,36.9,％
黒字率,34歳以下,2023000404,30.7,％
黒字率,34歳以下,2023000505,29.6,％
黒字率,34歳以下,2023000606,66.4,％
黒字率,34歳以下,2023000707,47.0,％
黒字率,34歳以下,2023000808,34.1,％
黒字率,34歳以下,2023000909,42.1,％
黒字率,34歳以下,2023001010,36.3,％
黒字率,34歳以下,2023001111,35.6,％
黒字率,34歳以下,2023001212,68.2,％
黒字率,34歳以下,2024000101,32.3,％
黒字率,34歳以下,2024000202,39.8,％
黒字率,34歳以下,2024000303,25.4,％
黒字率,34歳以下,2024000404,41.4,％
黒字率,34歳以下,2024000505,30.0,％
黒字率,34歳以下,2024000606,66.9,％
黒字率,34歳以下,2024000707,45.8,％
黒字率,34歳以下,2024000808,38.0,％
黒字率,34歳以下,2024000909,39.0,％
黒字率,34歳以下,2024001010,40.3,％
黒字率,34歳以下,2024001111,40.8,％
黒字率,34歳以下,2024001212,64.6,％
黒字率,34歳以下,2025000101,42.4,％
黒字率,34歳以下,2025000202,43.8,％
黒字率,34歳以下,2025000303,21.3,％
黒字率,34歳以下,2025000404,36.5,％
黒字率,34歳以下,2025000505,29.8,％
黒字率,34歳以下,2025000606,65.0,％
黒字率,34歳以下,2025000707,45.5,％
黒字率,34歳以下,2025000808,43.9,％
黒字率,34歳以下,2025000909,34.3,％
黒字率,34歳以下,2025001010,39.2,％
黒字率,34歳以下,2025001111,26.1,％
黒字率,34歳以下,2025001212,68.2,％
黒字率,34歳以下,2026000101,39.7,％
黒字率,34歳以下,2026000202,39.0,％
黒字率,34歳以下,2026000303,35.5,％
黒字率,34歳以下,2026000404,33.1,％
黒字率,34歳以下,2026000505,31.1,％
黒字率,25～29歳,2000000101,21.1,％
黒字率,25～29歳,2000000202,22.7,％
黒字率,25～29歳,2000000303,16.1,％
黒字率,25～29歳,2000000404,18.5,％
黒字率,25～29歳,2000000505,15.0,％
黒字率,25～29歳,2000000606,38.1,％
黒字率,25～29歳,2000000707,37.4,％
黒字率,25～29歳,2000000808,15.9,％
黒字率,25～29歳,2000000909,20.5,％
黒字率,25～29歳,2000001010,13.9,％
黒字率,25～29歳,2000001111,13.5,％
黒字率,25～29歳,2000001212,53.1,％
黒字率,25～29歳,2001000101,17.7,％
黒字率,25～29歳,2001000202,21.8,％
黒字率,25～29歳,2001000303,23.3,％
黒字率,25～29歳,2001000404,10.3,％
黒字率,25～29歳,2001000505,14.4,％
黒字率,25～29歳,2001000606,45.1,％
黒字率,25～29歳,2001000707,37.7,％
黒字率,25～29歳,2001000808,19.3,％
黒字率,25～29歳,2001000909,19.2,％
黒字率,25～29歳,2001001010,-17.2,％
黒字率,25～29歳,2001001111,12.2,％
黒字率,25～29歳,2001001212,51.4,％
黒字率,25～29歳,2002000101,19.6,％
黒字率,25～29歳,2002000202,25.4,％
黒字率,25～29歳,2002000303,11.5,％
黒字率,25～29歳,2002000404,13.3,％
黒字率,25～29歳,2002000505,11.9,％
黒字率,25～29歳,2002000606,40.6,％
黒字率,25～29歳,2002000707,32.6,％
黒字率,25～29歳,2002000808,27.7,％
黒字率,25～29歳,2002000909,-0.5,％
黒字率,25～29歳,2002001010,23.2,％
黒字率,25～29歳,2002001111,22.3,％
黒字率,25～29歳,2002001212,56.7,％
黒字率,25～29歳,2003000101,27.2,％
黒字率,25～29歳,2003000202,26.0,％
黒字率,25～29歳,2003000303,18.4,％
黒字率,25～29歳,2003000404,26.4,％
黒字率,25～29歳,2003000505,21.2,％
黒字率,25～29歳,2003000606,49.0,％
黒字率,25～29歳,2003000707,33.4,％
黒字率,25～29歳,2003000808,14.3,％
黒字率,25～29歳,2003000909,23.5,％
黒字率,25～29歳,2003001010,17.6,％
黒字率,25～29歳,2003001111,18.2,％
黒字率,25～29歳,2003001212,50.7,％
黒字率,25～29歳,2004000101,18.9,％
黒字率,25～29歳,2004000202,29.6,％
黒字率,25～29歳,2004000303,9.9,％
黒字率,25～29歳,2004000404,14.8,％
黒字率,25～29歳,2004000505,16.2,％
黒字率,25～29歳,2004000606,41.9,％
黒字率,25～29歳,2004000707,22.7,％
黒字率,25～29歳,2004000808,10.1,％
黒字率,25～29歳,2004000909,24.0,％
黒字率,25～29歳,2004001010,15.9,％
黒字率,25～29歳,2004001111,15.2,％
黒字率,25～29歳,2004001212,50.2,％
黒字率,25～29歳,2005000101,4.4,％
黒字率,25～29歳,2005000202,20.3,％
黒字率,25～29歳,2005000303,23.1,％
黒字率,25～29歳,2005000404,25.0,％
黒字率,25～29歳,2005000505,15.8,％
黒字率,25～29歳,2005000606,48.9,％
黒字率,25～29歳,2005000707,26.0,％
黒字率,25～29歳,2005000808,16.0,％
黒字率,25～29歳,2005000909,9.4,％
黒字率,25～29歳,2005001010,14.6,％
黒字率,25～29歳,2005001111,15.7,％
黒字率,25～29歳,2005001212,44.3,％
黒字率,25～29歳,2006000101,13.4,％
黒字率,25～29歳,2006000202,11.7,％
黒字率,25～29歳,2006000303,1.4,％
黒字率,25～29歳,2006000404,24.9,％
黒字率,25～29歳,2006000505,16.1,％
黒字率,25～29歳,2006000606,30.4,％
黒字率,25～29歳,2006000707,30.9,％
黒字率,25～29歳,2006000808,17.8,％
黒字率,25～29歳,2006000909,18.1,％
黒字率,25～29歳,2006001010,17.2,％
黒字率,25～29歳,2006001111,14.0,％
黒字率,25～29歳,2006001212,49.1,％
黒字率,25～29歳,2007000101,16.1,％
黒字率,25～29歳,2007000202,19.8,％
黒字率,25～29歳,2007000303,22.0,％
黒字率,25～29歳,2007000404,16.2,％
黒字率,25～29歳,2007000505,14.4,％
黒字率,25～29歳,2007000606,37.1,％
黒字率,25～29歳,2007000707,34.9,％
黒字率,25～29歳,2007000808,20.8,％
黒字率,25～29歳,2007000909,25.6,％
黒字率,25～29歳,2007001010,22.0,％
黒字率,25～29歳,2007001111,22.5,％
黒字率,25～29歳,2007001212,51.7,％
黒字率,25～29歳,2008000101,21.8,％
黒字率,25～29歳,2008000202,22.9,％
黒字率,25～29歳,2008000303,21.1,％
黒字率,25～29歳,2008000404,15.8,％
黒字率,25～29歳,2008000505,-4.4,％
黒字率,25～29歳,2008000606,28.2,％
黒字率,25～29歳,2008000707,37.8,％
黒字率,25～29歳,2008000808,18.9,％
黒字率,25～29歳,2008000909,18.3,％
黒字率,25～29歳,2008001010,12.6,％
黒字率,25～29歳,2008001111,11.2,％
黒字率,25～29歳,2008001212,57.3,％
黒字率,25～29歳,2009000101,29.5,％
黒字率,25～29歳,2009000202,14.3,％
黒字率,25～29歳,2009000303,18.4,％
黒字率,25～29歳,2009000404,20.5,％
黒字率,25～29歳,2009000505,22.1,％
黒字率,25～29歳,2009000606,31.4,％
黒字率,25～29歳,2009000707,29.0,％
黒字率,25～29歳,2009000808,9.6,％
黒字率,25～29歳,2009000909,11.3,％
黒字率,25～29歳,2009001010,9.0,％
黒字率,25～29歳,2009001111,23.9,％
黒字率,25～29歳,2009001212,57.7,％
黒字率,25～29歳,2010000101,17.8,％
黒字率,25～29歳,2010000202,28.0,％
黒字率,25～29歳,2010000303,8.5,％
黒字率,25～29歳,2010000404,20.2,％
黒字率,25～29歳,2010000505,18.9,％
黒字率,25～29歳,2010000606,47.7,％
黒字率,25～29歳,2010000707,27.8,％
黒字率,25～29歳,2010000808,24.0,％
黒字率,25～29歳,2010000909,21.4,％
黒字率,25～29歳,2010001010,26.5,％
黒字率,25～29歳,2010001111,13.7,％
黒字率,25～29歳,2010001212,50.9,％
黒字率,25～29歳,2011000101,23.3,％
黒字率,25～29歳,2011000202,31.2,％
黒字率,25～29歳,2011000303,18.5,％
黒字率,25～29歳,2011000404,26.8,％
黒字率,25～29歳,2011000505,8.5,％
黒字率,25～29歳,2011000606,45.2,％
黒字率,25～29歳,2011000707,33.7,％
黒字率,25～29歳,2011000808,29.6,％
黒字率,25～29歳,2011000909,24.2,％
黒字率,25～29歳,2011001010,25.3,％
黒字率,25～29歳,2011001111,17.8,％
黒字率,25～29歳,2011001212,49.2,％
黒字率,25～29歳,2012000101,14.8,％
黒字率,25～29歳,2012000202,28.1,％
黒字率,25～29歳,2012000303,23.5,％
黒字率,25～29歳,2012000404,18.8,％
黒字率,25～29歳,2012000505,9.6,％
黒字率,25～29歳,2012000606,39.8,％
黒字率,25～29歳,2012000707,-3.1,％
黒字率,25～29歳,2012000808,21.7,％
黒字率,25～29歳,2012000909,25.4,％
黒字率,25～29歳,2012001010,19.4,％
黒字率,25～29歳,2012001111,20.0,％
黒字率,25～29歳,2012001212,50.6,％
黒字率,25～29歳,2013000101,14.2,％
黒字率,25～29歳,2013000202,29.3,％
黒字率,25～29歳,2013000303,22.0,％
黒字率,25～29歳,2013000404,22.3,％
黒字率,25～29歳,2013000505,16.1,％
黒字率,25～29歳,2013000606,55.8,％
黒字率,25～29歳,2013000707,29.1,％
黒字率,25～29歳,2013000808,24.4,％
黒字率,25～29歳,2013000909,13.4,％
黒字率,25～29歳,2013001010,28.8,％
黒字率,25～29歳,2013001111,21.4,％
黒字率,25～29歳,2013001212,50.5,％
黒字率,25～29歳,2014000101,20.6,％
黒字率,25～29歳,2014000202,33.7,％
黒字率,25～29歳,2014000303,1.8,％
黒字率,25～29歳,2014000404,-16.0,％
黒字率,25～29歳,2014000505,20.0,％
黒字率,25～29歳,2014000606,36.0,％
黒字率,25～29歳,2014000707,30.5,％
黒字率,25～29歳,2014000808,23.8,％
黒字率,25～29歳,2014000909,20.7,％
黒字率,25～29歳,2014001010,32.1,％
黒字率,25～29歳,2014001111,-16.6,％
黒字率,25～29歳,2014001212,55.3,％
黒字率,30～34歳,2000000101,14.6,％
黒字率,30～34歳,2000000202,21.4,％
黒字率,30～34歳,2000000303,17.8,％
黒字率,30～34歳,2000000404,21.5,％
黒字率,30～34歳,2000000505,17.4,％
黒字率,30～34歳,2000000606,48.6,％
黒字率,30～34歳,2000000707,40.7,％
黒字率,30～34歳,2000000808,23.1,％
黒字率,30～34歳,2000000909,18.3,％
黒字率,30～34歳,2000001010,23.2,％
黒字率,30～34歳,2000001111,22.5,％
黒字率,30～34歳,2000001212,55.2,％
黒字率,30～34歳,2001000101,17.3,％
黒字率,30～34歳,2001000202,27.8,％
黒字率,30～34歳,2001000303,22.5,％
黒字率,30～34歳,2001000404,21.1,％
黒字率,30～34歳,2001000505,18.0,％
黒字率,30～34歳,2001000606,55.4,％
黒字率,30～34歳,2001000707,36.6,％
黒字率,30～34歳,2001000808,18.9,％
黒字率,30～34歳,2001000909,25.0,％
黒字率,30～34歳,2001001010,26.2,％
黒字率,30～34歳,2001001111,20.4,％
黒字率,30～34歳,2001001212,63.4,％
黒字率,30～34歳,2002000101,24.1,％
黒字率,30～34歳,2002000202,29.8,％
黒字率,30～34歳,2002000303,23.4,％
黒字率,30～34歳,2002000404,24.8,％
黒字率,30～34歳,2002000505,15.4,％
黒字率,30～34歳,2002000606,50.0,％
黒字率,30～34歳,2002000707,39.0,％
黒字率,30～34歳,2002000808,25.9,％
黒字率,30～34歳,2002000909,19.3,％
黒字率,30～34歳,2002001010,25.5,％
黒字率,30～34歳,2002001111,20.6,％
黒字率,30～34歳,2002001212,59.0,％
黒字率,30～34歳,2003000101,13.2,％
黒字率,30～34歳,2003000202,24.3,％
黒字率,30～34歳,2003000303,22.2,％
黒字率,30～34歳,2003000404,23.6,％
黒字率,30～34歳,2003000505,22.9,％
黒字率,30～34歳,2003000606,44.2,％
黒字率,30～34歳,2003000707,37.3,％
黒字率,30～34歳,2003000808,21.9,％
黒字率,30～34歳,2003000909,16.9,％
黒字率,30～34歳,2003001010,19.6,％
黒字率,30～34歳,2003001111,24.6,％
黒字率,30～34歳,2003001212,59.8,％
黒字率,30～34歳,2004000101,19.6,％
黒字率,30～34歳,2004000202,21.7,％
黒字率,30～34歳,2004000303,20.3,％
黒字率,30～34歳,2004000404,23.9,％
黒字率,30～34歳,2004000505,6.9,％
黒字率,30～34歳,2004000606,47.4,％
黒字率,30～34歳,2004000707,38.9,％
黒字率,30～34歳,2004000808,14.8,％
黒字率,30～34歳,2004000909,26.2,％
黒字率,30～34歳,2004001010,25.3,％
黒字率,30～34歳,2004001111,18.0,％
黒字率,30～34歳,2004001212,56.6,％
黒字率,30～34歳,2005000101,19.5,％
黒字率,30～34歳,2005000202,32.7,％
黒字率,30～34歳,2005000303,23.5,％
黒字率,30～34歳,2005000404,26.2,％
黒字率,30～34歳,2005000505,19.6,％
黒字率,30～34歳,2005000606,51.1,％
黒字率,30～34歳,2005000707,37.2,％
黒字率,30～34歳,2005000808,20.5,％
黒字率,30～34歳,2005000909,18.1,％
黒字率,30～34歳,2005001010,23.4,％
黒字率,30～34歳,2005001111,26.1,％
黒字率,30～34歳,2005001212,54.8,％
黒字率,30～34歳,2006000101,19.2,％
黒字率,30～34歳,2006000202,26.3,％
黒字率,30～34歳,2006000303,21.2,％
黒字率,30～34歳,2006000404,20.3,％
黒字率,30～34歳,2006000505,18.9,％
黒字率,30～34歳,2006000606,48.7,％
黒字率,30～34歳,2006000707,41.0,％
黒字率,30～34歳,2006000808,25.4,％
黒字率,30～34歳,2006000909,28.4,％
黒字率,30～34歳,2006001010,19.5,％
黒字率,30～34歳,2006001111,19.2,％
黒字率,30～34歳,2006001212,58.0,％
黒字率,30～34歳,2007000101,22.5,％
黒字率,30～34歳,2007000202,29.9,％
黒字率,30～34歳,2007000303,19.8,％
黒字率,30～34歳,2007000404,21.7,％
黒字率,30～34歳,2007000505,11.0,％
黒字率,30～34歳,2007000606,46.0,％
黒字率,30～34歳,2007000707,36.4,％
黒字率,30～34歳,2007000808,21.1,％
黒字率,30～34歳,2007000909,22.7,％
黒字率,30～34歳,2007001010,17.2,％
黒字率,30～34歳,2007001111,23.6,％
黒字率,30～34歳,2007001212,51.4,％
黒字率,30～34歳,2008000101,6.9,％
黒字率,30～34歳,2008000202,27.2,％
黒字率,30～34歳,2008000303,21.5,％
黒字率,30～34歳,2008000404,25.0,％
黒字率,30～34歳,2008000505,17.4,％
黒字率,30～34歳,2008000606,48.7,％
黒字率,30～34歳,2008000707,41.2,％
黒字率,30～34歳,2008000808,26.5,％
黒字率,30～34歳,2008000909,21.1,％
黒字率,30～34歳,2008001010,30.3,％
黒字率,30～34歳,2008001111,21.6,％
黒字率,30～34歳,2008001212,55.4,％
黒字率,30～34歳,2009000101,23.4,％
黒字率,30～34歳,2009000202,25.7,％
黒字率,30～34歳,2009000303,14.4,％
黒字率,30～34歳,2009000404,22.7,％
黒字率,30～34歳,2009000505,13.6,％
黒字率,30～34歳,2009000606,48.1,％
黒字率,30～34歳,2009000707,40.2,％
黒字率,30～34歳,2009000808,21.4,％
黒字率,30～34歳,2009000909,21.4,％
黒字率,30～34歳,2009001010,17.3,％
黒字率,30～34歳,2009001111,11.3,％
黒字率,30～34歳,2009001212,55.7,％
黒字率,30～34歳,2010000101,21.3,％
黒字率,30～34歳,2010000202,26.0,％
黒字率,30～34歳,2010000303,20.6,％
黒字率,30～34歳,2010000404,29.5,％
黒字率,30～34歳,2010000505,14.5,％
黒字率,30～34歳,2010000606,51.5,％
黒字率,30～34歳,2010000707,38.0,％
黒字率,30～34歳,2010000808,10.8,％
黒字率,30～34歳,2010000909,16.9,％
黒字率,30～34歳,2010001010,28.3,％
黒字率,30～34歳,2010001111,20.8,％
黒字率,30～34歳,2010001212,57.1,％
黒字率,30～34歳,2011000101,14.5,％
黒字率,30～34歳,2011000202,29.4,％
黒字率,30～34歳,2011000303,19.3,％
黒字率,30～34歳,2011000404,18.6,％
黒字率,30～34歳,2011000505,11.2,％
黒字率,30～34歳,2011000606,49.9,％
黒字率,30～34歳,2011000707,33.9,％
黒字率,30～34歳,2011000808,24.5,％
黒字率,30～34歳,2011000909,17.4,％
黒字率,30～34歳,2011001010,23.7,％
黒字率,30～34歳,2011001111,15.9,％
黒字率,30～34歳,2011001212,54.7,％
黒字率,30～34歳,2012000101,9.8,％
黒字率,30～34歳,2012000202,27.1,％
黒字率,30～34歳,2012000303,16.5,％
黒字率,30～34歳,2012000404,12.1,％
黒字率,30～34歳,2012000505,15.0,％
黒字率,30～34歳,2012000606,46.1,％
黒字率,30～34歳,2012000707,28.5,％
黒字率,30～34歳,2012000808,18.2,％
黒字率,30～34歳,2012000909,27.3,％
黒字率,30～34歳,2012001010,33.3,％
黒字率,30～34歳,2012001111,22.7,％
黒字率,30～34歳,2012001212,55.0,％
黒字率,30～34歳,2013000101,23.2,％
黒字率,30～34歳,2013000202,27.6,％
黒字率,30～34歳,2013000303,14.6,％
黒字率,30～34歳,2013000404,17.5,％
黒字率,30～34歳,2013000505,10.0,％
黒字率,30～34歳,2013000606,51.6,％
黒字率,30～34歳,2013000707,35.0,％
黒字率,30～34歳,2013000808,18.6,％
黒字率,30～34歳,2013000909,22.1,％
黒字率,30～34歳,2013001010,27.4,％
黒字率,30～34歳,2013001111,21.2,％
黒字率,30～34歳,2013001212,56.0,％
黒字率,30～34歳,2014000101,19.2,％
黒字率,30～34歳,2014000202,31.9,％
黒字率,30～34歳,2014000303,2.5,％
黒字率,30～34歳,2014000404,20.6,％
黒字率,30～34歳,2014000505,21.5,％
黒字率,30～34歳,2014000606,54.9,％
黒字率,30～34歳,2014000707,44.9,％
黒字率,30～34歳,2014000808,27.6,％
黒字率,30～34歳,2014000909,23.9,％
黒字率,30～34歳,2014001010,29.6,％
黒字率,30～34歳,2014001111,19.4,％
黒字率,30～34歳,2014001212,55.1,％
黒字率,35～39歳,2000000101,18.0,％
黒字率,35～39歳,2000000202,23.3,％
黒字率,35～39歳,2000000303,23.9,％
黒字率,35～39歳,2000000404,24.2,％
黒字率,35～39歳,2000000505,14.5,％
黒字率,35～39歳,2000000606,56.1,％
黒字率,35～39歳,2000000707,34.2,％
黒字率,35～39歳,2000000808,22.2,％
黒字率,35～39歳,2000000909,21.9,％
黒字率,35～39歳,2000001010,21.7,％
黒字率,35～39歳,2000001111,20.7,％
黒字率,35～39歳,2000001212,60.4,％
黒字率,35～39歳,2001000101,21.6,％
黒字率,35～39歳,2001000202,23.4,％
黒字率,35～39歳,2001000303,21.1,％
黒字率,35～39歳,2001000404,23.8,％
黒字率,35～39歳,2001000505,14.2,％
黒字率,35～39歳,2001000606,54.5,％
黒字率,35～39歳,2001000707,36.8,％
黒字率,35～39歳,2001000808,20.8,％
黒字率,35～39歳,2001000909,27.3,％
黒字率,35～39歳,2001001010,23.4,％
黒字率,35～39歳,2001001111,19.8,％
黒字率,35～39歳,2001001212,59.3,％
黒字率,35～39歳,2002000101,23.5,％
黒字率,35～39歳,2002000202,29.1,％
黒字率,35～39歳,2002000303,19.0,％
黒字率,35～39歳,2002000404,20.4,％
黒字率,35～39歳,2002000505,14.8,％
黒字率,35～39歳,2002000606,52.6,％
黒字率,35～39歳,2002000707,37.6,％
黒字率,35～39歳,2002000808,27.6,％
黒字率,35～39歳,2002000909,22.8,％
黒字率,35～39歳,2002001010,28.4,％
黒字率,35～39歳,2002001111,20.0,％
黒字率,35～39歳,2002001212,58.8,％
黒字率,35～39歳,2003000101,21.1,％
黒字率,35～39歳,2003000202,29.3,％
黒字率,35～39歳,2003000303,18.3,％
黒字率,35～39歳,2003000404,18.7,％
黒字率,35～39歳,2003000505,15.1,％
黒字率,35～39歳,2003000606,54.0,％
黒字率,35～39歳,2003000707,38.0,％
黒字率,35～39歳,2003000808,24.7,％
黒字率,35～39歳,2003000909,26.1,％
黒字率,35～39歳,2003001010,24.7,％
黒字率,35～39歳,2003001111,22.1,％
黒字率,35～39歳,2003001212,57.2,％
黒字率,35～39歳,2004000101,20.5,％
黒字率,35～39歳,2004000202,25.4,％
黒字率,35～39歳,2004000303,26.2,％
黒字率,35～39歳,2004000404,26.7,％
黒字率,35～39歳,2004000505,16.5,％
黒字率,35～39歳,2004000606,47.1,％
黒字率,35～39歳,2004000707,39.5,％
黒字率,35～39歳,2004000808,25.0,％
黒字率,35～39歳,2004000909,26.2,％
黒字率,35～39歳,2004001010,20.6,％
黒字率,35～39歳,2004001111,24.4,％
黒字率,35～39歳,2004001212,57.7,％
黒字率,35～39歳,2005000101,10.6,％
黒字率,35～39歳,2005000202,22.3,％
黒字率,35～39歳,2005000303,21.5,％
黒字率,35～39歳,2005000404,15.5,％
黒字率,35～39歳,2005000505,8.6,％
黒字率,35～39歳,2005000606,53.5,％
黒字率,35～39歳,2005000707,34.6,％
黒字率,35～39歳,2005000808,21.2,％
黒字率,35～39歳,2005000909,20.0,％
黒字率,35～39歳,2005001010,23.1,％
黒字率,35～39歳,2005001111,21.6,％
黒字率,35～39歳,2005001212,55.6,％
黒字率,35～39歳,2006000101,19.9,％
黒字率,35～39歳,2006000202,25.9,％
黒字率,35～39歳,2006000303,19.8,％
黒字率,35～39歳,2006000404,21.4,％
黒字率,35～39歳,2006000505,6.6,％
黒字率,35～39歳,2006000606,50.8,％
黒字率,35～39歳,2006000707,35.0,％
黒字率,35～39歳,2006000808,25.6,％
黒字率,35～39歳,2006000909,26.5,％
黒字率,35～39歳,2006001010,30.6,％
黒字率,35～39歳,2006001111,23.4,％
黒字率,35～39歳,2006001212,60.7,％
黒字率,35～39歳,2007000101,23.3,％
黒字率,35～39歳,2007000202,35.0,％
黒字率,35～39歳,2007000303,26.0,％
黒字率,35～39歳,2007000404,28.2,％
黒字率,35～39歳,2007000505,14.0,％
黒字率,35～39歳,2007000606,53.3,％
黒字率,35～39歳,2007000707,41.5,％
黒字率,35～39歳,2007000808,20.2,％
黒字率,35～39歳,2007000909,20.4,％
黒字率,35～39歳,2007001010,24.5,％
黒字率,35～39歳,2007001111,21.8,％
黒字率,35～39歳,2007001212,57.6,％
黒字率,35～39歳,2008000101,11.6,％
黒字率,35～39歳,2008000202,31.0,％
黒字率,35～39歳,2008000303,15.9,％
黒字率,35～39歳,2008000404,20.7,％
黒字率,35～39歳,2008000505,13.6,％
黒字率,35～39歳,2008000606,49.2,％
黒字率,35～39歳,2008000707,31.0,％
黒字率,35～39歳,2008000808,19.2,％
黒字率,35～39歳,2008000909,22.4,％
黒字率,35～39歳,2008001010,26.2,％
黒字率,35～39歳,2008001111,20.5,％
黒字率,35～39歳,2008001212,58.8,％
黒字率,35～39歳,2009000101,22.2,％
黒字率,35～39歳,2009000202,29.7,％
黒字率,35～39歳,2009000303,10.9,％
黒字率,35～39歳,2009000404,22.0,％
黒字率,35～39歳,2009000505,14.7,％
黒字率,35～39歳,2009000606,51.3,％
黒字率,35～39歳,2009000707,37.2,％
黒字率,35～39歳,2009000808,14.4,％
黒字率,35～39歳,2009000909,24.7,％
黒字率,35～39歳,2009001010,25.7,％
黒字率,35～39歳,2009001111,25.6,％
黒字率,35～39歳,2009001212,57.9,％
黒字率,35～39歳,2010000101,17.0,％
黒字率,35～39歳,2010000202,28.0,％
黒字率,35～39歳,2010000303,12.2,％
黒字率,35～39歳,2010000404,25.4,％
黒字率,35～39歳,2010000505,10.8,％
黒字率,35～39歳,2010000606,53.9,％
黒字率,35～39歳,2010000707,40.1,％
黒字率,35～39歳,2010000808,13.7,％
黒字率,35～39歳,2010000909,20.6,％
黒字率,35～39歳,2010001010,33.8,％
黒字率,35～39歳,2010001111,21.5,％
黒字率,35～39歳,2010001212,58.0,％
黒字率,35～39歳,2011000101,20.6,％
黒字率,35～39歳,2011000202,35.0,％
黒字率,35～39歳,2011000303,16.8,％
黒字率,35～39歳,2011000404,23.2,％
黒字率,35～39歳,2011000505,10.0,％
黒字率,35～39歳,2011000606,52.7,％
黒字率,35～39歳,2011000707,41.5,％
黒字率,35～39歳,2011000808,21.2,％
黒字率,35～39歳,2011000909,24.4,％
黒字率,35～39歳,2011001010,29.3,％
黒字率,35～39歳,2011001111,22.0,％
黒字率,35～39歳,2011001212,55.5,％
黒字率,35～39歳,2012000101,19.4,％
黒字率,35～39歳,2012000202,33.5,％
黒字率,35～39歳,2012000303,25.7,％
黒字率,35～39歳,2012000404,22.5,％
黒字率,35～39歳,2012000505,11.7,％
黒字率,35～39歳,2012000606,54.8,％
黒字率,35～39歳,2012000707,41.0,％
黒字率,35～39歳,2012000808,18.8,％
黒字率,35～39歳,2012000909,25.0,％
黒字率,35～39歳,2012001010,32.4,％
黒字率,35～39歳,2012001111,20.5,％
黒字率,35～39歳,2012001212,56.9,％
黒字率,35～39歳,2013000101,11.7,％
黒字率,35～39歳,2013000202,30.7,％
黒字率,35～39歳,2013000303,20.2,％
黒字率,35～39歳,2013000404,16.3,％
黒字率,35～39歳,2013000505,13.8,％
黒字率,35～39歳,2013000606,51.8,％
黒字率,35～39歳,2013000707,34.8,％
黒字率,35～39歳,2013000808,25.8,％
黒字率,35～39歳,2013000909,21.7,％
黒字率,35～39歳,2013001010,27.5,％
黒字率,35～39歳,2013001111,21.7,％
黒字率,35～39歳,2013001212,54.7,％
黒字率,35～39歳,2014000101,19.4,％
黒字率,35～39歳,2014000202,31.1,％
黒字率,35～39歳,2014000303,10.0,％
黒字率,35～39歳,2014000404,27.5,％
黒字率,35～39歳,2014000505,16.2,％
黒字率,35～39歳,2014000606,51.2,％
黒字率,35～39歳,2014000707,40.2,％
黒字率,35～39歳,2014000808,24.0,％
黒字率,35～39歳,2014000909,13.7,％
黒字率,35～39歳,2014001010,26.5,％
黒字率,35～39歳,2014001111,21.2,％
黒字率,35～39歳,2014001212,59.9,％
黒字率,35～39歳,2015000101,20.6,％
黒字率,35～39歳,2015000202,37.3,％
黒字率,35～39歳,2015000303,21.6,％
黒字率,35～39歳,2015000404,24.3,％
黒字率,35～39歳,2015000505,19.9,％
黒字率,35～39歳,2015000606,49.2,％
黒字率,35～39歳,2015000707,39.9,％
黒字率,35～39歳,2015000808,22.8,％
黒字率,35～39歳,2015000909,21.8,％
黒字率,35～39歳,2015001010,32.8,％
黒字率,35～39歳,2015001111,22.1,％
黒字率,35～39歳,2015001212,61.6,％
黒字率,35～39歳,2016000101,14.0,％
黒字率,35～39歳,2016000202,23.8,％
黒字率,35～39歳,2016000303,26.1,％
黒字率,35～39歳,2016000404,23.9,％
黒字率,35～39歳,2016000505,12.8,％
黒字率,35～39歳,2016000606,55.5,％
黒字率,35～39歳,2016000707,45.8,％
黒字率,35～39歳,2016000808,23.3,％
黒字率,35～39歳,2016000909,19.7,％
黒字率,35～39歳,2016001010,32.5,％
黒字率,35～39歳,2016001111,20.8,％
黒字率,35～39歳,2016001212,55.3,％
黒字率,35～39歳,2017000101,22.1,％
黒字率,35～39歳,2017000202,31.7,％
黒字率,35～39歳,2017000303,12.1,％
黒字率,35～39歳,2017000404,24.3,％
黒字率,35～39歳,2017000505,10.9,％
黒字率,35～39歳,2017000606,52.7,％
黒字率,35～39歳,2017000707,43.7,％
黒字率,35～39歳,2017000808,26.0,％
黒字率,35～39歳,2017000909,28.2,％
黒字率,35～39歳,2017001010,38.3,％
黒字率,35～39歳,2017001111,29.2,％
黒字率,35～39歳,2017001212,61.1,％
黒字率,35～39歳,2018000101,21.9,％
黒字率,35～39歳,2018000202,39.7,％
黒字率,35～39歳,2018000303,12.0,％
黒字率,35～39歳,2018000404,29.3,％
黒字率,35～39歳,2018000505,16.2,％
黒字率,35～39歳,2018000606,57.5,％
黒字率,35～39歳,2018000707,43.9,％
黒字率,35～39歳,2018000808,21.4,％
黒字率,35～39歳,2018000909,30.5,％
黒字率,35～39歳,2018001010,37.4,％
黒字率,35～39歳,2018001111,22.2,％
黒字率,35～39歳,2018001212,64.2,％
黒字率,35～39歳,2019000101,26.3,％
黒字率,35～39歳,2019000202,33.3,％
黒字率,35～39歳,2019000303,17.0,％
黒字率,35～39歳,2019000404,27.8,％
黒字率,35～39歳,2019000505,10.9,％
黒字率,35～39歳,2019000606,61.5,％
黒字率,35～39歳,2019000707,31.0,％
黒字率,35～39歳,2019000808,16.2,％
黒字率,35～39歳,2019000909,23.5,％
黒字率,35～39歳,2019001010,40.0,％
黒字率,35～39歳,2019001111,27.3,％
黒字率,35～39歳,2019001212,65.7,％
黒字率,35～39歳,2020000101,32.5,％
黒字率,35～39歳,2020000202,34.0,％
黒字率,35～39歳,2020000303,33.0,％
黒字率,35～39歳,2020000404,41.3,％
黒字率,35～39歳,2020000505,38.2,％
黒字率,35～39歳,2020000606,68.9,％
黒字率,35～39歳,2020000707,53.5,％
黒字率,35～39歳,2020000808,29.4,％
黒字率,35～39歳,2020000909,32.2,％
黒字率,35～39歳,2020001010,40.5,％
黒字率,35～39歳,2020001111,36.0,％
黒字率,35～39歳,2020001212,69.2,％
黒字率,35～39歳,2021000101,32.4,％
黒字率,35～39歳,2021000202,40.4,％
黒字率,35～39歳,2021000303,28.5,％
黒字率,35～39歳,2021000404,23.7,％
黒字率,35～39歳,2021000505,27.5,％
黒字率,35～39歳,2021000606,63.1,％
黒字率,35～39歳,2021000707,48.4,％
黒字率,35～39歳,2021000808,38.9,％
黒字率,35～39歳,2021000909,32.0,％
黒字率,35～39歳,2021001010,41.0,％
黒字率,35～39歳,2021001111,28.5,％
黒字率,35～39歳,2021001212,68.6,％
黒字率,35～39歳,2022000101,32.2,％
黒字率,35～39歳,2022000202,42.9,％
黒字率,35～39歳,2022000303,28.4,％
黒字率,35～39歳,2022000404,37.3,％
黒字率,35～39歳,2022000505,30.7,％
黒字率,35～39歳,2022000606,68.3,％
黒字率,35～39歳,2022000707,49.1,％
黒字率,35～39歳,2022000808,30.9,％
黒字率,35～39歳,2022000909,27.3,％
黒字率,35～39歳,2022001010,34.0,％
黒字率,35～39歳,2022001111,26.1,％
黒字率,35～39歳,2022001212,67.9,％
黒字率,35～39歳,2023000101,31.4,％
黒字率,35～39歳,2023000202,37.1,％
黒字率,35～39歳,2023000303,26.5,％
黒字率,35～39歳,2023000404,30.5,％
黒字率,35～39歳,2023000505,21.7,％
黒字率,35～39歳,2023000606,63.1,％
黒字率,35～39歳,2023000707,46.9,％
黒字率,35～39歳,2023000808,27.0,％
黒字率,35～39歳,2023000909,36.1,％
黒字率,35～39歳,2023001010,41.5,％
黒字率,35～39歳,2023001111,32.5,％
黒字率,35～39歳,2023001212,68.6,％
黒字率,35～39歳,2024000101,23.4,％
黒字率,35～39歳,2024000202,36.4,％
黒字率,35～39歳,2024000303,29.5,％
黒字率,35～39歳,2024000404,32.5,％
黒字率,35～39歳,2024000505,25.8,％
黒字率,35～39歳,2024000606,68.0,％
黒字率,35～39歳,2024000707,54.4,％
黒字率,35～39歳,2024000808,37.0,％
黒字率,35～39歳,2024000909,38.6,％
黒字率,35～39歳,2024001010,43.3,％
黒字率,35～39歳,2024001111,37.5,％
黒字率,35～39歳,2024001212,68.6,％
黒字率,35～39歳,2025000101,34.3,％
黒字率,35～39歳,2025000202,42.5,％
黒字率,35～39歳,2025000303,31.3,％
黒字率,35～39歳,2025000404,39.7,％
黒字率,35～39歳,2025000505,28.8,％
黒字率,35～39歳,2025000606,65.3,％
黒字率,35～39歳,2025000707,44.6,％
黒字率,35～39歳,2025000808,35.4,％
黒字率,35～39歳,2025000909,31.9,％
黒字率,35～39歳,2025001010,29.0,％
黒字率,35～39歳,2025001111,23.1,％
黒字率,35～39歳,2025001212,67.9,％
黒字率,35～39歳,2026000101,28.2,％
黒字率,35～39歳,2026000202,31.0,％
黒字率,35～39歳,2026000303,32.4,％
黒字率,35～39歳,2026000404,38.0,％
黒字率,35～39歳,2026000505,32.2,％
黒字率,40～44歳,2000000101,17.0,％
黒字率,40～44歳,2000000202,23.2,％
黒字率,40～44歳,2000000303,20.3,％
黒字率,40～44歳,2000000404,12.5,％
黒字率,40～44歳,2000000505,8.2,％
黒字率,40～44歳,2000000606,53.7,％
黒字率,40～44歳,2000000707,35.2,％
黒字率,40～44歳,2000000808,23.8,％
黒字率,40～44歳,2000000909,22.0,％
黒字率,40～44歳,2000001010,26.5,％
黒字率,40～44歳,2000001111,25.9,％
黒字率,40～44歳,2000001212,59.4,％
黒字率,40～44歳,2001000101,11.1,％
黒字率,40～44歳,2001000202,17.9,％
黒字率,40～44歳,2001000303,11.1,％
黒字率,40～44歳,2001000404,17.6,％
黒字率,40～44歳,2001000505,12.5,％
黒字率,40～44歳,2001000606,55.9,％
黒字率,40～44歳,2001000707,34.1,％
黒字率,40～44歳,2001000808,21.0,％
黒字率,40～44歳,2001000909,22.0,％
黒字率,40～44歳,2001001010,20.9,％
黒字率,40～44歳,2001001111,23.7,％
黒字率,40～44歳,2001001212,55.8,％
黒字率,40～44歳,2002000101,13.9,％
黒字率,40～44歳,2002000202,25.9,％
黒字率,40～44歳,2002000303,19.5,％
黒字率,40～44歳,2002000404,19.2,％
黒字率,40～44歳,2002000505,7.8,％
黒字率,40～44歳,2002000606,53.5,％
黒字率,40～44歳,2002000707,30.4,％
黒字率,40～44歳,2002000808,18.8,％
黒字率,40～44歳,2002000909,16.2,％
黒字率,40～44歳,2002001010,24.2,％
黒字率,40～44歳,2002001111,18.1,％
黒字率,40～44歳,2002001212,59.2,％
黒字率,40～44歳,2003000101,12.8,％
黒字率,40～44歳,2003000202,20.1,％
黒字率,40～44歳,2003000303,10.1,％
黒字率,40～44歳,2003000404,13.7,％
黒字率,40～44歳,2003000505,13.6,％
黒字率,40～44歳,2003000606,49.8,％
黒字率,40～44歳,2003000707,37.0,％
黒字率,40～44歳,2003000808,22.9,％
黒字率,40～44歳,2003000909,20.6,％
黒字率,40～44歳,2003001010,26.2,％
黒字率,40～44歳,2003001111,23.6,％
黒字率,40～44歳,2003001212,54.0,％
黒字率,40～44歳,2004000101,11.6,％
黒字率,40～44歳,2004000202,22.1,％
黒字率,40～44歳,2004000303,11.2,％
黒字率,40～44歳,2004000404,10.2,％
黒字率,40～44歳,2004000505,16.0,％
黒字率,40～44歳,2004000606,56.5,％
黒字率,40～44歳,2004000707,33.6,％
黒字率,40～44歳,2004000808,25.0,％
黒字率,40～44歳,2004000909,25.4,％
黒字率,40～44歳,2004001010,27.2,％
黒字率,40～44歳,2004001111,23.1,％
黒字率,40～44歳,2004001212,54.3,％
黒字率,40～44歳,2005000101,17.4,％
黒字率,40～44歳,2005000202,27.0,％
黒字率,40～44歳,2005000303,15.5,％
黒字率,40～44歳,2005000404,17.6,％
黒字率,40～44歳,2005000505,15.1,％
黒字率,40～44歳,2005000606,52.6,％
黒字率,40～44歳,2005000707,38.3,％
黒字率,40～44歳,2005000808,21.2,％
黒字率,40～44歳,2005000909,25.4,％
黒字率,40～44歳,2005001010,21.8,％
黒字率,40～44歳,2005001111,21.8,％
黒字率,40～44歳,2005001212,55.4,％
黒字率,40～44歳,2006000101,18.9,％
黒字率,40～44歳,2006000202,27.0,％
黒字率,40～44歳,2006000303,22.9,％
黒字率,40～44歳,2006000404,20.7,％
黒字率,40～44歳,2006000505,12.5,％
黒字率,40～44歳,2006000606,48.8,％
黒字率,40～44歳,2006000707,44.0,％
黒字率,40～44歳,2006000808,25.6,％
黒字率,40～44歳,2006000909,22.7,％
黒字率,40～44歳,2006001010,22.7,％
黒字率,40～44歳,2006001111,21.7,％
黒字率,40～44歳,2006001212,60.0,％
黒字率,40～44歳,2007000101,11.2,％
黒字率,40～44歳,2007000202,22.1,％
黒字率,40～44歳,2007000303,17.8,％
黒字率,40～44歳,2007000404,21.1,％
黒字率,40～44歳,2007000505,14.9,％
黒字率,40～44歳,2007000606,55.3,％
黒字率,40～44歳,2007000707,38.5,％
黒字率,40～44歳,2007000808,18.6,％
黒字率,40～44歳,2007000909,26.2,％
黒字率,40～44歳,2007001010,25.3,％
黒字率,40～44歳,2007001111,23.8,％
黒字率,40～44歳,2007001212,60.4,％
黒字率,40～44歳,2008000101,14.6,％
黒字率,40～44歳,2008000202,27.9,％
黒字率,40～44歳,2008000303,21.6,％
黒字率,40～44歳,2008000404,18.3,％
黒字率,40～44歳,2008000505,13.6,％
黒字率,40～44歳,2008000606,54.7,％
黒字率,40～44歳,2008000707,36.1,％
黒字率,40～44歳,2008000808,24.8,％
黒字率,40～44歳,2008000909,24.1,％
黒字率,40～44歳,2008001010,27.5,％
黒字率,40～44歳,2008001111,19.7,％
黒字率,40～44歳,2008001212,58.0,％
黒字率,40～44歳,2009000101,17.8,％
黒字率,40～44歳,2009000202,22.9,％
黒字率,40～44歳,2009000303,16.1,％
黒字率,40～44歳,2009000404,20.1,％
黒字率,40～44歳,2009000505,9.0,％
黒字率,40～44歳,2009000606,54.0,％
黒字率,40～44歳,2009000707,37.7,％
黒字率,40～44歳,2009000808,18.5,％
黒字率,40～44歳,2009000909,21.6,％
黒字率,40～44歳,2009001010,21.4,％
黒字率,40～44歳,2009001111,25.3,％
黒字率,40～44歳,2009001212,57.1,％
黒字率,40～44歳,2010000101,16.4,％
黒字率,40～44歳,2010000202,28.0,％
黒字率,40～44歳,2010000303,19.2,％
黒字率,40～44歳,2010000404,23.3,％
黒字率,40～44歳,2010000505,14.2,％
黒字率,40～44歳,2010000606,55.9,％
黒字率,40～44歳,2010000707,40.4,％
黒字率,40～44歳,2010000808,20.0,％
黒字率,40～44歳,2010000909,26.9,％
黒字率,40～44歳,2010001010,34.4,％
黒字率,40～44歳,2010001111,22.3,％
黒字率,40～44歳,2010001212,58.3,％
黒字率,40～44歳,2011000101,13.7,％
黒字率,40～44歳,2011000202,34.2,％
黒字率,40～44歳,2011000303,14.5,％
黒字率,40～44歳,2011000404,23.6,％
黒字率,40～44歳,2011000505,14.4,％
黒字率,40～44歳,2011000606,56.1,％
黒字率,40～44歳,2011000707,39.8,％
黒字率,40～44歳,2011000808,21.7,％
黒字率,40～44歳,2011000909,27.0,％
黒字率,40～44歳,2011001010,26.8,％
黒字率,40～44歳,2011001111,20.6,％
黒字率,40～44歳,2011001212,58.0,％
黒字率,40～44歳,2012000101,18.9,％
黒字率,40～44歳,2012000202,30.8,％
黒字率,40～44歳,2012000303,16.6,％
黒字率,40～44歳,2012000404,18.4,％
黒字率,40～44歳,2012000505,8.9,％
黒字率,40～44歳,2012000606,53.1,％
黒字率,40～44歳,2012000707,39.6,％
黒字率,40～44歳,2012000808,20.7,％
黒字率,40～44歳,2012000909,10.8,％
黒字率,40～44歳,2012001010,23.1,％
黒字率,40～44歳,2012001111,18.7,％
黒字率,40～44歳,2012001212,59.3,％
黒字率,40～44歳,2013000101,16.0,％
黒字率,40～44歳,2013000202,29.2,％
黒字率,40～44歳,2013000303,14.0,％
黒字率,40～44歳,2013000404,17.2,％
黒字率,40～44歳,2013000505,15.8,％
黒字率,40～44歳,2013000606,55.5,％
黒字率,40～44歳,2013000707,37.1,％
黒字率,40～44歳,2013000808,17.5,％
黒字率,40～44歳,2013000909,22.5,％
黒字率,40～44歳,2013001010,28.1,％
黒字率,40～44歳,2013001111,27.2,％
黒字率,40～44歳,2013001212,56.8,％
黒字率,40～44歳,2014000101,21.9,％
黒字率,40～44歳,2014000202,33.0,％
黒字率,40～44歳,2014000303,-3.1,％
黒字率,40～44歳,2014000404,25.6,％
黒字率,40～44歳,2014000505,16.6,％
黒字率,40～44歳,2014000606,53.0,％
黒字率,40～44歳,2014000707,36.0,％
黒字率,40～44歳,2014000808,23.6,％
黒字率,40～44歳,2014000909,23.2,％
黒字率,40～44歳,2014001010,28.9,％
黒字率,40～44歳,2014001111,18.2,％
黒字率,40～44歳,2014001212,60.2,％
黒字率,40～44歳,2015000101,16.6,％
黒字率,40～44歳,2015000202,30.5,％
黒字率,40～44歳,2015000303,8.8,％
黒字率,40～44歳,2015000404,18.9,％
黒字率,40～44歳,2015000505,1.5,％
黒字率,40～44歳,2015000606,53.5,％
黒字率,40～44歳,2015000707,36.0,％
黒字率,40～44歳,2015000808,19.6,％
黒字率,40～44歳,2015000909,28.4,％
黒字率,40～44歳,2015001010,32.6,％
黒字率,40～44歳,2015001111,28.6,％
黒字率,40～44歳,2015001212,61.9,％
黒字率,40～44歳,2016000101,23.1,％
黒字率,40～44歳,2016000202,28.6,％
黒字率,40～44歳,2016000303,10.8,％
黒字率,40～44歳,2016000404,22.4,％
黒字率,40～44歳,2016000505,8.7,％
黒字率,40～44歳,2016000606,57.5,％
黒字率,40～44歳,2016000707,35.8,％
黒字率,40～44歳,2016000808,19.9,％
黒字率,40～44歳,2016000909,23.1,％
黒字率,40～44歳,2016001010,26.4,％
黒字率,40～44歳,2016001111,16.5,％
黒字率,40～44歳,2016001212,60.6,％
黒字率,40～44歳,2017000101,19.0,％
黒字率,40～44歳,2017000202,31.0,％
黒字率,40～44歳,2017000303,17.9,％
黒字率,40～44歳,2017000404,22.7,％
黒字率,40～44歳,2017000505,13.0,％
黒字率,40～44歳,2017000606,59.7,％
黒字率,40～44歳,2017000707,44.1,％
黒字率,40～44歳,2017000808,29.2,％
黒字率,40～44歳,2017000909,27.9,％
黒字率,40～44歳,2017001010,32.4,％
黒字率,40～44歳,2017001111,27.1,％
黒字率,40～44歳,2017001212,61.6,％
黒字率,40～44歳,2018000101,23.3,％
黒字率,40～44歳,2018000202,32.9,％
黒字率,40～44歳,2018000303,21.3,％
黒字率,40～44歳,2018000404,19.0,％
黒字率,40～44歳,2018000505,12.7,％
黒字率,40～44歳,2018000606,55.4,％
黒字率,40～44歳,2018000707,40.6,％
黒字率,40～44歳,2018000808,23.8,％
黒字率,40～44歳,2018000909,23.0,％
黒字率,40～44歳,2018001010,28.6,％
黒字率,40～44歳,2018001111,28.6,％
黒字率,40～44歳,2018001212,60.9,％
黒字率,40～44歳,2019000101,19.9,％
黒字率,40～44歳,2019000202,29.6,％
黒字率,40～44歳,2019000303,22.5,％
黒字率,40～44歳,2019000404,22.7,％
黒字率,40～44歳,2019000505,7.9,％
黒字率,40～44歳,2019000606,56.2,％
黒字率,40～44歳,2019000707,47.2,％
黒字率,40～44歳,2019000808,22.8,％
黒字率,40～44歳,2019000909,26.8,％
黒字率,40～44歳,2019001010,31.8,％
黒字率,40～44歳,2019001111,30.5,％
黒字率,40～44歳,2019001212,65.2,％
黒字率,40～44歳,2020000101,30.0,％
黒字率,40～44歳,2020000202,34.1,％
黒字率,40～44歳,2020000303,27.7,％
黒字率,40～44歳,2020000404,29.8,％
黒字率,40～44歳,2020000505,30.7,％
黒字率,40～44歳,2020000606,67.3,％
黒字率,40～44歳,2020000707,54.4,％
黒字率,40～44歳,2020000808,27.3,％
黒字率,40～44歳,2020000909,31.1,％
黒字率,40～44歳,2020001010,36.3,％
黒字率,40～44歳,2020001111,30.6,％
黒字率,40～44歳,2020001212,63.6,％
黒字率,40～44歳,2021000101,34.2,％
黒字率,40～44歳,2021000202,42.4,％
黒字率,40～44歳,2021000303,23.2,％
黒字率,40～44歳,2021000404,29.4,％
黒字率,40～44歳,2021000505,22.7,％
黒字率,40～44歳,2021000606,63.0,％
黒字率,40～44歳,2021000707,46.5,％
黒字率,40～44歳,2021000808,39.0,％
黒字率,40～44歳,2021000909,31.2,％
黒字率,40～44歳,2021001010,36.0,％
黒字率,40～44歳,2021001111,29.4,％
黒字率,40～44歳,2021001212,65.8,％
黒字率,40～44歳,2022000101,30.4,％
黒字率,40～44歳,2022000202,36.1,％
黒字率,40～44歳,2022000303,22.6,％
黒字率,40～44歳,2022000404,25.7,％
黒字率,40～44歳,2022000505,21.4,％
黒字率,40～44歳,2022000606,59.6,％
黒字率,40～44歳,2022000707,47.9,％
黒字率,40～44歳,2022000808,28.5,％
黒字率,40～44歳,2022000909,35.8,％
黒字率,40～44歳,2022001010,35.7,％
黒字率,40～44歳,2022001111,32.4,％
黒字率,40～44歳,2022001212,67.0,％
黒字率,40～44歳,2023000101,22.5,％
黒字率,40～44歳,2023000202,38.7,％
黒字率,40～44歳,2023000303,27.8,％
黒字率,40～44歳,2023000404,26.3,％
黒字率,40～44歳,2023000505,23.6,％
黒字率,40～44歳,2023000606,62.0,％
黒字率,40～44歳,2023000707,46.7,％
黒字率,40～44歳,2023000808,30.1,％
黒字率,40～44歳,2023000909,34.1,％
黒字率,40～44歳,2023001010,39.2,％
黒字率,40～44歳,2023001111,29.1,％
黒字率,40～44歳,2023001212,66.2,％
黒字率,40～44歳,2024000101,31.3,％
黒字率,40～44歳,2024000202,34.3,％
黒字率,40～44歳,2024000303,26.2,％
黒字率,40～44歳,2024000404,29.7,％
黒字率,40～44歳,2024000505,28.5,％
黒字率,40～44歳,2024000606,68.0,％
黒字率,40～44歳,2024000707,55.0,％
黒字率,40～44歳,2024000808,30.8,％
黒字率,40～44歳,2024000909,29.1,％
黒字率,40～44歳,2024001010,40.0,％
黒字率,40～44歳,2024001111,31.2,％
黒字率,40～44歳,2024001212,69.5,％
黒字率,40～44歳,2025000101,28.6,％
黒字率,40～44歳,2025000202,32.7,％
黒字率,40～44歳,2025000303,23.2,％
黒字率,40～44歳,2025000404,32.5,％
黒字率,40～44歳,2025000505,22.9,％
黒字率,40～44歳,2025000606,61.4,％
黒字率,40～44歳,2025000707,43.4,％
黒字率,40～44歳,2025000808,35.1,％
黒字率,40～44歳,2025000909,29.7,％
黒字率,40～44歳,2025001010,36.4,％
黒字率,40～44歳,2025001111,31.3,％
黒字率,40～44歳,2025001212,68.8,％
黒字率,40～44歳,2026000101,30.6,％
黒字率,40～44歳,2026000202,35.9,％
黒字率,40～44歳,2026000303,33.4,％
黒字率,40～44歳,2026000404,29.6,％
黒字率,40～44歳,2026000505,28.5,％
黒字率,45～49歳,2000000101,11.3,％
黒字率,45～49歳,2000000202,20.1,％
黒字率,45～49歳,2000000303,2.9,％
黒字率,45～49歳,2000000404,-0.1,％
黒字率,45～49歳,2000000505,2.8,％
黒字率,45～49歳,2000000606,49.6,％
黒字率,45～49歳,2000000707,38.6,％
黒字率,45～49歳,2000000808,21.6,％
黒字率,45～49歳,2000000909,16.3,％
黒字率,45～49歳,2000001010,15.3,％
黒字率,45～49歳,2000001111,18.4,％
黒字率,45～49歳,2000001212,55.9,％
黒字率,45～49歳,2001000101,8.9,％
黒字率,45～49歳,2001000202,18.0,％
黒字率,45～49歳,2001000303,0.2,％
黒字率,45～49歳,2001000404,-0.9,％
黒字率,45～49歳,2001000505,10.6,％
黒字率,45～49歳,2001000606,52.4,％
黒字率,45～49歳,2001000707,30.5,％
黒字率,45～49歳,2001000808,20.4,％
黒字率,45～49歳,2001000909,13.5,％
黒字率,45～49歳,2001001010,18.6,％
黒字率,45～49歳,2001001111,14.1,％
黒字率,45～49歳,2001001212,55.7,％
黒字率,45～49歳,2002000101,9.8,％
黒字率,45～49歳,2002000202,14.5,％
黒字率,45～49歳,2002000303,9.0,％
黒字率,45～49歳,2002000404,-0.6,％
黒字率,45～49歳,2002000505,6.1,％
黒字率,45～49歳,2002000606,53.3,％
黒字率,45～49歳,2002000707,23.3,％
黒字率,45～49歳,2002000808,20.6,％
黒字率,45～49歳,2002000909,12.8,％
黒字率,45～49歳,2002001010,18.5,％
黒字率,45～49歳,2002001111,18.1,％
黒字率,45～49歳,2002001212,56.5,％
黒字率,45～49歳,2003000101,12.4,％
黒字率,45～49歳,2003000202,15.8,％
黒字率,45～49歳,2003000303,4.5,％
黒字率,45～49歳,2003000404,4.4,％
黒字率,45～49歳,2003000505,8.0,％
黒字率,45～49歳,2003000606,51.6,％
黒字率,45～49歳,2003000707,29.9,％
黒字率,45～49歳,2003000808,9.8,％
黒字率,45～49歳,2003000909,13.9,％
黒字率,45～49歳,2003001010,17.3,％
黒字率,45～49歳,2003001111,18.4,％
黒字率,45～49歳,2003001212,53.5,％
黒字率,45～49歳,2004000101,11.3,％
黒字率,45～49歳,2004000202,17.7,％
黒字率,45～49歳,2004000303,1.1,％
黒字率,45～49歳,2004000404,3.7,％
黒字率,45～49歳,2004000505,6.6,％
黒字率,45～49歳,2004000606,52.3,％
黒字率,45～49歳,2004000707,40.7,％
黒字率,45～49歳,2004000808,12.3,％
黒字率,45～49歳,2004000909,9.4,％
黒字率,45～49歳,2004001010,16.6,％
黒字率,45～49歳,2004001111,22.9,％
黒字率,45～49歳,2004001212,57.3,％
黒字率,45～49歳,2005000101,6.6,％
黒字率,45～49歳,2005000202,18.3,％
黒字率,45～49歳,2005000303,3.3,％
黒字率,45～49歳,2005000404,7.2,％
黒字率,45～49歳,2005000505,9.7,％
黒字率,45～49歳,2005000606,51.4,％
黒字率,45～49歳,2005000707,36.2,％
黒字率,45～49歳,2005000808,15.6,％
黒字率,45～49歳,2005000909,15.0,％
黒字率,45～49歳,2005001010,15.8,％
黒字率,45～49歳,2005001111,19.1,％
黒字率,45～49歳,2005001212,50.7,％
黒字率,45～49歳,2006000101,13.4,％
黒字率,45～49歳,2006000202,15.7,％
黒字率,45～49歳,2006000303,-2.7,％
黒字率,45～49歳,2006000404,0.0,％
黒字率,45～49歳,2006000505,1.7,％
黒字率,45～49歳,2006000606,49.6,％
黒字率,45～49歳,2006000707,42.2,％
黒字率,45～49歳,2006000808,18.3,％
黒字率,45～49歳,2006000909,20.2,％
黒字率,45～49歳,2006001010,15.7,％
黒字率,45～49歳,2006001111,23.9,％
黒字率,45～49歳,2006001212,57.0,％
黒字率,45～49歳,2007000101,11.7,％
黒字率,45～49歳,2007000202,27.0,％
黒字率,45～49歳,2007000303,11.2,％
黒字率,45～49歳,2007000404,4.1,％
黒字率,45～49歳,2007000505,10.9,％
黒字率,45～49歳,2007000606,53.2,％
黒字率,45～49歳,2007000707,39.6,％
黒字率,45～49歳,2007000808,16.1,％
黒字率,45～49歳,2007000909,15.2,％
黒字率,45～49歳,2007001010,14.6,％
黒字率,45～49歳,2007001111,20.2,％
黒字率,45～49歳,2007001212,55.4,％
黒字率,45～49歳,2008000101,3.4,％
黒字率,45～49歳,2008000202,25.1,％
黒字率,45～49歳,2008000303,3.2,％
黒字率,45～49歳,2008000404,2.2,％
黒字率,45～49歳,2008000505,6.3,％
黒字率,45～49歳,2008000606,53.3,％
黒字率,45～49歳,2008000707,39.7,％
黒字率,45～49歳,2008000808,20.6,％
黒字率,45～49歳,2008000909,17.7,％
黒字率,45～49歳,2008001010,19.8,％
黒字率,45～49歳,2008001111,23.3,％
黒字率,45～49歳,2008001212,59.3,％
黒字率,45～49歳,2009000101,12.2,％
黒字率,45～49歳,2009000202,17.5,％
黒字率,45～49歳,2009000303,1.1,％
黒字率,45～49歳,2009000404,4.5,％
黒字率,45～49歳,2009000505,7.4,％
黒字率,45～49歳,2009000606,48.8,％
黒字率,45～49歳,2009000707,33.5,％
黒字率,45～49歳,2009000808,16.5,％
黒字率,45～49歳,2009000909,13.9,％
黒字率,45～49歳,2009001010,19.3,％
黒字率,45～49歳,2009001111,19.4,％
黒字率,45～49歳,2009001212,56.3,％
黒字率,45～49歳,2010000101,15.7,％
黒字率,45～49歳,2010000202,26.4,％
黒字率,45～49歳,2010000303,8.6,％
黒字率,45～49歳,2010000404,2.8,％
黒字率,45～49歳,2010000505,17.0,％
黒字率,45～49歳,2010000606,57.7,％
黒字率,45～49歳,2010000707,35.7,％
黒字率,45～49歳,2010000808,19.0,％
黒字率,45～49歳,2010000909,16.5,％
黒字率,45～49歳,2010001010,20.9,％
黒字率,45～49歳,2010001111,20.6,％
黒字率,45～49歳,2010001212,58.4,％
黒字率,45～49歳,2011000101,12.1,％
黒字率,45～49歳,2011000202,25.7,％
黒字率,45～49歳,2011000303,10.6,％
黒字率,45～49歳,2011000404,19.3,％
黒字率,45～49歳,2011000505,8.6,％
黒字率,45～49歳,2011000606,53.2,％
黒字率,45～49歳,2011000707,34.9,％
黒字率,45～49歳,2011000808,18.0,％
黒字率,45～49歳,2011000909,7.4,％
黒字率,45～49歳,2011001010,16.3,％
黒字率,45～49歳,2011001111,23.4,％
黒字率,45～49歳,2011001212,55.4,％
黒字率,45～49歳,2012000101,15.3,％
黒字率,45～49歳,2012000202,23.4,％
黒字率,45～49歳,2012000303,4.1,％
黒字率,45～49歳,2012000404,3.5,％
黒字率,45～49歳,2012000505,8.8,％
黒字率,45～49歳,2012000606,52.5,％
黒字率,45～49歳,2012000707,37.1,％
黒字率,45～49歳,2012000808,19.3,％
黒字率,45～49歳,2012000909,20.1,％
黒字率,45～49歳,2012001010,25.3,％
黒字率,45～49歳,2012001111,17.4,％
黒字率,45～49歳,2012001212,53.7,％
黒字率,45～49歳,2013000101,12.8,％
黒字率,45～49歳,2013000202,23.7,％
黒字率,45～49歳,2013000303,3.3,％
黒字率,45～49歳,2013000404,9.8,％
黒字率,45～49歳,2013000505,5.3,％
黒字率,45～49歳,2013000606,53.3,％
黒字率,45～49歳,2013000707,36.9,％
黒字率,45～49歳,2013000808,16.0,％
黒字率,45～49歳,2013000909,8.7,％
黒字率,45～49歳,2013001010,24.3,％
黒字率,45～49歳,2013001111,24.3,％
黒字率,45～49歳,2013001212,56.7,％
黒字率,45～49歳,2014000101,13.2,％
黒字率,45～49歳,2014000202,15.0,％
黒字率,45～49歳,2014000303,-5.4,％
黒字率,45～49歳,2014000404,3.8,％
黒字率,45～49歳,2014000505,6.3,％
黒字率,45～49歳,2014000606,48.5,％
黒字率,45～49歳,2014000707,30.2,％
黒字率,45～49歳,2014000808,16.3,％
黒字率,45～49歳,2014000909,15.0,％
黒字率,45～49歳,2014001010,17.5,％
黒字率,45～49歳,2014001111,16.1,％
黒字率,45～49歳,2014001212,58.7,％
黒字率,45～49歳,2015000101,17.8,％
黒字率,45～49歳,2015000202,24.1,％
黒字率,45～49歳,2015000303,10.1,％
黒字率,45～49歳,2015000404,9.4,％
黒字率,45～49歳,2015000505,7.6,％
黒字率,45～49歳,2015000606,51.2,％
黒字率,45～49歳,2015000707,41.3,％
黒字率,45～49歳,2015000808,22.0,％
黒字率,45～49歳,2015000909,11.3,％
黒字率,45～49歳,2015001010,22.5,％
黒字率,45～49歳,2015001111,19.9,％
黒字率,45～49歳,2015001212,53.7,％
黒字率,45～49歳,2016000101,18.1,％
黒字率,45～49歳,2016000202,18.6,％
黒字率,45～49歳,2016000303,5.1,％
黒字率,45～49歳,2016000404,3.4,％
黒字率,45～49歳,2016000505,2.6,％
黒字率,45～49歳,2016000606,53.8,％
黒字率,45～49歳,2016000707,41.4,％
黒字率,45～49歳,2016000808,22.9,％
黒字率,45～49歳,2016000909,16.8,％
黒字率,45～49歳,2016001010,21.9,％
黒字率,45～49歳,2016001111,24.3,％
黒字率,45～49歳,2016001212,56.1,％
黒字率,45～49歳,2017000101,21.6,％
黒字率,45～49歳,2017000202,26.8,％
黒字率,45～49歳,2017000303,12.1,％
黒字率,45～49歳,2017000404,12.8,％
黒字率,45～49歳,2017000505,3.2,％
黒字率,45～49歳,2017000606,53.8,％
黒字率,45～49歳,2017000707,42.1,％
黒字率,45～49歳,2017000808,18.9,％
黒字率,45～49歳,2017000909,19.0,％
黒字率,45～49歳,2017001010,22.3,％
黒字率,45～49歳,2017001111,21.3,％
黒字率,45～49歳,2017001212,59.6,％
黒字率,45～49歳,2018000101,17.5,％
黒字率,45～49歳,2018000202,30.8,％
黒字率,45～49歳,2018000303,11.7,％
黒字率,45～49歳,2018000404,16.9,％
黒字率,45～49歳,2018000505,8.9,％
黒字率,45～49歳,2018000606,59.0,％
黒字率,45～49歳,2018000707,39.2,％
黒字率,45～49歳,2018000808,19.6,％
黒字率,45～49歳,2018000909,14.4,％
黒字率,45～49歳,2018001010,24.1,％
黒字率,45～49歳,2018001111,21.3,％
黒字率,45～49歳,2018001212,58.4,％
黒字率,45～49歳,2019000101,14.4,％
黒字率,45～49歳,2019000202,29.0,％
黒字率,45～49歳,2019000303,8.8,％
黒字率,45～49歳,2019000404,13.0,％
黒字率,45～49歳,2019000505,10.2,％
黒字率,45～49歳,2019000606,59.4,％
黒字率,45～49歳,2019000707,39.7,％
黒字率,45～49歳,2019000808,21.5,％
黒字率,45～49歳,2019000909,5.7,％
黒字率,45～49歳,2019001010,26.7,％
黒字率,45～49歳,2019001111,18.5,％
黒字率,45～49歳,2019001212,60.6,％
黒字率,45～49歳,2020000101,26.4,％
黒字率,45～49歳,2020000202,28.1,％
黒字率,45～49歳,2020000303,22.1,％
黒字率,45～49歳,2020000404,22.3,％
黒字率,45～49歳,2020000505,28.1,％
黒字率,45～49歳,2020000606,65.9,％
黒字率,45～49歳,2020000707,50.3,％
黒字率,45～49歳,2020000808,30.0,％
黒字率,45～49歳,2020000909,19.3,％
黒字率,45～49歳,2020001010,30.4,％
黒字率,45～49歳,2020001111,18.2,％
黒字率,45～49歳,2020001212,61.3,％
黒字率,45～49歳,2021000101,26.7,％
黒字率,45～49歳,2021000202,29.2,％
黒字率,45～49歳,2021000303,8.8,％
黒字率,45～49歳,2021000404,20.6,％
黒字率,45～49歳,2021000505,17.6,％
黒字率,45～49歳,2021000606,60.9,％
黒字率,45～49歳,2021000707,48.9,％
黒字率,45～49歳,2021000808,35.6,％
黒字率,45～49歳,2021000909,24.0,％
黒字率,45～49歳,2021001010,31.1,％
黒字率,45～49歳,2021001111,29.3,％
黒字率,45～49歳,2021001212,65.5,％
黒字率,45～49歳,2022000101,26.1,％
黒字率,45～49歳,2022000202,33.1,％
黒字率,45～49歳,2022000303,14.4,％
黒字率,45～49歳,2022000404,12.2,％
黒字率,45～49歳,2022000505,15.9,％
黒字率,45～49歳,2022000606,62.8,％
黒字率,45～49歳,2022000707,44.2,％
黒字率,45～49歳,2022000808,26.9,％
黒字率,45～49歳,2022000909,27.1,％
黒字率,45～49歳,2022001010,25.2,％
黒字率,45～49歳,2022001111,30.4,％
黒字率,45～49歳,2022001212,66.0,％
黒字率,45～49歳,2023000101,23.0,％
黒字率,45～49歳,2023000202,27.7,％
黒字率,45～49歳,2023000303,18.0,％
黒字率,45～49歳,2023000404,18.4,％
黒字率,45～49歳,2023000505,11.4,％
黒字率,45～49歳,2023000606,63.0,％
黒字率,45～49歳,2023000707,46.2,％
黒字率,45～49歳,2023000808,21.7,％
黒字率,45～49歳,2023000909,22.6,％
黒字率,45～49歳,2023001010,27.0,％
黒字率,45～49歳,2023001111,34.3,％
黒字率,45～49歳,2023001212,64.6,％
黒字率,45～49歳,2024000101,29.2,％
黒字率,45～49歳,2024000202,30.4,％
黒字率,45～49歳,2024000303,16.4,％
黒字率,45～49歳,2024000404,16.9,％
黒字率,45～49歳,2024000505,20.7,％
黒字率,45～49歳,2024000606,64.5,％
黒字率,45～49歳,2024000707,48.5,％
黒字率,45～49歳,2024000808,33.5,％
黒字率,45～49歳,2024000909,23.2,％
黒字率,45～49歳,2024001010,34.2,％
黒字率,45～49歳,2024001111,31.4,％
黒字率,45～49歳,2024001212,63.1,％
黒字率,45～49歳,2025000101,25.8,％
黒字率,45～49歳,2025000202,28.6,％
黒字率,45～49歳,2025000303,11.9,％
黒字率,45～49歳,2025000404,19.5,％
黒字率,45～49歳,2025000505,16.0,％
黒字率,45～49歳,2025000606,58.8,％
黒字率,45～49歳,2025000707,39.2,％
黒字率,45～49歳,2025000808,28.6,％
黒字率,45～49歳,2025000909,23.0,％
黒字率,45～49歳,2025001010,35.8,％
黒字率,45～49歳,2025001111,26.7,％
黒字率,45～49歳,2025001212,65.4,％
黒字率,45～49歳,2026000101,27.1,％
黒字率,45～49歳,2026000202,35.8,％
黒字率,45～49歳,2026000303,18.2,％
黒字率,45～49歳,2026000404,22.1,％
黒字率,45～49歳,2026000505,12.7,％
黒字率,50～54歳,2000000101,18.1,％
黒字率,50～54歳,2000000202,22.9,％
黒字率,50～54歳,2000000303,12.1,％
黒字率,50～54歳,2000000404,-3.5,％
黒字率,50～54歳,2000000505,10.3,％
黒字率,50～54歳,2000000606,55.3,％
黒字率,50～54歳,2000000707,39.1,％
黒字率,50～54歳,2000000808,15.7,％
黒字率,50～54歳,2000000909,5.9,％
黒字率,50～54歳,2000001010,9.5,％
黒字率,50～54歳,2000001111,17.7,％
黒字率,50～54歳,2000001212,51.5,％
黒字率,50～54歳,2001000101,6.6,％
黒字率,50～54歳,2001000202,14.4,％
黒字率,50～54歳,2001000303,0.2,％
黒字率,50～54歳,2001000404,2.3,％
黒字率,50～54歳,2001000505,11.3,％
黒字率,50～54歳,2001000606,54.5,％
黒字率,50～54歳,2001000707,38.5,％
黒字率,50～54歳,2001000808,18.9,％
黒字率,50～54歳,2001000909,9.1,％
黒字率,50～54歳,2001001010,10.5,％
黒字率,50～54歳,2001001111,21.5,％
黒字率,50～54歳,2001001212,56.3,％
黒字率,50～54歳,2002000101,9.3,％
黒字率,50～54歳,2002000202,19.7,％
黒字率,50～54歳,2002000303,11.8,％
黒字率,50～54歳,2002000404,-1.1,％
黒字率,50～54歳,2002000505,11.6,％
黒字率,50～54歳,2002000606,54.6,％
黒字率,50～54歳,2002000707,32.5,％
黒字率,50～54歳,2002000808,16.4,％
黒字率,50～54歳,2002000909,5.4,％
黒字率,50～54歳,2002001010,8.3,％
黒字率,50～54歳,2002001111,18.4,％
黒字率,50～54歳,2002001212,54.7,％
黒字率,50～54歳,2003000101,12.4,％
黒字率,50～54歳,2003000202,20.0,％
黒字率,50～54歳,2003000303,-4.6,％
黒字率,50～54歳,2003000404,-4.9,％
黒字率,50～54歳,2003000505,11.1,％
黒字率,50～54歳,2003000606,47.9,％
黒字率,50～54歳,2003000707,28.4,％
黒字率,50～54歳,2003000808,10.4,％
黒字率,50～54歳,2003000909,8.2,％
黒字率,50～54歳,2003001010,8.2,％
黒字率,50～54歳,2003001111,16.8,％
黒字率,50～54歳,2003001212,57.1,％
黒字率,50～54歳,2004000101,14.6,％
黒字率,50～54歳,2004000202,10.5,％
黒字率,50～54歳,2004000303,2.1,％
黒字率,50～54歳,2004000404,-6.7,％
黒字率,50～54歳,2004000505,8.2,％
黒字率,50～54歳,2004000606,49.7,％
黒字率,50～54歳,2004000707,32.1,％
黒字率,50～54歳,2004000808,12.8,％
黒字率,50～54歳,2004000909,6.8,％
黒字率,50～54歳,2004001010,10.4,％
黒字率,50～54歳,2004001111,21.3,％
黒字率,50～54歳,2004001212,51.5,％
黒字率,50～54歳,2005000101,12.7,％
黒字率,50～54歳,2005000202,23.8,％
黒字率,50～54歳,2005000303,0.2,％
黒字率,50～54歳,2005000404,5.3,％
黒字率,50～54歳,2005000505,11.7,％
黒字率,50～54歳,2005000606,45.1,％
黒字率,50～54歳,2005000707,37.1,％
黒字率,50～54歳,2005000808,11.2,％
黒字率,50～54歳,2005000909,6.6,％
黒字率,50～54歳,2005001010,11.5,％
黒字率,50～54歳,2005001111,14.2,％
黒字率,50～54歳,2005001212,53.2,％
黒字率,50～54歳,2006000101,17.0,％
黒字率,50～54歳,2006000202,19.9,％
黒字率,50～54歳,2006000303,-1.4,％
黒字率,50～54歳,2006000404,4.0,％
黒字率,50～54歳,2006000505,16.0,％
黒字率,50～54歳,2006000606,51.2,％
黒字率,50～54歳,2006000707,43.1,％
黒字率,50～54歳,2006000808,26.1,％
黒字率,50～54歳,2006000909,18.1,％
黒字率,50～54歳,2006001010,10.4,％
黒字率,50～54歳,2006001111,20.9,％
黒字率,50～54歳,2006001212,55.5,％
黒字率,50～54歳,2007000101,6.4,％
黒字率,50～54歳,2007000202,20.8,％
黒字率,50～54歳,2007000303,2.0,％
黒字率,50～54歳,2007000404,-7.6,％
黒字率,50～54歳,2007000505,9.3,％
黒字率,50～54歳,2007000606,55.9,％
黒字率,50～54歳,2007000707,41.2,％
黒字率,50～54歳,2007000808,16.0,％
黒字率,50～54歳,2007000909,10.3,％
黒字率,50～54歳,2007001010,10.8,％
黒字率,50～54歳,2007001111,18.0,％
黒字率,50～54歳,2007001212,58.3,％
黒字率,50～54歳,2008000101,5.7,％
黒字率,50～54歳,2008000202,19.9,％
黒字率,50～54歳,2008000303,7.8,％
黒字率,50～54歳,2008000404,-9.8,％
黒字率,50～54歳,2008000505,8.2,％
黒字率,50～54歳,2008000606,52.9,％
黒字率,50～54歳,2008000707,32.8,％
黒字率,50～54歳,2008000808,20.4,％
黒字率,50～54歳,2008000909,12.8,％
黒字率,50～54歳,2008001010,10.4,％
黒字率,50～54歳,2008001111,20.7,％
黒字率,50～54歳,2008001212,59.8,％
黒字率,50～54歳,2009000101,14.1,％
黒字率,50～54歳,2009000202,24.2,％
黒字率,50～54歳,2009000303,2.9,％
黒字率,50～54歳,2009000404,-4.8,％
黒字率,50～54歳,2009000505,8.3,％
黒字率,50～54歳,2009000606,45.1,％
黒字率,50～54歳,2009000707,36.0,％
黒字率,50～54歳,2009000808,18.4,％
黒字率,50～54歳,2009000909,10.7,％
黒字率,50～54歳,2009001010,15.9,％
黒字率,50～54歳,2009001111,17.6,％
黒字率,50～54歳,2009001212,57.5,％
黒字率,50～54歳,2010000101,18.9,％
黒字率,50～54歳,2010000202,27.1,％
黒字率,50～54歳,2010000303,-9.1,％
黒字率,50～54歳,2010000404,-7.8,％
黒字率,50～54歳,2010000505,2.0,％
黒字率,50～54歳,2010000606,53.4,％
黒字率,50～54歳,2010000707,35.1,％
黒字率,50～54歳,2010000808,15.6,％
黒字率,50～54歳,2010000909,10.4,％
黒字率,50～54歳,2010001010,11.0,％
黒字率,50～54歳,2010001111,17.1,％
黒字率,50～54歳,2010001212,56.1,％
黒字率,50～54歳,2011000101,14.5,％
黒字率,50～54歳,2011000202,20.4,％
黒字率,50～54歳,2011000303,10.6,％
黒字率,50～54歳,2011000404,-17.4,％
黒字率,50～54歳,2011000505,-0.3,％
黒字率,50～54歳,2011000606,47.4,％
黒字率,50～54歳,2011000707,39.3,％
黒字率,50～54歳,2011000808,22.5,％
黒字率,50～54歳,2011000909,13.7,％
黒字率,50～54歳,2011001010,14.6,％
黒字率,50～54歳,2011001111,17.6,％
黒字率,50～54歳,2011001212,57.4,％
黒字率,50～54歳,2012000101,15.2,％
黒字率,50～54歳,2012000202,22.9,％
黒字率,50～54歳,2012000303,3.0,％
黒字率,50～54歳,2012000404,-3.2,％
黒字率,50～54歳,2012000505,3.9,％
黒字率,50～54歳,2012000606,50.1,％
黒字率,50～54歳,2012000707,41.9,％
黒字率,50～54歳,2012000808,22.6,％
黒字率,50～54歳,2012000909,11.9,％
黒字率,50～54歳,2012001010,14.9,％
黒字率,50～54歳,2012001111,18.9,％
黒字率,50～54歳,2012001212,55.2,％
黒字率,50～54歳,2013000101,11.3,％
黒字率,50～54歳,2013000202,21.5,％
黒字率,50～54歳,2013000303,2.5,％
黒字率,50～54歳,2013000404,4.4,％
黒字率,50～54歳,2013000505,9.0,％
黒字率,50～54歳,2013000606,49.4,％
黒字率,50～54歳,2013000707,39.4,％
黒字率,50～54歳,2013000808,20.2,％
黒字率,50～54歳,2013000909,8.2,％
黒字率,50～54歳,2013001010,6.3,％
黒字率,50～54歳,2013001111,11.4,％
黒字率,50～54歳,2013001212,55.5,％
黒字率,50～54歳,2014000101,4.4,％
黒字率,50～54歳,2014000202,21.9,％
黒字率,50～54歳,2014000303,-0.9,％
黒字率,50～54歳,2014000404,-5.3,％
黒字率,50～54歳,2014000505,15.8,％
黒字率,50～54歳,2014000606,55.3,％
黒字率,50～54歳,2014000707,39.6,％
黒字率,50～54歳,2014000808,23.3,％
黒字率,50～54歳,2014000909,17.1,％
黒字率,50～54歳,2014001010,18.6,％
黒字率,50～54歳,2014001111,21.6,％
黒字率,50～54歳,2014001212,59.1,％
黒字率,50～54歳,2015000101,12.0,％
黒字率,50～54歳,2015000202,24.5,％
黒字率,50～54歳,2015000303,0.9,％
黒字率,50～54歳,2015000404,4.6,％
黒字率,50～54歳,2015000505,7.0,％
黒字率,50～54歳,2015000606,55.1,％
黒字率,50～54歳,2015000707,38.8,％
黒字率,50～54歳,2015000808,12.4,％
黒字率,50～54歳,2015000909,9.7,％
黒字率,50～54歳,2015001010,6.4,％
黒字率,50～54歳,2015001111,8.3,％
黒字率,50～54歳,2015001212,56.2,％
黒字率,50～54歳,2016000101,14.1,％
黒字率,50～54歳,2016000202,21.5,％
黒字率,50～54歳,2016000303,8.5,％
黒字率,50～54歳,2016000404,-4.9,％
黒字率,50～54歳,2016000505,3.9,％
黒字率,50～54歳,2016000606,58.0,％
黒字率,50～54歳,2016000707,41.5,％
黒字率,50～54歳,2016000808,24.9,％
黒字率,50～54歳,2016000909,18.9,％
黒字率,50～54歳,2016001010,17.4,％
黒字率,50～54歳,2016001111,23.3,％
黒字率,50～54歳,2016001212,55.4,％
黒字率,50～54歳,2017000101,14.9,％
黒字率,50～54歳,2017000202,13.3,％
黒字率,50～54歳,2017000303,1.1,％
黒字率,50～54歳,2017000404,-13.0,％
黒字率,50～54歳,2017000505,0.3,％
黒字率,50～54歳,2017000606,45.0,％
黒字率,50～54歳,2017000707,37.9,％
黒字率,50～54歳,2017000808,25.3,％
黒字率,50～54歳,2017000909,23.2,％
黒字率,50～54歳,2017001010,13.6,％
黒字率,50～54歳,2017001111,19.0,％
黒字率,50～54歳,2017001212,56.6,％
黒字率,50～54歳,2018000101,16.8,％
黒字率,50～54歳,2018000202,31.6,％
黒字率,50～54歳,2018000303,13.3,％
黒字率,50～54歳,2018000404,3.5,％
黒字率,50～54歳,2018000505,7.4,％
黒字率,50～54歳,2018000606,58.3,％
黒字率,50～54歳,2018000707,38.7,％
黒字率,50～54歳,2018000808,21.6,％
黒字率,50～54歳,2018000909,19.8,％
黒字率,50～54歳,2018001010,15.9,％
黒字率,50～54歳,2018001111,18.5,％
黒字率,50～54歳,2018001212,61.8,％
黒字率,50～54歳,2019000101,16.9,％
黒字率,50～54歳,2019000202,30.8,％
黒字率,50～54歳,2019000303,11.4,％
黒字率,50～54歳,2019000404,11.1,％
黒字率,50～54歳,2019000505,4.1,％
黒字率,50～54歳,2019000606,60.3,％
黒字率,50～54歳,2019000707,40.1,％
黒字率,50～54歳,2019000808,25.6,％
黒字率,50～54歳,2019000909,10.2,％
黒字率,50～54歳,2019001010,24.0,％
黒字率,50～54歳,2019001111,28.8,％
黒字率,50～54歳,2019001212,65.0,％
黒字率,50～54歳,2020000101,17.1,％
黒字率,50～54歳,2020000202,21.0,％
黒字率,50～54歳,2020000303,20.1,％
黒字率,50～54歳,2020000404,15.1,％
黒字率,50～54歳,2020000505,27.0,％
黒字率,50～54歳,2020000606,66.9,％
黒字率,50～54歳,2020000707,51.7,％
黒字率,50～54歳,2020000808,27.3,％
黒字率,50～54歳,2020000909,23.1,％
黒字率,50～54歳,2020001010,27.6,％
黒字率,50～54歳,2020001111,22.4,％
黒字率,50～54歳,2020001212,63.9,％
黒字率,50～54歳,2021000101,19.7,％
黒字率,50～54歳,2021000202,28.8,％
黒字率,50～54歳,2021000303,8.4,％
黒字率,50～54歳,2021000404,13.2,％
黒字率,50～54歳,2021000505,13.4,％
黒字率,50～54歳,2021000606,64.2,％
黒字率,50～54歳,2021000707,47.1,％
黒字率,50～54歳,2021000808,33.4,％
黒字率,50～54歳,2021000909,19.2,％
黒字率,50～54歳,2021001010,20.7,％
黒字率,50～54歳,2021001111,26.4,％
黒字率,50～54歳,2021001212,65.6,％
黒字率,50～54歳,2022000101,20.2,％
黒字率,50～54歳,2022000202,29.3,％
黒字率,50～54歳,2022000303,18.5,％
黒字率,50～54歳,2022000404,6.1,％
黒字率,50～54歳,2022000505,9.0,％
黒字率,50～54歳,2022000606,60.0,％
黒字率,50～54歳,2022000707,45.6,％
黒字率,50～54歳,2022000808,27.7,％
黒字率,50～54歳,2022000909,14.8,％
黒字率,50～54歳,2022001010,16.8,％
黒字率,50～54歳,2022001111,22.8,％
黒字率,50～54歳,2022001212,62.3,％
黒字率,50～54歳,2023000101,18.4,％
黒字率,50～54歳,2023000202,27.9,％
黒字率,50～54歳,2023000303,6.6,％
黒字率,50～54歳,2023000404,9.6,％
黒字率,50～54歳,2023000505,10.2,％
黒字率,50～54歳,2023000606,60.9,％
黒字率,50～54歳,2023000707,43.2,％
黒字率,50～54歳,2023000808,29.7,％
黒字率,50～54歳,2023000909,18.9,％
黒字率,50～54歳,2023001010,21.2,％
黒字率,50～54歳,2023001111,31.1,％
黒字率,50～54歳,2023001212,60.4,％
黒字率,50～54歳,2024000101,25.6,％
黒字率,50～54歳,2024000202,28.3,％
黒字率,50～54歳,2024000303,5.4,％
黒字率,50～54歳,2024000404,11.3,％
黒字率,50～54歳,2024000505,11.9,％
黒字率,50～54歳,2024000606,64.2,％
黒字率,50～54歳,2024000707,45.9,％
黒字率,50～54歳,2024000808,29.5,％
黒字率,50～54歳,2024000909,21.9,％
黒字率,50～54歳,2024001010,14.6,％
黒字率,50～54歳,2024001111,28.1,％
黒字率,50～54歳,2024001212,62.4,％
黒字率,50～54歳,2025000101,20.2,％
黒字率,50～54歳,2025000202,29.5,％
黒字率,50～54歳,2025000303,4.5,％
黒字率,50～54歳,2025000404,4.7,％
黒字率,50～54歳,2025000505,9.6,％
黒字率,50～54歳,2025000606,57.3,％
黒字率,50～54歳,2025000707,48.5,％
黒字率,50～54歳,2025000808,24.8,％
黒字率,50～54歳,2025000909,14.9,％
黒字率,50～54歳,2025001010,28.6,％
黒字率,50～54歳,2025001111,19.9,％
黒字率,50～54歳,2025001212,64.5,％
黒字率,50～54歳,2026000101,25.5,％
黒字率,50～54歳,2026000202,32.9,％
黒字率,50～54歳,2026000303,18.6,％
黒字率,50～54歳,2026000404,12.8,％
黒字率,50～54歳,2026000505,11.7,％
黒字率,55～59歳,2000000101,14.4,％
黒字率,55～59歳,2000000202,19.5,％
黒字率,55～59歳,2000000303,13.4,％
黒字率,55～59歳,2000000404,20.8,％
黒字率,55～59歳,2000000505,2.0,％
黒字率,55～59歳,2000000606,53.4,％
黒字率,55～59歳,2000000707,38.0,％
黒字率,55～59歳,2000000808,16.4,％
黒字率,55～59歳,2000000909,16.0,％
黒字率,55～59歳,2000001010,15.8,％
黒字率,55～59歳,2000001111,17.8,％
黒字率,55～59歳,2000001212,54.7,％
黒字率,55～59歳,2001000101,19.3,％
黒字率,55～59歳,2001000202,14.2,％
黒字率,55～59歳,2001000303,16.6,％
黒字率,55～59歳,2001000404,19.0,％
黒字率,55～59歳,2001000505,1.2,％
黒字率,55～59歳,2001000606,51.2,％
黒字率,55～59歳,2001000707,35.6,％
黒字率,55～59歳,2001000808,20.4,％
黒字率,55～59歳,2001000909,19.3,％
黒字率,55～59歳,2001001010,16.3,％
黒字率,55～59歳,2001001111,21.7,％
黒字率,55～59歳,2001001212,55.3,％
黒字率,55～59歳,2002000101,22.4,％
黒字率,55～59歳,2002000202,23.8,％
黒字率,55～59歳,2002000303,14.5,％
黒字率,55～59歳,2002000404,9.6,％
黒字率,55～59歳,2002000505,8.7,％
黒字率,55～59歳,2002000606,46.7,％
黒字率,55～59歳,2002000707,35.6,％
黒字率,55～59歳,2002000808,17.0,％
黒字率,55～59歳,2002000909,10.8,％
黒字率,55～59歳,2002001010,10.8,％
黒字率,55～59歳,2002001111,20.9,％
黒字率,55～59歳,2002001212,52.5,％
黒字率,55～59歳,2003000101,16.9,％
黒字率,55～59歳,2003000202,16.8,％
黒字率,55～59歳,2003000303,20.5,％
黒字率,55～59歳,2003000404,10.8,％
黒字率,55～59歳,2003000505,12.0,％
黒字率,55～59歳,2003000606,47.2,％
黒字率,55～59歳,2003000707,36.2,％
黒字率,55～59歳,2003000808,16.6,％
黒字率,55～59歳,2003000909,10.3,％
黒字率,55～59歳,2003001010,13.5,％
黒字率,55～59歳,2003001111,18.9,％
黒字率,55～59歳,2003001212,47.7,％
黒字率,55～59歳,2004000101,16.2,％
黒字率,55～59歳,2004000202,23.7,％
黒字率,55～59歳,2004000303,14.1,％
黒字率,55～59歳,2004000404,2.9,％
黒字率,55～59歳,2004000505,8.0,％
黒字率,55～59歳,2004000606,46.0,％
黒字率,55～59歳,2004000707,34.3,％
黒字率,55～59歳,2004000808,18.7,％
黒字率,55～59歳,2004000909,16.8,％
黒字率,55～59歳,2004001010,11.2,％
黒字率,55～59歳,2004001111,13.5,％
黒字率,55～59歳,2004001212,52.1,％
黒字率,55～59歳,2005000101,15.0,％
黒字率,55～59歳,2005000202,20.0,％
黒字率,55～59歳,2005000303,6.3,％
黒字率,55～59歳,2005000404,14.7,％
黒字率,55～59歳,2005000505,3.4,％
黒字率,55～59歳,2005000606,47.2,％
黒字率,55～59歳,2005000707,34.8,％
黒字率,55～59歳,2005000808,11.0,％
黒字率,55～59歳,2005000909,16.2,％
黒字率,55～59歳,2005001010,12.3,％
黒字率,55～59歳,2005001111,15.7,％
黒字率,55～59歳,2005001212,51.1,％
黒字率,55～59歳,2006000101,15.6,％
黒字率,55～59歳,2006000202,22.6,％
黒字率,55～59歳,2006000303,8.4,％
黒字率,55～59歳,2006000404,24.8,％
黒字率,55～59歳,2006000505,7.0,％
黒字率,55～59歳,2006000606,42.7,％
黒字率,55～59歳,2006000707,41.3,％
黒字率,55～59歳,2006000808,17.8,％
黒字率,55～59歳,2006000909,16.2,％
黒字率,55～59歳,2006001010,17.6,％
黒字率,55～59歳,2006001111,15.2,％
黒字率,55～59歳,2006001212,55.2,％
黒字率,55～59歳,2007000101,13.4,％
黒字率,55～59歳,2007000202,27.0,％
黒字率,55～59歳,2007000303,11.8,％
黒字率,55～59歳,2007000404,8.3,％
黒字率,55～59歳,2007000505,-1.6,％
黒字率,55～59歳,2007000606,51.7,％
黒字率,55～59歳,2007000707,33.3,％
黒字率,55～59歳,2007000808,7.3,％
黒字率,55～59歳,2007000909,14.4,％
黒字率,55～59歳,2007001010,9.8,％
黒字率,55～59歳,2007001111,21.1,％
黒字率,55～59歳,2007001212,51.9,％
黒字率,55～59歳,2008000101,16.1,％
黒字率,55～59歳,2008000202,24.9,％
黒字率,55～59歳,2008000303,13.0,％
黒字率,55～59歳,2008000404,5.8,％
黒字率,55～59歳,2008000505,13.7,％
黒字率,55～59歳,2008000606,46.1,％
黒字率,55～59歳,2008000707,35.4,％
黒字率,55～59歳,2008000808,22.5,％
黒字率,55～59歳,2008000909,13.4,％
黒字率,55～59歳,2008001010,20.0,％
黒字率,55～59歳,2008001111,14.7,％
黒字率,55～59歳,2008001212,54.2,％
黒字率,55～59歳,2009000101,14.4,％
黒字率,55～59歳,2009000202,24.8,％
黒字率,55～59歳,2009000303,6.8,％
黒字率,55～59歳,2009000404,-6.1,％
黒字率,55～59歳,2009000505,7.7,％
黒字率,55～59歳,2009000606,45.4,％
黒字率,55～59歳,2009000707,37.3,％
黒字率,55～59歳,2009000808,18.8,％
黒字率,55～59歳,2009000909,18.5,％
黒字率,55～59歳,2009001010,19.4,％
黒字率,55～59歳,2009001111,16.0,％
黒字率,55～59歳,2009001212,49.4,％
黒字率,55～59歳,2010000101,0.1,％
黒字率,55～59歳,2010000202,20.9,％
黒字率,55～59歳,2010000303,-3.9,％
黒字率,55～59歳,2010000404,9.6,％
黒字率,55～59歳,2010000505,4.6,％
黒字率,55～59歳,2010000606,47.3,％
黒字率,55～59歳,2010000707,27.5,％
黒字率,55～59歳,2010000808,18.0,％
黒字率,55～59歳,2010000909,13.3,％
黒字率,55～59歳,2010001010,11.8,％
黒字率,55～59歳,2010001111,12.7,％
黒字率,55～59歳,2010001212,54.5,％
黒字率,55～59歳,2011000101,1.5,％
黒字率,55～59歳,2011000202,25.8,％
黒字率,55～59歳,2011000303,16.3,％
黒字率,55～59歳,2011000404,5.2,％
黒字率,55～59歳,2011000505,4.6,％
黒字率,55～59歳,2011000606,47.8,％
黒字率,55～59歳,2011000707,35.6,％
黒字率,55～59歳,2011000808,16.5,％
黒字率,55～59歳,2011000909,18.2,％
黒字率,55～59歳,2011001010,21.4,％
黒字率,55～59歳,2011001111,22.4,％
黒字率,55～59歳,2011001212,57.9,％
黒字率,55～59歳,2012000101,19.1,％
黒字率,55～59歳,2012000202,27.7,％
黒字率,55～59歳,2012000303,13.6,％
黒字率,55～59歳,2012000404,8.1,％
黒字率,55～59歳,2012000505,-1.4,％
黒字率,55～59歳,2012000606,52.2,％
黒字率,55～59歳,2012000707,27.9,％
黒字率,55～59歳,2012000808,10.8,％
黒字率,55～59歳,2012000909,16.8,％
黒字率,55～59歳,2012001010,5.1,％
黒字率,55～59歳,2012001111,21.4,％
黒字率,55～59歳,2012001212,52.8,％
黒字率,55～59歳,2013000101,13.4,％
黒字率,55～59歳,2013000202,21.6,％
黒字率,55～59歳,2013000303,3.6,％
黒字率,55～59歳,2013000404,9.7,％
黒字率,55～59歳,2013000505,6.8,％
黒字率,55～59歳,2013000606,51.8,％
黒字率,55～59歳,2013000707,33.9,％
黒字率,55～59歳,2013000808,11.5,％
黒字率,55～59歳,2013000909,10.3,％
黒字率,55～59歳,2013001010,15.8,％
黒字率,55～59歳,2013001111,8.2,％
黒字率,55～59歳,2013001212,50.4,％
黒字率,55～59歳,2014000101,13.6,％
黒字率,55～59歳,2014000202,29.3,％
黒字率,55～59歳,2014000303,-16.1,％
黒字率,55～59歳,2014000404,-4.2,％
黒字率,55～59歳,2014000505,7.4,％
黒字率,55～59歳,2014000606,46.7,％
黒字率,55～59歳,2014000707,27.0,％
黒字率,55～59歳,2014000808,11.5,％
黒字率,55～59歳,2014000909,7.5,％
黒字率,55～59歳,2014001010,12.9,％
黒字率,55～59歳,2014001111,18.9,％
黒字率,55～59歳,2014001212,51.2,％
黒字率,55～59歳,2015000101,17.1,％
黒字率,55～59歳,2015000202,28.7,％
黒字率,55～59歳,2015000303,3.7,％
黒字率,55～59歳,2015000404,5.7,％
黒字率,55～59歳,2015000505,9.7,％
黒字率,55～59歳,2015000606,51.8,％
黒字率,55～59歳,2015000707,35.8,％
黒字率,55～59歳,2015000808,16.8,％
黒字率,55～59歳,2015000909,7.0,％
黒字率,55～59歳,2015001010,14.8,％
黒字率,55～59歳,2015001111,16.6,％
黒字率,55～59歳,2015001212,59.1,％
黒字率,55～59歳,2016000101,8.3,％
黒字率,55～59歳,2016000202,17.4,％
黒字率,55～59歳,2016000303,12.5,％
黒字率,55～59歳,2016000404,0.5,％
黒字率,55～59歳,2016000505,1.5,％
黒字率,55～59歳,2016000606,52.6,％
黒字率,55～59歳,2016000707,37.8,％
黒字率,55～59歳,2016000808,17.4,％
黒字率,55～59歳,2016000909,15.8,％
黒字率,55～59歳,2016001010,23.0,％
黒字率,55～59歳,2016001111,18.7,％
黒字率,55～59歳,2016001212,60.0,％
黒字率,55～59歳,2017000101,13.0,％
黒字率,55～59歳,2017000202,24.1,％
黒字率,55～59歳,2017000303,5.9,％
黒字率,55～59歳,2017000404,3.5,％
黒字率,55～59歳,2017000505,-10.7,％
黒字率,55～59歳,2017000606,48.8,％
黒字率,55～59歳,2017000707,40.4,％
黒字率,55～59歳,2017000808,18.5,％
黒字率,55～59歳,2017000909,20.6,％
黒字率,55～59歳,2017001010,15.5,％
黒字率,55～59歳,2017001111,15.7,％
黒字率,55～59歳,2017001212,55.1,％
黒字率,55～59歳,2018000101,8.6,％
黒字率,55～59歳,2018000202,20.4,％
黒字率,55～59歳,2018000303,10.5,％
黒字率,55～59歳,2018000404,9.7,％
黒字率,55～59歳,2018000505,8.8,％
黒字率,55～59歳,2018000606,59.2,％
黒字率,55～59歳,2018000707,43.3,％
黒字率,55～59歳,2018000808,21.3,％
黒字率,55～59歳,2018000909,20.3,％
黒字率,55～59歳,2018001010,19.0,％
黒字率,55～59歳,2018001111,24.7,％
黒字率,55～59歳,2018001212,62.2,％
黒字率,55～59歳,2019000101,16.1,％
黒字率,55～59歳,2019000202,24.3,％
黒字率,55～59歳,2019000303,12.8,％
黒字率,55～59歳,2019000404,16.6,％
黒字率,55～59歳,2019000505,4.8,％
黒字率,55～59歳,2019000606,59.5,％
黒字率,55～59歳,2019000707,42.0,％
黒字率,55～59歳,2019000808,24.6,％
黒字率,55～59歳,2019000909,11.4,％
黒字率,55～59歳,2019001010,19.4,％
黒字率,55～59歳,2019001111,30.9,％
黒字率,55～59歳,2019001212,59.9,％
黒字率,55～59歳,2020000101,27.8,％
黒字率,55～59歳,2020000202,35.3,％
黒字率,55～59歳,2020000303,19.1,％
黒字率,55～59歳,2020000404,21.3,％
黒字率,55～59歳,2020000505,34.0,％
黒字率,55～59歳,2020000606,64.1,％
黒字率,55～59歳,2020000707,53.8,％
黒字率,55～59歳,2020000808,25.9,％
黒字率,55～59歳,2020000909,27.4,％
黒字率,55～59歳,2020001010,16.3,％
黒字率,55～59歳,2020001111,28.8,％
黒字率,55～59歳,2020001212,64.6,％
黒字率,55～59歳,2021000101,26.2,％
黒字率,55～59歳,2021000202,32.7,％
黒字率,55～59歳,2021000303,11.5,％
黒字率,55～59歳,2021000404,12.2,％
黒字率,55～59歳,2021000505,20.7,％
黒字率,55～59歳,2021000606,66.0,％
黒字率,55～59歳,2021000707,48.3,％
黒字率,55～59歳,2021000808,32.7,％
黒字率,55～59歳,2021000909,29.9,％
黒字率,55～59歳,2021001010,14.8,％
黒字率,55～59歳,2021001111,30.3,％
黒字率,55～59歳,2021001212,61.1,％
黒字率,55～59歳,2022000101,28.3,％
黒字率,55～59歳,2022000202,35.2,％
黒字率,55～59歳,2022000303,20.4,％
黒字率,55～59歳,2022000404,12.5,％
黒字率,55～59歳,2022000505,10.2,％
黒字率,55～59歳,2022000606,59.5,％
黒字率,55～59歳,2022000707,34.9,％
黒字率,55～59歳,2022000808,22.1,％
黒字率,55～59歳,2022000909,23.8,％
黒字率,55～59歳,2022001010,24.3,％
黒字率,55～59歳,2022001111,29.9,％
黒字率,55～59歳,2022001212,62.2,％
黒字率,55～59歳,2023000101,18.6,％
黒字率,55～59歳,2023000202,35.7,％
黒字率,55～59歳,2023000303,23.6,％
黒字率,55～59歳,2023000404,25.4,％
黒字率,55～59歳,2023000505,16.0,％
黒字率,55～59歳,2023000606,61.1,％
黒字率,55～59歳,2023000707,47.4,％
黒字率,55～59歳,2023000808,32.4,％
黒字率,55～59歳,2023000909,18.3,％
黒字率,55～59歳,2023001010,17.4,％
黒字率,55～59歳,2023001111,29.0,％
黒字率,55～59歳,2023001212,65.4,％
黒字率,55～59歳,2024000101,29.8,％
黒字率,55～59歳,2024000202,29.6,％
黒字率,55～59歳,2024000303,25.5,％
黒字率,55～59歳,2024000404,15.5,％
黒字率,55～59歳,2024000505,16.9,％
黒字率,55～59歳,2024000606,66.3,％
黒字率,55～59歳,2024000707,50.7,％
黒字率,55～59歳,2024000808,31.7,％
黒字率,55～59歳,2024000909,24.3,％
黒字率,55～59歳,2024001010,34.3,％
黒字率,55～59歳,2024001111,25.7,％
黒字率,55～59歳,2024001212,59.9,％
黒字率,55～59歳,2025000101,24.5,％
黒字率,55～59歳,2025000202,28.0,％
黒字率,55～59歳,2025000303,14.5,％
黒字率,55～59歳,2025000404,11.9,％
黒字率,55～59歳,2025000505,13.0,％
黒字率,55～59歳,2025000606,59.8,％
黒字率,55～59歳,2025000707,50.4,％
黒字率,55～59歳,2025000808,27.4,％
黒字率,55～59歳,2025000909,20.0,％
黒字率,55～59歳,2025001010,18.6,％
黒字率,55～59歳,2025001111,24.5,％
黒字率,55～59歳,2025001212,67.4,％
黒字率,55～59歳,2026000101,25.7,％
黒字率,55～59歳,2026000202,35.0,％
黒字率,55～59歳,2026000303,16.7,％
黒字率,55～59歳,2026000404,24.9,％
黒字率,55～59歳,2026000505,15.0,％
黒字率,60～64歳,2000000101,-6.4,％
黒字率,60～64歳,2000000202,30.6,％
黒字率,60～64歳,2000000303,-24.9,％
黒字率,60～64歳,2000000404,27.2,％
黒字率,60～64歳,2000000505,-47.3,％
黒字率,60～64歳,2000000606,37.5,％
黒字率,60～64歳,2000000707,-8.9,％
黒字率,60～64歳,2000000808,25.2,％
黒字率,60～64歳,2000000909,-2.7,％
黒字率,60～64歳,2000001010,24.0,％
黒字率,60～64歳,2000001111,4.5,％
黒字率,60～64歳,2000001212,38.2,％
黒字率,60～64歳,2001000101,-0.5,％
黒字率,60～64歳,2001000202,28.2,％
黒字率,60～64歳,2001000303,-14.9,％
黒字率,60～64歳,2001000404,31.8,％
黒字率,60～64歳,2001000505,-26.5,％
黒字率,60～64歳,2001000606,41.0,％
黒字率,60～64歳,2001000707,3.8,％
黒字率,60～64歳,2001000808,24.2,％
黒字率,60～64歳,2001000909,-8.1,％
黒字率,60～64歳,2001001010,27.6,％
黒字率,60～64歳,2001001111,-17.6,％
黒字率,60～64歳,2001001212,42.8,％
黒字率,60～64歳,2002000101,3.6,％
黒字率,60～64歳,2002000202,33.6,％
黒字率,60～64歳,2002000303,-9.3,％
黒字率,60～64歳,2002000404,21.4,％
黒字率,60～64歳,2002000505,-20.1,％
黒字率,60～64歳,2002000606,40.7,％
黒字率,60～64歳,2002000707,-12.3,％
黒字率,60～64歳,2002000808,12.8,％
黒字率,60～64歳,2002000909,0.5,％
黒字率,60～64歳,2002001010,3.5,％
黒字率,60～64歳,2002001111,-14.2,％
黒字率,60～64歳,2002001212,36.7,％
黒字率,60～64歳,2003000101,-9.0,％
黒字率,60～64歳,2003000202,25.5,％
黒字率,60～64歳,2003000303,-18.0,％
黒字率,60～64歳,2003000404,23.8,％
黒字率,60～64歳,2003000505,-20.1,％
黒字率,60～64歳,2003000606,35.5,％
黒字率,60～64歳,2003000707,10.2,％
黒字率,60～64歳,2003000808,23.5,％
黒字率,60～64歳,2003000909,-14.9,％
黒字率,60～64歳,2003001010,20.7,％
黒字率,60～64歳,2003001111,-14.7,％
黒字率,60～64歳,2003001212,35.7,％
黒字率,60～64歳,2004000101,-15.6,％
黒字率,60～64歳,2004000202,30.5,％
黒字率,60～64歳,2004000303,-13.4,％
黒字率,60～64歳,2004000404,-0.5,％
黒字率,60～64歳,2004000505,-29.2,％
黒字率,60～64歳,2004000606,26.0,％
黒字率,60～64歳,2004000707,3.4,％
黒字率,60～64歳,2004000808,19.6,％
黒字率,60～64歳,2004000909,-8.0,％
黒字率,60～64歳,2004001010,23.8,％
黒字率,60～64歳,2004001111,-6.3,％
黒字率,60～64歳,2004001212,31.5,％
黒字率,60～64歳,2005000101,-6.4,％
黒字率,60～64歳,2005000202,30.9,％
黒字率,60～64歳,2005000303,-23.8,％
黒字率,60～64歳,2005000404,27.2,％
黒字率,60～64歳,2005000505,-38.2,％
黒字率,60～64歳,2005000606,31.3,％
黒字率,60～64歳,2005000707,-11.1,％
黒字率,60～64歳,2005000808,16.6,％
黒字率,60～64歳,2005000909,-12.5,％
黒字率,60～64歳,2005001010,12.9,％
黒字率,60～64歳,2005001111,-9.4,％
黒字率,60～64歳,2005001212,29.3,％
黒字率,60～64歳,2006000101,-34.5,％
黒字率,60～64歳,2006000202,25.3,％
黒字率,60～64歳,2006000303,-17.5,％
黒字率,60～64歳,2006000404,4.8,％
黒字率,60～64歳,2006000505,-50.1,％
黒字率,60～64歳,2006000606,28.4,％
黒字率,60～64歳,2006000707,-5.9,％
黒字率,60～64歳,2006000808,17.6,％
黒字率,60～64歳,2006000909,-8.3,％
黒字率,60～64歳,2006001010,22.5,％
黒字率,60～64歳,2006001111,1.3,％
黒字率,60～64歳,2006001212,32.2,％
黒字率,60～64歳,2007000101,-2.3,％
黒字率,60～64歳,2007000202,26.9,％
黒字率,60～64歳,2007000303,-17.4,％
黒字率,60～64歳,2007000404,28.6,％
黒字率,60～64歳,2007000505,-22.3,％
黒字率,60～64歳,2007000606,30.7,％
黒字率,60～64歳,2007000707,-2.8,％
黒字率,60～64歳,2007000808,21.3,％
黒字率,60～64歳,2007000909,-11.8,％
黒字率,60～64歳,2007001010,20.7,％
黒字率,60～64歳,2007001111,-9.9,％
黒字率,60～64歳,2007001212,29.6,％
黒字率,60～64歳,2008000101,-12.9,％
黒字率,60～64歳,2008000202,16.8,％
黒字率,60～64歳,2008000303,-12.6,％
黒字率,60～64歳,2008000404,-3.2,％
黒字率,60～64歳,2008000505,-31.7,％
黒字率,60～64歳,2008000606,20.4,％
黒字率,60～64歳,2008000707,-2.0,％
黒字率,60～64歳,2008000808,18.3,％
黒字率,60～64歳,2008000909,-9.7,％
黒字率,60～64歳,2008001010,22.7,％
黒字率,60～64歳,2008001111,-14.4,％
黒字率,60～64歳,2008001212,35.9,％
黒字率,60～64歳,2009000101,-19.0,％
黒字率,60～64歳,2009000202,22.4,％
黒字率,60～64歳,2009000303,-7.1,％
黒字率,60～64歳,2009000404,18.9,％
黒字率,60～64歳,2009000505,-11.0,％
黒字率,60～64歳,2009000606,27.0,％
黒字率,60～64歳,2009000707,-4.8,％
黒字率,60～64歳,2009000808,21.4,％
黒字率,60～64歳,2009000909,-13.6,％
黒字率,60～64歳,2009001010,17.2,％
黒字率,60～64歳,2009001111,-28.7,％
黒字率,60～64歳,2009001212,32.2,％
黒字率,60～64歳,2010000101,-17.6,％
黒字率,60～64歳,2010000202,23.1,％
黒字率,60～64歳,2010000303,-29.7,％
黒字率,60～64歳,2010000404,7.3,％
黒字率,60～64歳,2010000505,-34.3,％
黒字率,60～64歳,2010000606,23.3,％
黒字率,60～64歳,2010000707,-3.3,％
黒字率,60～64歳,2010000808,1.9,％
黒字率,60～64歳,2010000909,-24.1,％
黒字率,60～64歳,2010001010,16.9,％
黒字率,60～64歳,2010001111,-33.9,％
黒字率,60～64歳,2010001212,26.5,％
黒字率,60～64歳,2011000101,-14.1,％
黒字率,60～64歳,2011000202,19.6,％
黒字率,60～64歳,2011000303,-10.0,％
黒字率,60～64歳,2011000404,13.2,％
黒字率,60～64歳,2011000505,-27.6,％
黒字率,60～64歳,2011000606,31.4,％
黒字率,60～64歳,2011000707,9.9,％
黒字率,60～64歳,2011000808,10.4,％
黒字率,60～64歳,2011000909,-7.8,％
黒字率,60～64歳,2011001010,15.6,％
黒字率,60～64歳,2011001111,-9.6,％
黒字率,60～64歳,2011001212,23.8,％
黒字率,60～64歳,2012000101,-13.6,％
黒字率,60～64歳,2012000202,17.5,％
黒字率,60～64歳,2012000303,-8.4,％
黒字率,60～64歳,2012000404,8.7,％
黒字率,60～64歳,2012000505,-43.7,％
黒字率,60～64歳,2012000606,35.8,％
黒字率,60～64歳,2012000707,-10.4,％
黒字率,60～64歳,2012000808,23.3,％
黒字率,60～64歳,2012000909,-9.9,％
黒字率,60～64歳,2012001010,17.7,％
黒字率,60～64歳,2012001111,-10.8,％
黒字率,60～64歳,2012001212,32.4,％
黒字率,60～64歳,2013000101,-21.2,％
黒字率,60～64歳,2013000202,9.9,％
黒字率,60～64歳,2013000303,-31.8,％
黒字率,60～64歳,2013000404,0.2,％
黒字率,60～64歳,2013000505,-40.2,％
黒字率,60～64歳,2013000606,35.3,％
黒字率,60～64歳,2013000707,10.1,％
黒字率,60～64歳,2013000808,19.6,％
黒字率,60～64歳,2013000909,-23.1,％
黒字率,60～64歳,2013001010,12.4,％
黒字率,60～64歳,2013001111,-3.6,％
黒字率,60～64歳,2013001212,38.4,％
黒字率,60～64歳,2014000101,-29.8,％
黒字率,60～64歳,2014000202,11.9,％
黒字率,60～64歳,2014000303,-34.9,％
黒字率,60～64歳,2014000404,9.8,％
黒字率,60～64歳,2014000505,-20.7,％
黒字率,60～64歳,2014000606,25.0,％
黒字率,60～64歳,2014000707,-0.3,％
黒字率,60～64歳,2014000808,4.1,％
黒字率,60～64歳,2014000909,-25.6,％
黒字率,60～64歳,2014001010,10.4,％
黒字率,60～64歳,2014001111,-18.0,％
黒字率,60～64歳,2014001212,22.1,％
黒字率,60～64歳,2015000101,-24.9,％
黒字率,60～64歳,2015000202,14.5,％
黒字率,60～64歳,2015000303,-11.0,％
黒字率,60～64歳,2015000404,-4.2,％
黒字率,60～64歳,2015000505,-35.8,％
黒字率,60～64歳,2015000606,24.5,％
黒字率,60～64歳,2015000707,1.2,％
黒字率,60～64歳,2015000808,15.8,％
黒字率,60～64歳,2015000909,-11.9,％
黒字率,60～64歳,2015001010,11.0,％
黒字率,60～64歳,2015001111,-6.8,％
黒字率,60～64歳,2015001212,31.9,％
黒字率,60～64歳,2016000101,-13.3,％
黒字率,60～64歳,2016000202,20.2,％
黒字率,60～64歳,2016000303,-23.7,％
黒字率,60～64歳,2016000404,14.4,％
黒字率,60～64歳,2016000505,-28.8,％
黒字率,60～64歳,2016000606,29.5,％
黒字率,60～64歳,2016000707,6.1,％
黒字率,60～64歳,2016000808,9.3,％
黒字率,60～64歳,2016000909,-14.3,％
黒字率,60～64歳,2016001010,4.3,％
黒字率,60～64歳,2016001111,-8.5,％
黒字率,60～64歳,2016001212,29.6,％
黒字率,60～64歳,2017000101,-0.7,％
黒字率,60～64歳,2017000202,4.1,％
黒字率,60～64歳,2017000303,-5.9,％
黒字率,60～64歳,2017000404,4.7,％
黒字率,60～64歳,2017000505,-49.7,％
黒字率,60～64歳,2017000606,28.8,％
黒字率,60～64歳,2017000707,-6.2,％
黒字率,60～64歳,2017000808,16.9,％
黒字率,60～64歳,2017000909,-16.0,％
黒字率,60～64歳,2017001010,3.8,％
黒字率,60～64歳,2017001111,-5.2,％
黒字率,60～64歳,2017001212,28.9,％
黒字率,60～64歳,2018000101,-9.9,％
黒字率,60～64歳,2018000202,14.0,％
黒字率,60～64歳,2018000303,-5.9,％
黒字率,60～64歳,2018000404,4.0,％
黒字率,60～64歳,2018000505,-31.7,％
黒字率,60～64歳,2018000606,35.8,％
黒字率,60～64歳,2018000707,20.6,％
黒字率,60～64歳,2018000808,17.2,％
黒字率,60～64歳,2018000909,-6.7,％
黒字率,60～64歳,2018001010,11.0,％
黒字率,60～64歳,2018001111,-0.6,％
黒字率,60～64歳,2018001212,42.1,％
黒字率,60～64歳,2019000101,1.9,％
黒字率,60～64歳,2019000202,19.5,％
黒字率,60～64歳,2019000303,-2.7,％
黒字率,60～64歳,2019000404,13.4,％
黒字率,60～64歳,2019000505,-25.8,％
黒字率,60～64歳,2019000606,33.0,％
黒字率,60～64歳,2019000707,19.4,％
黒字率,60～64歳,2019000808,21.7,％
黒字率,60～64歳,2019000909,-4.1,％
黒字率,60～64歳,2019001010,26.7,％
黒字率,60～64歳,2019001111,2.1,％
黒字率,60～64歳,2019001212,51.8,％
黒字率,60～64歳,2020000101,-2.4,％
黒字率,60～64歳,2020000202,27.6,％
黒字率,60～64歳,2020000303,2.4,％
黒字率,60～64歳,2020000404,21.4,％
黒字率,60～64歳,2020000505,8.1,％
黒字率,60～64歳,2020000606,55.4,％
黒字率,60～64歳,2020000707,37.5,％
黒字率,60～64歳,2020000808,25.1,％
黒字率,60～64歳,2020000909,5.9,％
黒字率,60～64歳,2020001010,21.9,％
黒字率,60～64歳,2020001111,6.0,％
黒字率,60～64歳,2020001212,49.0,％
黒字率,60～64歳,2021000101,5.6,％
黒字率,60～64歳,2021000202,29.4,％
黒字率,60～64歳,2021000303,3.8,％
黒字率,60～64歳,2021000404,14.9,％
黒字率,60～64歳,2021000505,-3.3,％
黒字率,60～64歳,2021000606,47.4,％
黒字率,60～64歳,2021000707,30.7,％
黒字率,60～64歳,2021000808,22.7,％
黒字率,60～64歳,2021000909,17.4,％
黒字率,60～64歳,2021001010,23.7,％
黒字率,60～64歳,2021001111,5.5,％
黒字率,60～64歳,2021001212,48.0,％
黒字率,60～64歳,2022000101,-1.7,％
黒字率,60～64歳,2022000202,31.5,％
黒字率,60～64歳,2022000303,7.1,％
黒字率,60～64歳,2022000404,15.1,％
黒字率,60～64歳,2022000505,1.4,％
黒字率,60～64歳,2022000606,42.1,％
黒字率,60～64歳,2022000707,28.1,％
黒字率,60～64歳,2022000808,24.2,％
黒字率,60～64歳,2022000909,10.5,％
黒字率,60～64歳,2022001010,23.8,％
黒字率,60～64歳,2022001111,21.8,％
黒字率,60～64歳,2022001212,49.0,％
黒字率,60～64歳,2023000101,11.9,％
黒字率,60～64歳,2023000202,23.0,％
黒字率,60～64歳,2023000303,8.0,％
黒字率,60～64歳,2023000404,21.6,％
黒字率,60～64歳,2023000505,-10.2,％
黒字率,60～64歳,2023000606,39.8,％
黒字率,60～64歳,2023000707,27.7,％
黒字率,60～64歳,2023000808,26.5,％
黒字率,60～64歳,2023000909,11.6,％
黒字率,60～64歳,2023001010,12.9,％
黒字率,60～64歳,2023001111,4.8,％
黒字率,60～64歳,2023001212,45.1,％
黒字率,60～64歳,2024000101,12.1,％
黒字率,60～64歳,2024000202,27.1,％
黒字率,60～64歳,2024000303,5.8,％
黒字率,60～64歳,2024000404,12.3,％
黒字率,60～64歳,2024000505,2.8,％
黒字率,60～64歳,2024000606,44.2,％
黒字率,60～64歳,2024000707,34.3,％
黒字率,60～64歳,2024000808,18.4,％
黒字率,60～64歳,2024000909,16.1,％
黒字率,60～64歳,2024001010,11.6,％
黒字率,60～64歳,2024001111,5.2,％
黒字率,60～64歳,2024001212,48.8,％
黒字率,60～64歳,2025000101,-4.3,％
黒字率,60～64歳,2025000202,18.5,％
黒字率,60～64歳,2025000303,-1.9,％
黒字率,60～64歳,2025000404,17.2,％
黒字率,60～64歳,2025000505,-4.4,％
黒字率,60～64歳,2025000606,48.3,％
黒字率,60～64歳,2025000707,27.9,％
黒字率,60～64歳,2025000808,16.0,％
黒字率,60～64歳,2025000909,2.7,％
黒字率,60～64歳,2025001010,20.3,％
黒字率,60～64歳,2025001111,5.2,％
黒字率,60～64歳,2025001212,51.8,％
黒字率,60～64歳,2026000101,6.3,％
黒字率,60～64歳,2026000202,23.3,％
黒字率,60～64歳,2026000303,12.1,％
黒字率,60～64歳,2026000404,16.2,％
黒字率,60～64歳,2026000505,0.8,％
黒字率,65～69歳,2000000101,-57.9,％
黒字率,65～69歳,2000000202,45.0,％
黒字率,65～69歳,2000000303,-40.2,％
黒字率,65～69歳,2000000404,35.1,％
黒字率,65～69歳,2000000505,-41.5,％
黒字率,65～69歳,2000000606,38.1,％
黒字率,65～69歳,2000000707,0.1,％
黒字率,65～69歳,2000000808,45.8,％
黒字率,65～69歳,2000000909,-12.2,％
黒字率,65～69歳,2000001010,47.2,％
黒字率,65～69歳,2000001111,-16.8,％
黒字率,65～69歳,2000001212,44.2,％
黒字率,65～69歳,2001000101,-30.5,％
黒字率,65～69歳,2001000202,53.2,％
黒字率,65～69歳,2001000303,-64.1,％
黒字率,65～69歳,2001000404,36.8,％
黒字率,65～69歳,2001000505,-70.1,％
黒字率,65～69歳,2001000606,53.8,％
黒字率,65～69歳,2001000707,-28.8,％
黒字率,65～69歳,2001000808,38.9,％
黒字率,65～69歳,2001000909,-21.6,％
黒字率,65～69歳,2001001010,48.7,％
黒字率,65～69歳,2001001111,-8.6,％
黒字率,65～69歳,2001001212,39.4,％
黒字率,65～69歳,2002000101,-2.7,％
黒字率,65～69歳,2002000202,45.3,％
黒字率,65～69歳,2002000303,-3.8,％
黒字率,65～69歳,2002000404,19.7,％
黒字率,65～69歳,2002000505,-27.7,％
黒字率,65～69歳,2002000606,42.6,％
黒字率,65～69歳,2002000707,-23.7,％
黒字率,65～69歳,2002000808,34.3,％
黒字率,65～69歳,2002000909,-46.1,％
黒字率,65～69歳,2002001010,28.8,％
黒字率,65～69歳,2002001111,-46.4,％
黒字率,65～69歳,2002001212,27.3,％
黒字率,65～69歳,2003000101,-76.2,％
黒字率,65～69歳,2003000202,37.2,％
黒字率,65～69歳,2003000303,-38.2,％
黒字率,65～69歳,2003000404,27.7,％
黒字率,65～69歳,2003000505,-52.7,％
黒字率,65～69歳,2003000606,39.5,％
黒字率,65～69歳,2003000707,-25.8,％
黒字率,65～69歳,2003000808,36.7,％
黒字率,65～69歳,2003000909,-33.6,％
黒字率,65～69歳,2003001010,35.7,％
黒字率,65～69歳,2003001111,-49.9,％
黒字率,65～69歳,2003001212,35.4,％
黒字率,65～69歳,2004000101,-36.4,％
黒字率,65～69歳,2004000202,38.7,％
黒字率,65～69歳,2004000303,-43.2,％
黒字率,65～69歳,2004000404,29.8,％
黒字率,65～69歳,2004000505,-57.4,％
黒字率,65～69歳,2004000606,34.9,％
黒字率,65～69歳,2004000707,-49.4,％
黒字率,65～69歳,2004000808,27.8,％
黒字率,65～69歳,2004000909,-34.8,％
黒字率,65～69歳,2004001010,35.4,％
黒字率,65～69歳,2004001111,-28.5,％
黒字率,65～69歳,2004001212,37.5,％
黒字率,65～69歳,2005000101,-13.1,％
黒字率,65～69歳,2005000202,44.7,％
黒字率,65～69歳,2005000303,-14.9,％
黒字率,65～69歳,2005000404,23.6,％
黒字率,65～69歳,2005000505,-87.4,％
黒字率,65～69歳,2005000606,39.6,％
黒字率,65～69歳,2005000707,-7.0,％
黒字率,65～69歳,2005000808,39.8,％
黒字率,65～69歳,2005000909,-41.8,％
黒字率,65～69歳,2005001010,35.5,％
黒字率,65～69歳,2005001111,-41.7,％
黒字率,65～69歳,2005001212,32.1,％
黒字率,65～69歳,2006000101,-43.0,％
黒字率,65～69歳,2006000202,42.6,％
黒字率,65～69歳,2006000303,-48.1,％
黒字率,65～69歳,2006000404,28.8,％
黒字率,65～69歳,2006000505,-82.8,％
黒字率,65～69歳,2006000606,38.8,％
黒字率,65～69歳,2006000707,-29.0,％
黒字率,65～69歳,2006000808,30.7,％
黒字率,65～69歳,2006000909,-30.7,％
黒字率,65～69歳,2006001010,16.7,％
黒字率,65～69歳,2006001111,-20.5,％
黒字率,65～69歳,2006001212,42.0,％
黒字率,65～69歳,2007000101,-17.1,％
黒字率,65～69歳,2007000202,42.8,％
黒字率,65～69歳,2007000303,-58.2,％
黒字率,65～69歳,2007000404,23.8,％
黒字率,65～69歳,2007000505,-50.6,％
黒字率,65～69歳,2007000606,32.1,％
黒字率,65～69歳,2007000707,-19.8,％
黒字率,65～69歳,2007000808,35.3,％
黒字率,65～69歳,2007000909,-40.2,％
黒字率,65～69歳,2007001010,24.3,％
黒字率,65～69歳,2007001111,-35.1,％
黒字率,65～69歳,2007001212,14.8,％
黒字率,65～69歳,2008000101,-41.1,％
黒字率,65～69歳,2008000202,40.2,％
黒字率,65～69歳,2008000303,-55.3,％
黒字率,65～69歳,2008000404,35.3,％
黒字率,65～69歳,2008000505,-53.8,％
黒字率,65～69歳,2008000606,36.0,％
黒字率,65～69歳,2008000707,-24.0,％
黒字率,65～69歳,2008000808,21.0,％
黒字率,65～69歳,2008000909,-39.7,％
黒字率,65～69歳,2008001010,37.8,％
黒字率,65～69歳,2008001111,-44.0,％
黒字率,65～69歳,2008001212,41.1,％
黒字率,65～69歳,2009000101,-35.6,％
黒字率,65～69歳,2009000202,36.8,％
黒字率,65～69歳,2009000303,-48.3,％
黒字率,65～69歳,2009000404,25.2,％
黒字率,65～69歳,2009000505,-37.7,％
黒字率,65～69歳,2009000606,37.6,％
黒字率,65～69歳,2009000707,-17.4,％
黒字率,65～69歳,2009000808,32.4,％
黒字率,65～69歳,2009000909,-67.3,％
黒字率,65～69歳,2009001010,39.1,％
黒字率,65～69歳,2009001111,-61.1,％
黒字率,65～69歳,2009001212,33.9,％
黒字率,65～69歳,2010000101,-16.8,％
黒字率,65～69歳,2010000202,44.9,％
黒字率,65～69歳,2010000303,-39.4,％
黒字率,65～69歳,2010000404,44.9,％
黒字率,65～69歳,2010000505,-62.1,％
黒字率,65～69歳,2010000606,42.0,％
黒字率,65～69歳,2010000707,-11.6,％
黒字率,65～69歳,2010000808,38.2,％
黒字率,65～69歳,2010000909,-28.1,％
黒字率,65～69歳,2010001010,38.7,％
黒字率,65～69歳,2010001111,-22.8,％
黒字率,65～69歳,2010001212,44.9,％
黒字率,65～69歳,2011000101,-49.1,％
黒字率,65～69歳,2011000202,38.4,％
黒字率,65～69歳,2011000303,-49.1,％
黒字率,65～69歳,2011000404,30.0,％
黒字率,65～69歳,2011000505,-80.1,％
黒字率,65～69歳,2011000606,38.2,％
黒字率,65～69歳,2011000707,-32.2,％
黒字率,65～69歳,2011000808,16.1,％
黒字率,65～69歳,2011000909,-82.0,％
黒字率,65～69歳,2011001010,27.9,％
黒字率,65～69歳,2011001111,-74.3,％
黒字率,65～69歳,2011001212,26.2,％
黒字率,65～69歳,2012000101,-38.1,％
黒字率,65～69歳,2012000202,40.0,％
黒字率,65～69歳,2012000303,-41.7,％
黒字率,65～69歳,2012000404,37.5,％
黒字率,65～69歳,2012000505,-36.6,％
黒字率,65～69歳,2012000606,40.9,％
黒字率,65～69歳,2012000707,-26.1,％
黒字率,65～69歳,2012000808,37.4,％
黒字率,65～69歳,2012000909,-33.2,％
黒字率,65～69歳,2012001010,29.3,％
黒字率,65～69歳,2012001111,-47.6,％
黒字率,65～69歳,2012001212,17.9,％
黒字率,65～69歳,2013000101,-58.1,％
黒字率,65～69歳,2013000202,35.7,％
黒字率,65～69歳,2013000303,-82.2,％
黒字率,65～69歳,2013000404,22.9,％
黒字率,65～69歳,2013000505,-58.2,％
黒字率,65～69歳,2013000606,38.1,％
黒字率,65～69歳,2013000707,-58.3,％
黒字率,65～69歳,2013000808,34.8,％
黒字率,65～69歳,2013000909,-22.7,％
黒字率,65～69歳,2013001010,28.8,％
黒字率,65～69歳,2013001111,-21.0,％
黒字率,65～69歳,2013001212,25.5,％
黒字率,65～69歳,2014000101,-76.4,％
黒字率,65～69歳,2014000202,38.6,％
黒字率,65～69歳,2014000303,-57.9,％
黒字率,65～69歳,2014000404,32.0,％
黒字率,65～69歳,2014000505,-35.0,％
黒字率,65～69歳,2014000606,29.6,％
黒字率,65～69歳,2014000707,-19.5,％
黒字率,65～69歳,2014000808,39.6,％
黒字率,65～69歳,2014000909,-28.4,％
黒字率,65～69歳,2014001010,35.8,％
黒字率,65～69歳,2014001111,-11.4,％
黒字率,65～69歳,2014001212,40.3,％
黒字率,65～69歳,2015000101,-34.2,％
黒字率,65～69歳,2015000202,32.6,％
黒字率,65～69歳,2015000303,-90.6,％
黒字率,65～69歳,2015000404,26.1,％
黒字率,65～69歳,2015000505,-48.7,％
黒字率,65～69歳,2015000606,27.2,％
黒字率,65～69歳,2015000707,-23.2,％
黒字率,65～69歳,2015000808,33.4,％
黒字率,65～69歳,2015000909,-34.9,％
黒字率,65～69歳,2015001010,34.4,％
黒字率,65～69歳,2015001111,-25.4,％
黒字率,65～69歳,2015001212,32.0,％
黒字率,65～69歳,2016000101,-36.7,％
黒字率,65～69歳,2016000202,42.5,％
黒字率,65～69歳,2016000303,-38.7,％
黒字率,65～69歳,2016000404,32.9,％
黒字率,65～69歳,2016000505,-54.4,％
黒字率,65～69歳,2016000606,41.0,％
黒字率,65～69歳,2016000707,-16.7,％
黒字率,65～69歳,2016000808,36.7,％
黒字率,65～69歳,2016000909,-21.0,％
黒字率,65～69歳,2016001010,35.8,％
黒字率,65～69歳,2016001111,-15.8,％
黒字率,65～69歳,2016001212,38.3,％
黒字率,65～69歳,2017000101,-22.6,％
黒字率,65～69歳,2017000202,38.2,％
黒字率,65～69歳,2017000303,-36.2,％
黒字率,65～69歳,2017000404,34.9,％
黒字率,65～69歳,2017000505,-55.9,％
黒字率,65～69歳,2017000606,38.9,％
黒字率,65～69歳,2017000707,-17.5,％
黒字率,65～69歳,2017000808,40.5,％
黒字率,65～69歳,2017000909,-18.2,％
黒字率,65～69歳,2017001010,36.2,％
黒字率,65～69歳,2017001111,-22.8,％
黒字率,65～69歳,2017001212,39.1,％
黒字率,65～69歳,2018000101,-29.5,％
黒字率,65～69歳,2018000202,45.1,％
黒字率,65～69歳,2018000303,-33.6,％
黒字率,65～69歳,2018000404,34.1,％
黒字率,65～69歳,2018000505,-54.1,％
黒字率,65～69歳,2018000606,52.7,％
黒字率,65～69歳,2018000707,-28.1,％
黒字率,65～69歳,2018000808,44.9,％
黒字率,65～69歳,2018000909,-4.8,％
黒字率,65～69歳,2018001010,47.8,％
黒字率,65～69歳,2018001111,-16.2,％
黒字率,65～69歳,2018001212,42.6,％
黒字率,65～69歳,2019000101,-17.4,％
黒字率,65～69歳,2019000202,43.1,％
黒字率,65～69歳,2019000303,-26.6,％
黒字率,65～69歳,2019000404,41.3,％
黒字率,65～69歳,2019000505,-52.9,％
黒字率,65～69歳,2019000606,50.1,％
黒字率,65～69歳,2019000707,-18.4,％
黒字率,65～69歳,2019000808,36.3,％
黒字率,65～69歳,2019000909,-23.1,％
黒字率,65～69歳,2019001010,44.5,％
黒字率,65～69歳,2019001111,-20.9,％
黒字率,65～69歳,2019001212,42.0,％
黒字率,65～69歳,2020000101,-39.9,％
黒字率,65～69歳,2020000202,45.5,％
黒字率,65～69歳,2020000303,-39.7,％
黒字率,65～69歳,2020000404,42.7,％
黒字率,65～69歳,2020000505,-12.3,％
黒字率,65～69歳,2020000606,53.8,％
黒字率,65～69歳,2020000707,11.2,％
黒字率,65～69歳,2020000808,46.2,％
黒字率,65～69歳,2020000909,-16.4,％
黒字率,65～69歳,2020001010,44.5,％
黒字率,65～69歳,2020001111,-16.1,％
黒字率,65～69歳,2020001212,49.3,％
黒字率,65～69歳,2021000101,-18.0,％
黒字率,65～69歳,2021000202,48.0,％
黒字率,65～69歳,2021000303,-20.6,％
黒字率,65～69歳,2021000404,44.2,％
黒字率,65～69歳,2021000505,-38.0,％
黒字率,65～69歳,2021000606,50.9,％
黒字率,65～69歳,2021000707,8.1,％
黒字率,65～69歳,2021000808,39.1,％
黒字率,65～69歳,2021000909,-3.2,％
黒字率,65～69歳,2021001010,50.9,％
黒字率,65～69歳,2021001111,-32.4,％
黒字率,65～69歳,2021001212,46.1,％
黒字率,65～69歳,2022000101,-40.9,％
黒字率,65～69歳,2022000202,50.5,％
黒字率,65～69歳,2022000303,-35.8,％
黒字率,65～69歳,2022000404,42.2,％
黒字率,65～69歳,2022000505,-44.0,％
黒字率,65～69歳,2022000606,45.5,％
黒字率,65～69歳,2022000707,-6.4,％
黒字率,65～69歳,2022000808,41.0,％
黒字率,65～69歳,2022000909,-6.4,％
黒字率,65～69歳,2022001010,44.4,％
黒字率,65～69歳,2022001111,-25.1,％
黒字率,65～69歳,2022001212,50.2,％
黒字率,65～69歳,2023000101,-16.3,％
黒字率,65～69歳,2023000202,52.3,％
黒字率,65～69歳,2023000303,-17.8,％
黒字率,65～69歳,2023000404,53.7,％
黒字率,65～69歳,2023000505,-59.2,％
黒字率,65～69歳,2023000606,44.9,％
黒字率,65～69歳,2023000707,-20.6,％
黒字率,65～69歳,2023000808,43.0,％
黒字率,65～69歳,2023000909,-20.2,％
黒字率,65～69歳,2023001010,37.1,％
黒字率,65～69歳,2023001111,-21.3,％
黒字率,65～69歳,2023001212,42.0,％
黒字率,65～69歳,2024000101,-22.1,％
黒字率,65～69歳,2024000202,47.2,％
黒字率,65～69歳,2024000303,-35.6,％
黒字率,65～69歳,2024000404,42.3,％
黒字率,65～69歳,2024000505,-40.0,％
黒字率,65～69歳,2024000606,52.8,％
黒字率,65～69歳,2024000707,-5.0,％
黒字率,65～69歳,2024000808,48.7,％
黒字率,65～69歳,2024000909,-5.8,％
黒字率,65～69歳,2024001010,45.4,％
黒字率,65～69歳,2024001111,-8.1,％
黒字率,65～69歳,2024001212,42.3,％
黒字率,65～69歳,2025000101,-9.2,％
黒字率,65～69歳,2025000202,48.2,％
黒字率,65～69歳,2025000303,-34.4,％
黒字率,65～69歳,2025000404,36.0,％
黒字率,65～69歳,2025000505,-25.4,％
黒字率,65～69歳,2025000606,51.2,％
黒字率,65～69歳,2025000707,-17.5,％
黒字率,65～69歳,2025000808,40.4,％
黒字率,65～69歳,2025000909,-9.2,％
黒字率,65～69歳,2025001010,45.1,％
黒字率,65～69歳,2025001111,-26.6,％
黒字率,65～69歳,2025001212,45.5,％
黒字率,65～69歳,2026000101,-0.5,％
黒字率,65～69歳,2026000202,39.2,％
黒字率,65～69歳,2026000303,-49.9,％
黒字率,65～69歳,2026000404,37.7,％
黒字率,65～69歳,2026000505,-31.0,％
