項目,世帯区分,年間収入五分位,時期,値,単位
実収入,勤労者世帯,年収五分位1,2000000103,222717,円
実収入,勤労者世帯,年収五分位1,2000000406,253067,円
実収入,勤労者世帯,年収五分位1,2000000709,240579,円
実収入,勤労者世帯,年収五分位1,2000001012,284749,円
実収入,勤労者世帯,年収五分位1,2001000103,215802,円
実収入,勤労者世帯,年収五分位1,2001000406,262525,円
実収入,勤労者世帯,年収五分位1,2001000709,233100,円
実収入,勤労者世帯,年収五分位1,2001001012,266313,円
実収入,勤労者世帯,年収五分位1,2002000103,219372,円
実収入,勤労者世帯,年収五分位1,2002000406,238704,円
実収入,勤労者世帯,年収五分位1,2002000709,235540,円
実収入,勤労者世帯,年収五分位1,2002001012,255819,円
実収入,勤労者世帯,年収五分位1,2003000103,211720,円
実収入,勤労者世帯,年収五分位1,2003000406,240884,円
実収入,勤労者世帯,年収五分位1,2003000709,224731,円
実収入,勤労者世帯,年収五分位1,2003001012,270826,円
実収入,勤労者世帯,年収五分位1,2004000103,216589,円
実収入,勤労者世帯,年収五分位1,2004000406,247496,円
実収入,勤労者世帯,年収五分位1,2004000709,226881,円
実収入,勤労者世帯,年収五分位1,2004001012,267222,円
実収入,勤労者世帯,年収五分位1,2005000103,216278,円
実収入,勤労者世帯,年収五分位1,2005000406,230735,円
実収入,勤労者世帯,年収五分位1,2005000709,225280,円
実収入,勤労者世帯,年収五分位1,2005001012,258484,円
実収入,勤労者世帯,年収五分位1,2006000103,212208,円
実収入,勤労者世帯,年収五分位1,2006000406,233261,円
実収入,勤労者世帯,年収五分位1,2006000709,223655,円
実収入,勤労者世帯,年収五分位1,2006001012,260243,円
実収入,勤労者世帯,年収五分位1,2007000103,217158,円
実収入,勤労者世帯,年収五分位1,2007000406,241483,円
実収入,勤労者世帯,年収五分位1,2007000709,224639,円
実収入,勤労者世帯,年収五分位1,2007001012,279836,円
実収入,勤労者世帯,年収五分位1,2008000103,230361,円
実収入,勤労者世帯,年収五分位1,2008000406,244073,円
実収入,勤労者世帯,年収五分位1,2008000709,238567,円
実収入,勤労者世帯,年収五分位1,2008001012,268290,円
実収入,勤労者世帯,年収五分位1,2009000103,207373,円
実収入,勤労者世帯,年収五分位1,2009000406,242762,円
実収入,勤労者世帯,年収五分位1,2009000709,225302,円
実収入,勤労者世帯,年収五分位1,2009001012,259186,円
実収入,勤労者世帯,年収五分位1,2010000103,211636,円
実収入,勤労者世帯,年収五分位1,2010000406,245483,円
実収入,勤労者世帯,年収五分位1,2010000709,219826,円
実収入,勤労者世帯,年収五分位1,2010001012,266330,円
実収入,勤労者世帯,年収五分位1,2011000103,208579,円
実収入,勤労者世帯,年収五分位1,2011000406,249589,円
実収入,勤労者世帯,年収五分位1,2011000709,212740,円
実収入,勤労者世帯,年収五分位1,2011001012,262015,円
実収入,勤労者世帯,年収五分位1,2012000103,216624,円
実収入,勤労者世帯,年収五分位1,2012000406,257452,円
実収入,勤労者世帯,年収五分位1,2012000709,230682,円
実収入,勤労者世帯,年収五分位1,2012001012,276355,円
実収入,勤労者世帯,年収五分位1,2013000103,225430,円
実収入,勤労者世帯,年収五分位1,2013000406,249091,円
実収入,勤労者世帯,年収五分位1,2013000709,215141,円
実収入,勤労者世帯,年収五分位1,2013001012,269068,円
実収入,勤労者世帯,年収五分位1,2014000103,215034,円
実収入,勤労者世帯,年収五分位1,2014000406,232527,円
実収入,勤労者世帯,年収五分位1,2014000709,212944,円
実収入,勤労者世帯,年収五分位1,2014001012,257214,円
実収入,勤労者世帯,年収五分位1,2015000103,203365,円
実収入,勤労者世帯,年収五分位1,2015000406,243336,円
実収入,勤労者世帯,年収五分位1,2015000709,228664,円
実収入,勤労者世帯,年収五分位1,2015001012,277547,円
実収入,勤労者世帯,年収五分位1,2016000103,209670,円
実収入,勤労者世帯,年収五分位1,2016000406,224526,円
実収入,勤労者世帯,年収五分位1,2016000709,212814,円
実収入,勤労者世帯,年収五分位1,2016001012,252067,円
実収入,勤労者世帯,年収五分位1,2017000103,201978,円
実収入,勤労者世帯,年収五分位1,2017000406,235624,円
実収入,勤労者世帯,年収五分位1,2017000709,225056,円
実収入,勤労者世帯,年収五分位1,2017001012,249336,円
実収入,勤労者世帯,年収五分位1,2018000103,214409,円
実収入,勤労者世帯,年収五分位1,2018000406,243118,円
実収入,勤労者世帯,年収五分位1,2018000709,223826,円
実収入,勤労者世帯,年収五分位1,2018001012,268159,円
実収入,勤労者世帯,年収五分位1,2019000103,215231,円
実収入,勤労者世帯,年収五分位1,2019000406,269409,円
実収入,勤労者世帯,年収五分位1,2019000709,221189,円
実収入,勤労者世帯,年収五分位1,2019001012,274372,円
実収入,勤労者世帯,年収五分位1,2020000103,210267,円
実収入,勤労者世帯,年収五分位1,2020000406,260129,円
実収入,勤労者世帯,年収五分位1,2020000709,245136,円
実収入,勤労者世帯,年収五分位1,2020001012,294934,円
実収入,勤労者世帯,年収五分位1,2021000103,203776,円
実収入,勤労者世帯,年収五分位1,2021000406,253222,円
実収入,勤労者世帯,年収五分位1,2021000709,231575,円
実収入,勤労者世帯,年収五分位1,2021001012,280799,円
実収入,勤労者世帯,年収五分位1,2022000103,216376,円
実収入,勤労者世帯,年収五分位1,2022000406,269966,円
実収入,勤労者世帯,年収五分位1,2022000709,260726,円
実収入,勤労者世帯,年収五分位1,2022001012,305164,円
実収入,勤労者世帯,年収五分位1,2023000103,226100,円
実収入,勤労者世帯,年収五分位1,2023000406,280325,円
実収入,勤労者世帯,年収五分位1,2023000709,238368,円
実収入,勤労者世帯,年収五分位1,2023001012,305158,円
実収入,勤労者世帯,年収五分位1,2024000103,224884,円
実収入,勤労者世帯,年収五分位1,2024000406,292977,円
実収入,勤労者世帯,年収五分位1,2024000709,232946,円
実収入,勤労者世帯,年収五分位1,2024001012,319724,円
実収入,勤労者世帯,年収五分位1,2025000103,236504,円
実収入,勤労者世帯,年収五分位1,2025000406,294328,円
実収入,勤労者世帯,年収五分位1,2025000709,246935,円
実収入,勤労者世帯,年収五分位1,2025001012,324244,円
実収入,勤労者世帯,年収五分位1,2026000103,255047,円
実収入,勤労者世帯,年収五分位2,2000000103,327870,円
実収入,勤労者世帯,年収五分位2,2000000406,371284,円
実収入,勤労者世帯,年収五分位2,2000000709,359165,円
実収入,勤労者世帯,年収五分位2,2000001012,443255,円
実収入,勤労者世帯,年収五分位2,2001000103,322710,円
実収入,勤労者世帯,年収五分位2,2001000406,365703,円
実収入,勤労者世帯,年収五分位2,2001000709,342116,円
実収入,勤労者世帯,年収五分位2,2001001012,408076,円
実収入,勤労者世帯,年収五分位2,2002000103,319572,円
実収入,勤労者世帯,年収五分位2,2002000406,348033,円
実収入,勤労者世帯,年収五分位2,2002000709,340757,円
実収入,勤労者世帯,年収五分位2,2002001012,400300,円
実収入,勤労者世帯,年収五分位2,2003000103,310452,円
実収入,勤労者世帯,年収五分位2,2003000406,348313,円
実収入,勤労者世帯,年収五分位2,2003000709,345558,円
実収入,勤労者世帯,年収五分位2,2003001012,418408,円
実収入,勤労者世帯,年収五分位2,2004000103,312565,円
実収入,勤労者世帯,年収五分位2,2004000406,347417,円
実収入,勤労者世帯,年収五分位2,2004000709,333713,円
実収入,勤労者世帯,年収五分位2,2004001012,396652,円
実収入,勤労者世帯,年収五分位2,2005000103,305700,円
実収入,勤労者世帯,年収五分位2,2005000406,337107,円
実収入,勤労者世帯,年収五分位2,2005000709,325645,円
実収入,勤労者世帯,年収五分位2,2005001012,374983,円
実収入,勤労者世帯,年収五分位2,2006000103,306699,円
実収入,勤労者世帯,年収五分位2,2006000406,344431,円
実収入,勤労者世帯,年収五分位2,2006000709,334585,円
実収入,勤労者世帯,年収五分位2,2006001012,394452,円
実収入,勤労者世帯,年収五分位2,2007000103,313493,円
実収入,勤労者世帯,年収五分位2,2007000406,360934,円
実収入,勤労者世帯,年収五分位2,2007000709,334939,円
実収入,勤労者世帯,年収五分位2,2007001012,399897,円
実収入,勤労者世帯,年収五分位2,2008000103,313370,円
実収入,勤労者世帯,年収五分位2,2008000406,359228,円
実収入,勤労者世帯,年収五分位2,2008000709,332040,円
実収入,勤労者世帯,年収五分位2,2008001012,393234,円
実収入,勤労者世帯,年収五分位2,2009000103,303124,円
実収入,勤労者世帯,年収五分位2,2009000406,351558,円
実収入,勤労者世帯,年収五分位2,2009000709,316459,円
実収入,勤労者世帯,年収五分位2,2009001012,370682,円
実収入,勤労者世帯,年収五分位2,2010000103,306605,円
実収入,勤労者世帯,年収五分位2,2010000406,362381,円
実収入,勤労者世帯,年収五分位2,2010000709,328860,円
実収入,勤労者世帯,年収五分位2,2010001012,390487,円
実収入,勤労者世帯,年収五分位2,2011000103,304124,円
実収入,勤労者世帯,年収五分位2,2011000406,336391,円
実収入,勤労者世帯,年収五分位2,2011000709,327941,円
実収入,勤労者世帯,年収五分位2,2011001012,385373,円
実収入,勤労者世帯,年収五分位2,2012000103,309937,円
実収入,勤労者世帯,年収五分位2,2012000406,368170,円
実収入,勤労者世帯,年収五分位2,2012000709,320980,円
実収入,勤労者世帯,年収五分位2,2012001012,397186,円
実収入,勤労者世帯,年収五分位2,2013000103,303702,円
実収入,勤労者世帯,年収五分位2,2013000406,344770,円
実収入,勤労者世帯,年収五分位2,2013000709,325568,円
実収入,勤労者世帯,年収五分位2,2013001012,385856,円
実収入,勤労者世帯,年収五分位2,2014000103,298151,円
実収入,勤労者世帯,年収五分位2,2014000406,341855,円
実収入,勤労者世帯,年収五分位2,2014000709,326213,円
実収入,勤労者世帯,年収五分位2,2014001012,395434,円
実収入,勤労者世帯,年収五分位2,2015000103,306580,円
実収入,勤労者世帯,年収五分位2,2015000406,359435,円
実収入,勤労者世帯,年収五分位2,2015000709,309548,円
実収入,勤労者世帯,年収五分位2,2015001012,386892,円
実収入,勤労者世帯,年収五分位2,2016000103,299987,円
実収入,勤労者世帯,年収五分位2,2016000406,334839,円
実収入,勤労者世帯,年収五分位2,2016000709,314993,円
実収入,勤労者世帯,年収五分位2,2016001012,391281,円
実収入,勤労者世帯,年収五分位2,2017000103,301282,円
実収入,勤労者世帯,年収五分位2,2017000406,356280,円
実収入,勤労者世帯,年収五分位2,2017000709,315619,円
実収入,勤労者世帯,年収五分位2,2017001012,426111,円
実収入,勤労者世帯,年収五分位2,2018000103,318102,円
実収入,勤労者世帯,年収五分位2,2018000406,371779,円
実収入,勤労者世帯,年収五分位2,2018000709,347794,円
実収入,勤労者世帯,年収五分位2,2018001012,402170,円
実収入,勤労者世帯,年収五分位2,2019000103,310648,円
実収入,勤労者世帯,年収五分位2,2019000406,393961,円
実収入,勤労者世帯,年収五分位2,2019000709,335900,円
実収入,勤労者世帯,年収五分位2,2019001012,422855,円
実収入,勤労者世帯,年収五分位2,2020000103,317500,円
実収入,勤労者世帯,年収五分位2,2020000406,437533,円
実収入,勤労者世帯,年収五分位2,2020000709,339852,円
実収入,勤労者世帯,年収五分位2,2020001012,431028,円
実収入,勤労者世帯,年収五分位2,2021000103,327745,円
実収入,勤労者世帯,年収五分位2,2021000406,379719,円
実収入,勤労者世帯,年収五分位2,2021000709,360064,円
実収入,勤労者世帯,年収五分位2,2021001012,428119,円
実収入,勤労者世帯,年収五分位2,2022000103,311987,円
実収入,勤労者世帯,年収五分位2,2022000406,388752,円
実収入,勤労者世帯,年収五分位2,2022000709,371245,円
実収入,勤労者世帯,年収五分位2,2022001012,457799,円
実収入,勤労者世帯,年収五分位2,2023000103,323087,円
実収入,勤労者世帯,年収五分位2,2023000406,389904,円
実収入,勤労者世帯,年収五分位2,2023000709,353124,円
実収入,勤労者世帯,年収五分位2,2023001012,441046,円
実収入,勤労者世帯,年収五分位2,2024000103,330005,円
実収入,勤労者世帯,年収五分位2,2024000406,424870,円
実収入,勤労者世帯,年収五分位2,2024000709,370363,円
実収入,勤労者世帯,年収五分位2,2024001012,455639,円
実収入,勤労者世帯,年収五分位2,2025000103,338238,円
実収入,勤労者世帯,年収五分位2,2025000406,405972,円
実収入,勤労者世帯,年収五分位2,2025000709,361673,円
実収入,勤労者世帯,年収五分位2,2025001012,471947,円
実収入,勤労者世帯,年収五分位2,2026000103,339407,円
実収入,勤労者世帯,年収五分位3,2000000103,416449,円
実収入,勤労者世帯,年収五分位3,2000000406,471809,円
実収入,勤労者世帯,年収五分位3,2000000709,451155,円
実収入,勤労者世帯,年収五分位3,2000001012,545182,円
実収入,勤労者世帯,年収五分位3,2001000103,392479,円
実収入,勤労者世帯,年収五分位3,2001000406,455647,円
実収入,勤労者世帯,年収五分位3,2001000709,433690,円
実収入,勤労者世帯,年収五分位3,2001001012,544103,円
実収入,勤労者世帯,年収五分位3,2002000103,401086,円
実収入,勤労者世帯,年収五分位3,2002000406,461812,円
実収入,勤労者世帯,年収五分位3,2002000709,425110,円
実収入,勤労者世帯,年収五分位3,2002001012,510133,円
実収入,勤労者世帯,年収五分位3,2003000103,385712,円
実収入,勤労者世帯,年収五分位3,2003000406,460997,円
実収入,勤労者世帯,年収五分位3,2003000709,438424,円
実収入,勤労者世帯,年収五分位3,2003001012,506153,円
実収入,勤労者世帯,年収五分位3,2004000103,393119,円
実収入,勤労者世帯,年収五分位3,2004000406,437267,円
実収入,勤労者世帯,年収五分位3,2004000709,417031,円
実収入,勤労者世帯,年収五分位3,2004001012,522981,円
実収入,勤労者世帯,年収五分位3,2005000103,395841,円
実収入,勤労者世帯,年収五分位3,2005000406,450806,円
実収入,勤労者世帯,年収五分位3,2005000709,407807,円
実収入,勤労者世帯,年収五分位3,2005001012,487258,円
実収入,勤労者世帯,年収五分位3,2006000103,371328,円
実収入,勤労者世帯,年収五分位3,2006000406,428739,円
実収入,勤労者世帯,年収五分位3,2006000709,424700,円
実収入,勤労者世帯,年収五分位3,2006001012,518133,円
実収入,勤労者世帯,年収五分位3,2007000103,395097,円
実収入,勤労者世帯,年収五分位3,2007000406,452106,円
実収入,勤労者世帯,年収五分位3,2007000709,426010,円
実収入,勤労者世帯,年収五分位3,2007001012,493494,円
実収入,勤労者世帯,年収五分位3,2008000103,385902,円
実収入,勤労者世帯,年収五分位3,2008000406,459892,円
実収入,勤労者世帯,年収五分位3,2008000709,435525,円
実収入,勤労者世帯,年収五分位3,2008001012,548220,円
実収入,勤労者世帯,年収五分位3,2009000103,373323,円
実収入,勤労者世帯,年収五分位3,2009000406,427942,円
実収入,勤労者世帯,年収五分位3,2009000709,397725,円
実収入,勤労者世帯,年収五分位3,2009001012,493957,円
実収入,勤労者世帯,年収五分位3,2010000103,371265,円
実収入,勤労者世帯,年収五分位3,2010000406,444507,円
実収入,勤労者世帯,年収五分位3,2010000709,406551,円
実収入,勤労者世帯,年収五分位3,2010001012,505028,円
実収入,勤労者世帯,年収五分位3,2011000103,367082,円
実収入,勤労者世帯,年収五分位3,2011000406,432326,円
実収入,勤労者世帯,年収五分位3,2011000709,403185,円
実収入,勤労者世帯,年収五分位3,2011001012,479310,円
実収入,勤労者世帯,年収五分位3,2012000103,384152,円
実収入,勤労者世帯,年収五分位3,2012000406,444790,円
実収入,勤労者世帯,年収五分位3,2012000709,405129,円
実収入,勤労者世帯,年収五分位3,2012001012,485201,円
実収入,勤労者世帯,年収五分位3,2013000103,370929,円
実収入,勤労者世帯,年収五分位3,2013000406,439683,円
実収入,勤労者世帯,年収五分位3,2013000709,399972,円
実収入,勤労者世帯,年収五分位3,2013001012,487511,円
実収入,勤労者世帯,年収五分位3,2014000103,384196,円
実収入,勤労者世帯,年収五分位3,2014000406,457073,円
実収入,勤労者世帯,年収五分位3,2014000709,408402,円
実収入,勤労者世帯,年収五分位3,2014001012,511117,円
実収入,勤労者世帯,年収五分位3,2015000103,386136,円
実収入,勤労者世帯,年収五分位3,2015000406,439260,円
実収入,勤労者世帯,年収五分位3,2015000709,393417,円
実収入,勤労者世帯,年収五分位3,2015001012,511058,円
実収入,勤労者世帯,年収五分位3,2016000103,379315,円
実収入,勤労者世帯,年収五分位3,2016000406,430714,円
実収入,勤労者世帯,年収五分位3,2016000709,388543,円
実収入,勤労者世帯,年収五分位3,2016001012,480975,円
実収入,勤労者世帯,年収五分位3,2017000103,370528,円
実収入,勤労者世帯,年収五分位3,2017000406,431602,円
実収入,勤労者世帯,年収五分位3,2017000709,401164,円
実収入,勤労者世帯,年収五分位3,2017001012,512599,円
実収入,勤労者世帯,年収五分位3,2018000103,393974,円
実収入,勤労者世帯,年収五分位3,2018000406,459275,円
実収入,勤労者世帯,年収五分位3,2018000709,436307,円
実収入,勤労者世帯,年収五分位3,2018001012,544617,円
実収入,勤労者世帯,年収五分位3,2019000103,416204,円
実収入,勤労者世帯,年収五分位3,2019000406,482927,円
実収入,勤労者世帯,年収五分位3,2019000709,439304,円
実収入,勤労者世帯,年収五分位3,2019001012,543141,円
実収入,勤労者世帯,年収五分位3,2020000103,406026,円
実収入,勤労者世帯,年収五分位3,2020000406,544443,円
実収入,勤労者世帯,年収五分位3,2020000709,434249,円
実収入,勤労者世帯,年収五分位3,2020001012,515640,円
実収入,勤労者世帯,年収五分位3,2021000103,404257,円
実収入,勤労者世帯,年収五分位3,2021000406,506591,円
実収入,勤労者世帯,年収五分位3,2021000709,448214,円
実収入,勤労者世帯,年収五分位3,2021001012,545144,円
実収入,勤労者世帯,年収五分位3,2022000103,403655,円
実収入,勤労者世帯,年収五分位3,2022000406,524329,円
実収入,勤労者世帯,年収五分位3,2022000709,431720,円
実収入,勤労者世帯,年収五分位3,2022001012,562215,円
実収入,勤労者世帯,年収五分位3,2023000103,419305,円
実収入,勤労者世帯,年収五分位3,2023000406,492574,円
実収入,勤労者世帯,年収五分位3,2023000709,428448,円
実収入,勤労者世帯,年収五分位3,2023001012,528195,円
実収入,勤労者世帯,年収五分位3,2024000103,402139,円
実収入,勤労者世帯,年収五分位3,2024000406,509123,円
実収入,勤労者世帯,年収五分位3,2024000709,449553,円
実収入,勤労者世帯,年収五分位3,2024001012,555530,円
実収入,勤労者世帯,年収五分位3,2025000103,398430,円
実収入,勤労者世帯,年収五分位3,2025000406,529087,円
実収入,勤労者世帯,年収五分位3,2025000709,468291,円
実収入,勤労者世帯,年収五分位3,2025001012,614436,円
実収入,勤労者世帯,年収五分位3,2026000103,428660,円
実収入,勤労者世帯,年収五分位4,2000000103,521838,円
実収入,勤労者世帯,年収五分位4,2000000406,612836,円
実収入,勤労者世帯,年収五分位4,2000000709,566689,円
実収入,勤労者世帯,年収五分位4,2000001012,710628,円
実収入,勤労者世帯,年収五分位4,2001000103,504759,円
実収入,勤労者世帯,年収五分位4,2001000406,611594,円
実収入,勤労者世帯,年収五分位4,2001000709,546535,円
実収入,勤労者世帯,年収五分位4,2001001012,700841,円
実収入,勤労者世帯,年収五分位4,2002000103,511370,円
実収入,勤労者世帯,年収五分位4,2002000406,602232,円
実収入,勤労者世帯,年収五分位4,2002000709,540240,円
実収入,勤労者世帯,年収五分位4,2002001012,679405,円
実収入,勤労者世帯,年収五分位4,2003000103,489417,円
実収入,勤労者世帯,年収五分位4,2003000406,582965,円
実収入,勤労者世帯,年収五分位4,2003000709,535411,円
実収入,勤労者世帯,年収五分位4,2003001012,658567,円
実収入,勤労者世帯,年収五分位4,2004000103,496819,円
実収入,勤労者世帯,年収五分位4,2004000406,605083,円
実収入,勤労者世帯,年収五分位4,2004000709,546982,円
実収入,勤労者世帯,年収五分位4,2004001012,663484,円
実収入,勤労者世帯,年収五分位4,2005000103,481762,円
実収入,勤労者世帯,年収五分位4,2005000406,594326,円
実収入,勤労者世帯,年収五分位4,2005000709,510084,円
実収入,勤労者世帯,年収五分位4,2005001012,657037,円
実収入,勤労者世帯,年収五分位4,2006000103,460980,円
実収入,勤労者世帯,年収五分位4,2006000406,558879,円
実収入,勤労者世帯,年収五分位4,2006000709,531653,円
実収入,勤労者世帯,年収五分位4,2006001012,670880,円
実収入,勤労者世帯,年収五分位4,2007000103,466608,円
実収入,勤労者世帯,年収五分位4,2007000406,580938,円
実収入,勤労者世帯,年収五分位4,2007000709,524239,円
実収入,勤労者世帯,年収五分位4,2007001012,682216,円
実収入,勤労者世帯,年収五分位4,2008000103,488715,円
実収入,勤労者世帯,年収五分位4,2008000406,582782,円
実収入,勤労者世帯,年収五分位4,2008000709,511788,円
実収入,勤労者世帯,年収五分位4,2008001012,685641,円
実収入,勤労者世帯,年収五分位4,2009000103,463442,円
実収入,勤労者世帯,年収五分位4,2009000406,556095,円
実収入,勤労者世帯,年収五分位4,2009000709,512636,円
実収入,勤労者世帯,年収五分位4,2009001012,643825,円
実収入,勤労者世帯,年収五分位4,2010000103,467874,円
実収入,勤労者世帯,年収五分位4,2010000406,578716,円
実収入,勤労者世帯,年収五分位4,2010000709,516183,円
実収入,勤労者世帯,年収五分位4,2010001012,641870,円
実収入,勤労者世帯,年収五分位4,2011000103,460098,円
実収入,勤労者世帯,年収五分位4,2011000406,548456,円
実収入,勤労者世帯,年収五分位4,2011000709,498963,円
実収入,勤労者世帯,年収五分位4,2011001012,642784,円
実収入,勤労者世帯,年収五分位4,2012000103,461223,円
実収入,勤労者世帯,年収五分位4,2012000406,560430,円
実収入,勤労者世帯,年収五分位4,2012000709,504946,円
実収入,勤労者世帯,年収五分位4,2012001012,634782,円
実収入,勤労者世帯,年収五分位4,2013000103,474817,円
実収入,勤労者世帯,年収五分位4,2013000406,570809,円
実収入,勤労者世帯,年収五分位4,2013000709,514116,円
実収入,勤労者世帯,年収五分位4,2013001012,644669,円
実収入,勤労者世帯,年収五分位4,2014000103,473663,円
実収入,勤労者世帯,年収五分位4,2014000406,573870,円
実収入,勤労者世帯,年収五分位4,2014000709,495662,円
実収入,勤労者世帯,年収五分位4,2014001012,665635,円
実収入,勤労者世帯,年収五分位4,2015000103,492382,円
実収入,勤労者世帯,年収五分位4,2015000406,576189,円
実収入,勤労者世帯,年収五分位4,2015000709,517538,円
実収入,勤労者世帯,年収五分位4,2015001012,630973,円
実収入,勤労者世帯,年収五分位4,2016000103,472644,円
実収入,勤労者世帯,年収五分位4,2016000406,547290,円
実収入,勤労者世帯,年収五分位4,2016000709,489092,円
実収入,勤労者世帯,年収五分位4,2016001012,645077,円
実収入,勤労者世帯,年収五分位4,2017000103,457133,円
実収入,勤労者世帯,年収五分位4,2017000406,575788,円
実収入,勤労者世帯,年収五分位4,2017000709,517992,円
実収入,勤労者世帯,年収五分位4,2017001012,656505,円
実収入,勤労者世帯,年収五分位4,2018000103,482600,円
実収入,勤労者世帯,年収五分位4,2018000406,590549,円
実収入,勤労者世帯,年収五分位4,2018000709,524486,円
実収入,勤労者世帯,年収五分位4,2018001012,688221,円
実収入,勤労者世帯,年収五分位4,2019000103,497495,円
実収入,勤労者世帯,年収五分位4,2019000406,643651,円
実収入,勤労者世帯,年収五分位4,2019000709,529793,円
実収入,勤労者世帯,年収五分位4,2019001012,703086,円
実収入,勤労者世帯,年収五分位4,2020000103,508037,円
実収入,勤労者世帯,年収五分位4,2020000406,701135,円
実収入,勤労者世帯,年収五分位4,2020000709,583119,円
実収入,勤労者世帯,年収五分位4,2020001012,693289,円
実収入,勤労者世帯,年収五分位4,2021000103,482873,円
実収入,勤労者世帯,年収五分位4,2021000406,651405,円
実収入,勤労者世帯,年収五分位4,2021000709,563999,円
実収入,勤労者世帯,年収五分位4,2021001012,706974,円
実収入,勤労者世帯,年収五分位4,2022000103,508096,円
実収入,勤労者世帯,年収五分位4,2022000406,644504,円
実収入,勤労者世帯,年収五分位4,2022000709,576533,円
実収入,勤労者世帯,年収五分位4,2022001012,770482,円
実収入,勤労者世帯,年収五分位4,2023000103,508009,円
実収入,勤労者世帯,年収五分位4,2023000406,636743,円
実収入,勤労者世帯,年収五分位4,2023000709,554430,円
実収入,勤労者世帯,年収五分位4,2023001012,700342,円
実収入,勤労者世帯,年収五分位4,2024000103,514125,円
実収入,勤労者世帯,年収五分位4,2024000406,670039,円
実収入,勤労者世帯,年収五分位4,2024000709,579574,円
実収入,勤労者世帯,年収五分位4,2024001012,741779,円
実収入,勤労者世帯,年収五分位4,2025000103,520326,円
実収入,勤労者世帯,年収五分位4,2025000406,697113,円
実収入,勤労者世帯,年収五分位4,2025000709,574858,円
実収入,勤労者世帯,年収五分位4,2025001012,737820,円
実収入,勤労者世帯,年収五分位4,2026000103,544244,円
実収入,勤労者世帯,年収五分位5,2000000103,702076,円
実収入,勤労者世帯,年収五分位5,2000000406,925389,円
実収入,勤労者世帯,年収五分位5,2000000709,769567,円
実収入,勤労者世帯,年収五分位5,2000001012,1021553,円
実収入,勤労者世帯,年収五分位5,2001000103,690929,円
実収入,勤労者世帯,年収五分位5,2001000406,888490,円
実収入,勤労者世帯,年収五分位5,2001000709,761190,円
実収入,勤労者世帯,年収五分位5,2001001012,1001701,円
実収入,勤労者世帯,年収五分位5,2002000103,718380,円
実収入,勤労者世帯,年収五分位5,2002000406,878092,円
実収入,勤労者世帯,年収五分位5,2002000709,733673,円
実収入,勤労者世帯,年収五分位5,2002001012,960869,円
実収入,勤労者世帯,年収五分位5,2003000103,667396,円
実収入,勤労者世帯,年収五分位5,2003000406,842472,円
実収入,勤労者世帯,年収五分位5,2003000709,721121,円
実収入,勤労者世帯,年収五分位5,2003001012,951461,円
実収入,勤労者世帯,年収五分位5,2004000103,683984,円
実収入,勤労者世帯,年収五分位5,2004000406,875624,円
実収入,勤労者世帯,年収五分位5,2004000709,740943,円
実収入,勤労者世帯,年収五分位5,2004001012,951932,円
実収入,勤労者世帯,年収五分位5,2005000103,670931,円
実収入,勤労者世帯,年収五分位5,2005000406,872567,円
実収入,勤労者世帯,年収五分位5,2005000709,735401,円
実収入,勤労者世帯,年収五分位5,2005001012,943188,円
実収入,勤労者世帯,年収五分位5,2006000103,666330,円
実収入,勤労者世帯,年収五分位5,2006000406,849576,円
実収入,勤労者世帯,年収五分位5,2006000709,764936,円
実収入,勤労者世帯,年収五分位5,2006001012,1022315,円
実収入,勤労者世帯,年収五分位5,2007000103,678159,円
実収入,勤労者世帯,年収五分位5,2007000406,864442,円
実収入,勤労者世帯,年収五分位5,2007000709,742012,円
実収入,勤労者世帯,年収五分位5,2007001012,974053,円
実収入,勤労者世帯,年収五分位5,2008000103,681765,円
実収入,勤労者世帯,年収五分位5,2008000406,874717,円
実収入,勤労者世帯,年収五分位5,2008000709,766503,円
実収入,勤労者世帯,年収五分位5,2008001012,998932,円
実収入,勤労者世帯,年収五分位5,2009000103,671392,円
実収入,勤労者世帯,年収五分位5,2009000406,845826,円
実収入,勤労者世帯,年収五分位5,2009000709,728037,円
実収入,勤労者世帯,年収五分位5,2009001012,932270,円
実収入,勤労者世帯,年収五分位5,2010000103,663432,円
実収入,勤労者世帯,年収五分位5,2010000406,854691,円
実収入,勤労者世帯,年収五分位5,2010000709,712359,円
実収入,勤労者世帯,年収五分位5,2010001012,955480,円
実収入,勤労者世帯,年収五分位5,2011000103,641363,円
実収入,勤労者世帯,年収五分位5,2011000406,805722,円
実収入,勤労者世帯,年収五分位5,2011000709,737036,円
実収入,勤労者世帯,年収五分位5,2011001012,939165,円
実収入,勤労者世帯,年収五分位5,2012000103,652961,円
実収入,勤労者世帯,年収五分位5,2012000406,803869,円
実収入,勤労者世帯,年収五分位5,2012000709,717216,円
実収入,勤労者世帯,年収五分位5,2012001012,957494,円
実収入,勤労者世帯,年収五分位5,2013000103,662647,円
実収入,勤労者世帯,年収五分位5,2013000406,835314,円
実収入,勤労者世帯,年収五分位5,2013000709,727898,円
実収入,勤労者世帯,年収五分位5,2013001012,938730,円
実収入,勤労者世帯,年収五分位5,2014000103,659265,円
実収入,勤労者世帯,年収五分位5,2014000406,825062,円
実収入,勤労者世帯,年収五分位5,2014000709,719770,円
実収入,勤労者世帯,年収五分位5,2014001012,975933,円
実収入,勤労者世帯,年収五分位5,2015000103,678558,円
実収入,勤労者世帯,年収五分位5,2015000406,846373,円
実収入,勤労者世帯,年収五分位5,2015000709,734766,円
実収入,勤労者世帯,年収五分位5,2015001012,919007,円
実収入,勤労者世帯,年収五分位5,2016000103,674749,円
実収入,勤労者世帯,年収五分位5,2016000406,865987,円
実収入,勤労者世帯,年収五分位5,2016000709,733351,円
実収入,勤労者世帯,年収五分位5,2016001012,934577,円
実収入,勤労者世帯,年収五分位5,2017000103,669896,円
実収入,勤労者世帯,年収五分位5,2017000406,807403,円
実収入,勤労者世帯,年収五分位5,2017000709,760034,円
実収入,勤労者世帯,年収五分位5,2017001012,973628,円
実収入,勤労者世帯,年収五分位5,2018000103,682490,円
実収入,勤労者世帯,年収五分位5,2018000406,887393,円
実収入,勤労者世帯,年収五分位5,2018000709,780371,円
実収入,勤労者世帯,年収五分位5,2018001012,1034753,円
実収入,勤労者世帯,年収五分位5,2019000103,717281,円
実収入,勤労者世帯,年収五分位5,2019000406,965259,円
実収入,勤労者世帯,年収五分位5,2019000709,787420,円
実収入,勤労者世帯,年収五分位5,2019001012,1054841,円
実収入,勤労者世帯,年収五分位5,2020000103,724547,円
実収入,勤労者世帯,年収五分位5,2020000406,1032894,円
実収入,勤労者世帯,年収五分位5,2020000709,823194,円
実収入,勤労者世帯,年収五分位5,2020001012,1098671,円
実収入,勤労者世帯,年収五分位5,2021000103,750428,円
実収入,勤労者世帯,年収五分位5,2021000406,1001699,円
実収入,勤労者世帯,年収五分位5,2021000709,844002,円
実収入,勤労者世帯,年収五分位5,2021001012,1085685,円
実収入,勤労者世帯,年収五分位5,2022000103,738878,円
実収入,勤労者世帯,年収五分位5,2022000406,986667,円
実収入,勤労者世帯,年収五分位5,2022000709,852582,円
実収入,勤労者世帯,年収五分位5,2022001012,1163749,円
実収入,勤労者世帯,年収五分位5,2023000103,755719,円
実収入,勤労者世帯,年収五分位5,2023000406,986088,円
実収入,勤労者世帯,年収五分位5,2023000709,817584,円
実収入,勤労者世帯,年収五分位5,2023001012,1121783,円
実収入,勤労者世帯,年収五分位5,2024000103,773348,円
実収入,勤労者世帯,年収五分位5,2024000406,1032896,円
実収入,勤労者世帯,年収五分位5,2024000709,848352,円
実収入,勤労者世帯,年収五分位5,2024001012,1174990,円
実収入,勤労者世帯,年収五分位5,2025000103,781996,円
実収入,勤労者世帯,年収五分位5,2025000406,1064504,円
実収入,勤労者世帯,年収五分位5,2025000709,906119,円
実収入,勤労者世帯,年収五分位5,2025001012,1164329,円
実収入,勤労者世帯,年収五分位5,2026000103,817915,円
消費支出,勤労者世帯,年収五分位1,2000000103,179854,円
消費支出,勤労者世帯,年収五分位1,2000000406,168563,円
消費支出,勤労者世帯,年収五分位1,2000000709,178548,円
消費支出,勤労者世帯,年収五分位1,2000001012,182910,円
消費支出,勤労者世帯,年収五分位1,2001000103,166818,円
消費支出,勤労者世帯,年収五分位1,2001000406,163352,円
消費支出,勤労者世帯,年収五分位1,2001000709,168661,円
消費支出,勤労者世帯,年収五分位1,2001001012,177515,円
消費支出,勤労者世帯,年収五分位1,2002000103,169633,円
消費支出,勤労者世帯,年収五分位1,2002000406,167611,円
消費支出,勤労者世帯,年収五分位1,2002000709,169621,円
消費支出,勤労者世帯,年収五分位1,2002001012,168727,円
消費支出,勤労者世帯,年収五分位1,2003000103,172411,円
消費支出,勤労者世帯,年収五分位1,2003000406,160486,円
消費支出,勤労者世帯,年収五分位1,2003000709,160428,円
消費支出,勤労者世帯,年収五分位1,2003001012,182234,円
消費支出,勤労者世帯,年収五分位1,2004000103,173327,円
消費支出,勤労者世帯,年収五分位1,2004000406,173700,円
消費支出,勤労者世帯,年収五分位1,2004000709,175761,円
消費支出,勤労者世帯,年収五分位1,2004001012,175453,円
消費支出,勤労者世帯,年収五分位1,2005000103,166139,円
消費支出,勤労者世帯,年収五分位1,2005000406,161103,円
消費支出,勤労者世帯,年収五分位1,2005000709,172159,円
消費支出,勤労者世帯,年収五分位1,2005001012,175337,円
消費支出,勤労者世帯,年収五分位1,2006000103,168814,円
消費支出,勤労者世帯,年収五分位1,2006000406,163678,円
消費支出,勤労者世帯,年収五分位1,2006000709,158812,円
消費支出,勤労者世帯,年収五分位1,2006001012,167145,円
消費支出,勤労者世帯,年収五分位1,2007000103,170419,円
消費支出,勤労者世帯,年収五分位1,2007000406,166204,円
消費支出,勤労者世帯,年収五分位1,2007000709,167306,円
消費支出,勤労者世帯,年収五分位1,2007001012,186758,円
消費支出,勤労者世帯,年収五分位1,2008000103,192457,円
消費支出,勤労者世帯,年収五分位1,2008000406,169053,円
消費支出,勤労者世帯,年収五分位1,2008000709,168701,円
消費支出,勤労者世帯,年収五分位1,2008001012,178864,円
消費支出,勤労者世帯,年収五分位1,2009000103,160528,円
消費支出,勤労者世帯,年収五分位1,2009000406,161821,円
消費支出,勤労者世帯,年収五分位1,2009000709,153863,円
消費支出,勤労者世帯,年収五分位1,2009001012,158039,円
消費支出,勤労者世帯,年収五分位1,2010000103,157164,円
消費支出,勤労者世帯,年収五分位1,2010000406,165314,円
消費支出,勤労者世帯,年収五分位1,2010000709,155884,円
消費支出,勤労者世帯,年収五分位1,2010001012,161256,円
消費支出,勤労者世帯,年収五分位1,2011000103,158127,円
消費支出,勤労者世帯,年収五分位1,2011000406,163331,円
消費支出,勤労者世帯,年収五分位1,2011000709,157339,円
消費支出,勤労者世帯,年収五分位1,2011001012,173107,円
消費支出,勤労者世帯,年収五分位1,2012000103,165910,円
消費支出,勤労者世帯,年収五分位1,2012000406,169574,円
消費支出,勤労者世帯,年収五分位1,2012000709,169749,円
消費支出,勤労者世帯,年収五分位1,2012001012,165109,円
消費支出,勤労者世帯,年収五分位1,2013000103,162532,円
消費支出,勤労者世帯,年収五分位1,2013000406,160239,円
消費支出,勤労者世帯,年収五分位1,2013000709,153396,円
消費支出,勤労者世帯,年収五分位1,2013001012,164276,円
消費支出,勤労者世帯,年収五分位1,2014000103,158195,円
消費支出,勤労者世帯,年収五分位1,2014000406,150830,円
消費支出,勤労者世帯,年収五分位1,2014000709,160432,円
消費支出,勤労者世帯,年収五分位1,2014001012,167915,円
消費支出,勤労者世帯,年収五分位1,2015000103,162675,円
消費支出,勤労者世帯,年収五分位1,2015000406,163959,円
消費支出,勤労者世帯,年収五分位1,2015000709,157441,円
消費支出,勤労者世帯,年収五分位1,2015001012,162218,円
消費支出,勤労者世帯,年収五分位1,2016000103,152605,円
消費支出,勤労者世帯,年収五分位1,2016000406,150316,円
消費支出,勤労者世帯,年収五分位1,2016000709,147748,円
消費支出,勤労者世帯,年収五分位1,2016001012,159061,円
消費支出,勤労者世帯,年収五分位1,2017000103,147458,円
消費支出,勤労者世帯,年収五分位1,2017000406,151588,円
消費支出,勤労者世帯,年収五分位1,2017000709,147249,円
消費支出,勤労者世帯,年収五分位1,2017001012,157021,円
消費支出,勤労者世帯,年収五分位1,2018000103,160574,円
消費支出,勤労者世帯,年収五分位1,2018000406,152808,円
消費支出,勤労者世帯,年収五分位1,2018000709,165753,円
消費支出,勤労者世帯,年収五分位1,2018001012,156748,円
消費支出,勤労者世帯,年収五分位1,2019000103,157642,円
消費支出,勤労者世帯,年収五分位1,2019000406,164450,円
消費支出,勤労者世帯,年収五分位1,2019000709,152420,円
消費支出,勤労者世帯,年収五分位1,2019001012,157919,円
消費支出,勤労者世帯,年収五分位1,2020000103,144427,円
消費支出,勤労者世帯,年収五分位1,2020000406,147032,円
消費支出,勤労者世帯,年収五分位1,2020000709,152835,円
消費支出,勤労者世帯,年収五分位1,2020001012,162546,円
消費支出,勤労者世帯,年収五分位1,2021000103,147714,円
消費支出,勤労者世帯,年収五分位1,2021000406,155175,円
消費支出,勤労者世帯,年収五分位1,2021000709,147319,円
消費支出,勤労者世帯,年収五分位1,2021001012,159367,円
消費支出,勤労者世帯,年収五分位1,2022000103,152909,円
消費支出,勤労者世帯,年収五分位1,2022000406,156984,円
消費支出,勤労者世帯,年収五分位1,2022000709,156943,円
消費支出,勤労者世帯,年収五分位1,2022001012,168964,円
消費支出,勤労者世帯,年収五分位1,2023000103,159194,円
消費支出,勤労者世帯,年収五分位1,2023000406,156171,円
消費支出,勤労者世帯,年収五分位1,2023000709,152337,円
消費支出,勤労者世帯,年収五分位1,2023001012,167104,円
消費支出,勤労者世帯,年収五分位1,2024000103,162071,円
消費支出,勤労者世帯,年収五分位1,2024000406,156023,円
消費支出,勤労者世帯,年収五分位1,2024000709,155431,円
消費支出,勤労者世帯,年収五分位1,2024001012,163967,円
消費支出,勤労者世帯,年収五分位1,2025000103,161522,円
消費支出,勤労者世帯,年収五分位1,2025000406,168217,円
消費支出,勤労者世帯,年収五分位1,2025000709,164003,円
消費支出,勤労者世帯,年収五分位1,2025001012,167281,円
消費支出,勤労者世帯,年収五分位1,2026000103,174091,円
消費支出,勤労者世帯,年収五分位2,2000000103,236853,円
消費支出,勤労者世帯,年収五分位2,2000000406,251937,円
消費支出,勤労者世帯,年収五分位2,2000000709,246644,円
消費支出,勤労者世帯,年収五分位2,2000001012,257569,円
消費支出,勤労者世帯,年収五分位2,2001000103,233808,円
消費支出,勤労者世帯,年収五分位2,2001000406,227546,円
消費支出,勤労者世帯,年収五分位2,2001000709,232740,円
消費支出,勤労者世帯,年収五分位2,2001001012,236486,円
消費支出,勤労者世帯,年収五分位2,2002000103,234891,円
消費支出,勤労者世帯,年収五分位2,2002000406,218742,円
消費支出,勤労者世帯,年収五分位2,2002000709,229791,円
消費支出,勤労者世帯,年収五分位2,2002001012,233084,円
消費支出,勤労者世帯,年収五分位2,2003000103,225361,円
消費支出,勤労者世帯,年収五分位2,2003000406,220254,円
消費支出,勤労者世帯,年収五分位2,2003000709,231150,円
消費支出,勤労者世帯,年収五分位2,2003001012,247011,円
消費支出,勤労者世帯,年収五分位2,2004000103,230552,円
消費支出,勤労者世帯,年収五分位2,2004000406,234413,円
消費支出,勤労者世帯,年収五分位2,2004000709,220516,円
消費支出,勤労者世帯,年収五分位2,2004001012,241505,円
消費支出,勤労者世帯,年収五分位2,2005000103,223221,円
消費支出,勤労者世帯,年収五分位2,2005000406,219501,円
消費支出,勤労者世帯,年収五分位2,2005000709,232712,円
消費支出,勤労者世帯,年収五分位2,2005001012,228852,円
消費支出,勤労者世帯,年収五分位2,2006000103,217367,円
消費支出,勤労者世帯,年収五分位2,2006000406,220778,円
消費支出,勤労者世帯,年収五分位2,2006000709,216930,円
消費支出,勤労者世帯,年収五分位2,2006001012,229354,円
消費支出,勤労者世帯,年収五分位2,2007000103,220977,円
消費支出,勤労者世帯,年収五分位2,2007000406,223150,円
消費支出,勤労者世帯,年収五分位2,2007000709,224723,円
消費支出,勤労者世帯,年収五分位2,2007001012,246756,円
消費支出,勤労者世帯,年収五分位2,2008000103,230308,円
消費支出,勤労者世帯,年収五分位2,2008000406,229254,円
消費支出,勤労者世帯,年収五分位2,2008000709,228527,円
消費支出,勤労者世帯,年収五分位2,2008001012,234154,円
消費支出,勤労者世帯,年収五分位2,2009000103,231468,円
消費支出,勤労者世帯,年収五分位2,2009000406,224802,円
消費支出,勤労者世帯,年収五分位2,2009000709,215871,円
消費支出,勤労者世帯,年収五分位2,2009001012,240163,円
消費支出,勤労者世帯,年収五分位2,2010000103,220872,円
消費支出,勤労者世帯,年収五分位2,2010000406,216363,円
消費支出,勤労者世帯,年収五分位2,2010000709,220964,円
消費支出,勤労者世帯,年収五分位2,2010001012,223512,円
消費支出,勤労者世帯,年収五分位2,2011000103,216844,円
消費支出,勤労者世帯,年収五分位2,2011000406,209052,円
消費支出,勤労者世帯,年収五分位2,2011000709,215740,円
消費支出,勤労者世帯,年収五分位2,2011001012,239204,円
消費支出,勤労者世帯,年収五分位2,2012000103,220627,円
消費支出,勤労者世帯,年収五分位2,2012000406,209599,円
消費支出,勤労者世帯,年収五分位2,2012000709,217299,円
消費支出,勤労者世帯,年収五分位2,2012001012,236308,円
消費支出,勤労者世帯,年収五分位2,2013000103,230983,円
消費支出,勤労者世帯,年収五分位2,2013000406,225753,円
消費支出,勤労者世帯,年収五分位2,2013000709,222678,円
消費支出,勤労者世帯,年収五分位2,2013001012,226452,円
消費支出,勤労者世帯,年収五分位2,2014000103,232583,円
消費支出,勤労者世帯,年収五分位2,2014000406,209249,円
消費支出,勤労者世帯,年収五分位2,2014000709,216896,円
消費支出,勤労者世帯,年収五分位2,2014001012,231823,円
消費支出,勤労者世帯,年収五分位2,2015000103,223372,円
消費支出,勤労者世帯,年収五分位2,2015000406,213885,円
消費支出,勤労者世帯,年収五分位2,2015000709,217541,円
消費支出,勤労者世帯,年収五分位2,2015001012,224747,円
消費支出,勤労者世帯,年収五分位2,2016000103,207557,円
消費支出,勤労者世帯,年収五分位2,2016000406,198557,円
消費支出,勤労者世帯,年収五分位2,2016000709,198098,円
消費支出,勤労者世帯,年収五分位2,2016001012,218211,円
消費支出,勤労者世帯,年収五分位2,2017000103,214629,円
消費支出,勤労者世帯,年収五分位2,2017000406,206514,円
消費支出,勤労者世帯,年収五分位2,2017000709,215319,円
消費支出,勤労者世帯,年収五分位2,2017001012,223779,円
消費支出,勤労者世帯,年収五分位2,2018000103,235644,円
消費支出,勤労者世帯,年収五分位2,2018000406,212308,円
消費支出,勤労者世帯,年収五分位2,2018000709,214836,円
消費支出,勤労者世帯,年収五分位2,2018001012,222735,円
消費支出,勤労者世帯,年収五分位2,2019000103,212492,円
消費支出,勤労者世帯,年収五分位2,2019000406,211642,円
消費支出,勤労者世帯,年収五分位2,2019000709,222838,円
消費支出,勤労者世帯,年収五分位2,2019001012,210562,円
消費支出,勤労者世帯,年収五分位2,2020000103,207819,円
消費支出,勤労者世帯,年収五分位2,2020000406,183290,円
消費支出,勤労者世帯,年収五分位2,2020000709,196653,円
消費支出,勤労者世帯,年収五分位2,2020001012,213687,円
消費支出,勤労者世帯,年収五分位2,2021000103,202771,円
消費支出,勤労者世帯,年収五分位2,2021000406,196429,円
消費支出,勤労者世帯,年収五分位2,2021000709,195535,円
消費支出,勤労者世帯,年収五分位2,2021001012,213239,円
消費支出,勤労者世帯,年収五分位2,2022000103,202910,円
消費支出,勤労者世帯,年収五分位2,2022000406,200486,円
消費支出,勤労者世帯,年収五分位2,2022000709,207830,円
消費支出,勤労者世帯,年収五分位2,2022001012,224719,円
消費支出,勤労者世帯,年収五分位2,2023000103,214576,円
消費支出,勤労者世帯,年収五分位2,2023000406,203744,円
消費支出,勤労者世帯,年収五分位2,2023000709,212148,円
消費支出,勤労者世帯,年収五分位2,2023001012,210634,円
消費支出,勤労者世帯,年収五分位2,2024000103,213314,円
消費支出,勤労者世帯,年収五分位2,2024000406,204554,円
消費支出,勤労者世帯,年収五分位2,2024000709,210392,円
消費支出,勤労者世帯,年収五分位2,2024001012,222508,円
消費支出,勤労者世帯,年収五分位2,2025000103,219072,円
消費支出,勤労者世帯,年収五分位2,2025000406,219333,円
消費支出,勤労者世帯,年収五分位2,2025000709,214500,円
消費支出,勤労者世帯,年収五分位2,2025001012,224429,円
消費支出,勤労者世帯,年収五分位2,2026000103,218298,円
消費支出,勤労者世帯,年収五分位3,2000000103,295332,円
消費支出,勤労者世帯,年収五分位3,2000000406,286856,円
消費支出,勤労者世帯,年収五分位3,2000000709,287353,円
消費支出,勤労者世帯,年収五分位3,2000001012,304290,円
消費支出,勤労者世帯,年収五分位3,2001000103,283874,円
消費支出,勤労者世帯,年収五分位3,2001000406,269366,円
消費支出,勤労者世帯,年収五分位3,2001000709,274469,円
消費支出,勤労者世帯,年収五分位3,2001001012,301241,円
消費支出,勤労者世帯,年収五分位3,2002000103,286375,円
消費支出,勤労者世帯,年収五分位3,2002000406,272799,円
消費支出,勤労者世帯,年収五分位3,2002000709,280423,円
消費支出,勤労者世帯,年収五分位3,2002001012,283533,円
消費支出,勤労者世帯,年収五分位3,2003000103,273014,円
消費支出,勤労者世帯,年収五分位3,2003000406,269319,円
消費支出,勤労者世帯,年収五分位3,2003000709,288184,円
消費支出,勤労者世帯,年収五分位3,2003001012,274788,円
消費支出,勤労者世帯,年収五分位3,2004000103,277006,円
消費支出,勤労者世帯,年収五分位3,2004000406,271577,円
消費支出,勤労者世帯,年収五分位3,2004000709,276707,円
消費支出,勤労者世帯,年収五分位3,2004001012,284172,円
消費支出,勤労者世帯,年収五分位3,2005000103,298461,円
消費支出,勤労者世帯,年収五分位3,2005000406,278731,円
消費支出,勤労者世帯,年収五分位3,2005000709,280351,円
消費支出,勤労者世帯,年収五分位3,2005001012,297731,円
消費支出,勤労者世帯,年収五分位3,2006000103,266817,円
消費支出,勤労者世帯,年収五分位3,2006000406,266672,円
消費支出,勤労者世帯,年収五分位3,2006000709,262703,円
消費支出,勤労者世帯,年収五分位3,2006001012,283854,円
消費支出,勤労者世帯,年収五分位3,2007000103,269625,円
消費支出,勤労者世帯,年収五分位3,2007000406,265801,円
消費支出,勤労者世帯,年収五分位3,2007000709,264611,円
消費支出,勤労者世帯,年収五分位3,2007001012,283955,円
消費支出,勤労者世帯,年収五分位3,2008000103,271062,円
消費支出,勤労者世帯,年収五分位3,2008000406,274351,円
消費支出,勤労者世帯,年収五分位3,2008000709,274232,円
消費支出,勤労者世帯,年収五分位3,2008001012,310904,円
消費支出,勤労者世帯,年収五分位3,2009000103,272804,円
消費支出,勤労者世帯,年収五分位3,2009000406,263963,円
消費支出,勤労者世帯,年収五分位3,2009000709,264778,円
消費支出,勤労者世帯,年収五分位3,2009001012,277674,円
消費支出,勤労者世帯,年収五分位3,2010000103,269820,円
消費支出,勤労者世帯,年収五分位3,2010000406,266854,円
消費支出,勤労者世帯,年収五分位3,2010000709,271031,円
消費支出,勤労者世帯,年収五分位3,2010001012,287779,円
消費支出,勤労者世帯,年収五分位3,2011000103,260305,円
消費支出,勤労者世帯,年収五分位3,2011000406,251900,円
消費支出,勤労者世帯,年収五分位3,2011000709,259923,円
消費支出,勤労者世帯,年収五分位3,2011001012,274364,円
消費支出,勤労者世帯,年収五分位3,2012000103,256820,円
消費支出,勤労者世帯,年収五分位3,2012000406,254990,円
消費支出,勤労者世帯,年収五分位3,2012000709,262166,円
消費支出,勤労者世帯,年収五分位3,2012001012,265745,円
消費支出,勤労者世帯,年収五分位3,2013000103,267873,円
消費支出,勤労者世帯,年収五分位3,2013000406,255765,円
消費支出,勤労者世帯,年収五分位3,2013000709,255960,円
消費支出,勤労者世帯,年収五分位3,2013001012,264980,円
消費支出,勤労者世帯,年収五分位3,2014000103,270319,円
消費支出,勤労者世帯,年収五分位3,2014000406,248846,円
消費支出,勤労者世帯,年収五分位3,2014000709,263501,円
消費支出,勤労者世帯,年収五分位3,2014001012,284495,円
消費支出,勤労者世帯,年収五分位3,2015000103,262162,円
消費支出,勤労者世帯,年収五分位3,2015000406,263391,円
消費支出,勤労者世帯,年収五分位3,2015000709,247648,円
消費支出,勤労者世帯,年収五分位3,2015001012,266441,円
消費支出,勤労者世帯,年収五分位3,2016000103,263158,円
消費支出,勤労者世帯,年収五分位3,2016000406,255814,円
消費支出,勤労者世帯,年収五分位3,2016000709,252742,円
消費支出,勤労者世帯,年収五分位3,2016001012,265424,円
消費支出,勤労者世帯,年収五分位3,2017000103,248335,円
消費支出,勤労者世帯,年収五分位3,2017000406,243555,円
消費支出,勤労者世帯,年収五分位3,2017000709,251135,円
消費支出,勤労者世帯,年収五分位3,2017001012,261151,円
消費支出,勤労者世帯,年収五分位3,2018000103,258096,円
消費支出,勤労者世帯,年収五分位3,2018000406,258620,円
消費支出,勤労者世帯,年収五分位3,2018000709,262179,円
消費支出,勤労者世帯,年収五分位3,2018001012,268557,円
消費支出,勤労者世帯,年収五分位3,2019000103,269900,円
消費支出,勤労者世帯,年収五分位3,2019000406,268338,円
消費支出,勤労者世帯,年収五分位3,2019000709,267693,円
消費支出,勤労者世帯,年収五分位3,2019001012,265569,円
消費支出,勤労者世帯,年収五分位3,2020000103,254050,円
消費支出,勤労者世帯,年収五分位3,2020000406,241113,円
消費支出,勤労者世帯,年収五分位3,2020000709,248956,円
消費支出,勤労者世帯,年収五分位3,2020001012,255883,円
消費支出,勤労者世帯,年収五分位3,2021000103,239580,円
消費支出,勤労者世帯,年収五分位3,2021000406,248655,円
消費支出,勤労者世帯,年収五分位3,2021000709,243223,円
消費支出,勤労者世帯,年収五分位3,2021001012,257427,円
消費支出,勤労者世帯,年収五分位3,2022000103,236719,円
消費支出,勤労者世帯,年収五分位3,2022000406,252820,円
消費支出,勤労者世帯,年収五分位3,2022000709,240845,円
消費支出,勤労者世帯,年収五分位3,2022001012,265009,円
消費支出,勤労者世帯,年収五分位3,2023000103,255490,円
消費支出,勤労者世帯,年収五分位3,2023000406,253352,円
消費支出,勤労者世帯,年収五分位3,2023000709,247267,円
消費支出,勤労者世帯,年収五分位3,2023001012,256248,円
消費支出,勤労者世帯,年収五分位3,2024000103,256385,円
消費支出,勤労者世帯,年収五分位3,2024000406,255852,円
消費支出,勤労者世帯,年収五分位3,2024000709,250171,円
消費支出,勤労者世帯,年収五分位3,2024001012,265899,円
消費支出,勤労者世帯,年収五分位3,2025000103,268152,円
消費支出,勤労者世帯,年収五分位3,2025000406,265466,円
消費支出,勤労者世帯,年収五分位3,2025000709,273904,円
消費支出,勤労者世帯,年収五分位3,2025001012,273464,円
消費支出,勤労者世帯,年収五分位3,2026000103,256999,円
消費支出,勤労者世帯,年収五分位4,2000000103,352232,円
消費支出,勤労者世帯,年収五分位4,2000000406,345318,円
消費支出,勤労者世帯,年収五分位4,2000000709,341536,円
消費支出,勤労者世帯,年収五分位4,2000001012,356462,円
消費支出,勤労者世帯,年収五分位4,2001000103,358346,円
消費支出,勤労者世帯,年収五分位4,2001000406,324452,円
消費支出,勤労者世帯,年収五分位4,2001000709,340698,円
消費支出,勤労者世帯,年収五分位4,2001001012,362502,円
消費支出,勤労者世帯,年収五分位4,2002000103,338521,円
消費支出,勤労者世帯,年収五分位4,2002000406,329809,円
消費支出,勤労者世帯,年収五分位4,2002000709,337046,円
消費支出,勤労者世帯,年収五分位4,2002001012,361165,円
消費支出,勤労者世帯,年収五分位4,2003000103,339846,円
消費支出,勤労者世帯,年収五分位4,2003000406,338979,円
消費支出,勤労者世帯,年収五分位4,2003000709,340439,円
消費支出,勤労者世帯,年収五分位4,2003001012,351297,円
消費支出,勤労者世帯,年収五分位4,2004000103,352342,円
消費支出,勤労者世帯,年収五分位4,2004000406,341444,円
消費支出,勤労者世帯,年収五分位4,2004000709,344089,円
消費支出,勤労者世帯,年収五分位4,2004001012,360813,円
消費支出,勤労者世帯,年収五分位4,2005000103,356049,円
消費支出,勤労者世帯,年収五分位4,2005000406,343594,円
消費支出,勤労者世帯,年収五分位4,2005000709,327345,円
消費支出,勤労者世帯,年収五分位4,2005001012,346270,円
消費支出,勤労者世帯,年収五分位4,2006000103,328301,円
消費支出,勤労者世帯,年収五分位4,2006000406,320392,円
消費支出,勤労者世帯,年収五分位4,2006000709,319122,円
消費支出,勤労者世帯,年収五分位4,2006001012,335835,円
消費支出,勤労者世帯,年収五分位4,2007000103,331222,円
消費支出,勤労者世帯,年収五分位4,2007000406,323282,円
消費支出,勤労者世帯,年収五分位4,2007000709,320346,円
消費支出,勤労者世帯,年収五分位4,2007001012,343882,円
消費支出,勤労者世帯,年収五分位4,2008000103,341129,円
消費支出,勤労者世帯,年収五分位4,2008000406,326006,円
消費支出,勤労者世帯,年収五分位4,2008000709,321801,円
消費支出,勤労者世帯,年収五分位4,2008001012,344218,円
消費支出,勤労者世帯,年収五分位4,2009000103,327467,円
消費支出,勤労者世帯,年収五分位4,2009000406,329866,円
消費支出,勤労者世帯,年収五分位4,2009000709,323414,円
消費支出,勤労者世帯,年収五分位4,2009001012,327985,円
消費支出,勤労者世帯,年収五分位4,2010000103,325002,円
消費支出,勤労者世帯,年収五分位4,2010000406,310422,円
消費支出,勤労者世帯,年収五分位4,2010000709,329089,円
消費支出,勤労者世帯,年収五分位4,2010001012,336899,円
消費支出,勤労者世帯,年収五分位4,2011000103,314174,円
消費支出,勤労者世帯,年収五分位4,2011000406,310657,円
消費支出,勤労者世帯,年収五分位4,2011000709,307446,円
消費支出,勤労者世帯,年収五分位4,2011001012,325960,円
消費支出,勤労者世帯,年収五分位4,2012000103,313549,円
消費支出,勤労者世帯,年収五分位4,2012000406,318316,円
消費支出,勤労者世帯,年収五分位4,2012000709,308184,円
消費支出,勤労者世帯,年収五分位4,2012001012,320847,円
消費支出,勤労者世帯,年収五分位4,2013000103,331658,円
消費支出,勤労者世帯,年収五分位4,2013000406,313743,円
消費支出,勤労者世帯,年収五分位4,2013000709,316903,円
消費支出,勤労者世帯,年収五分位4,2013001012,320952,円
消費支出,勤労者世帯,年収五分位4,2014000103,334537,円
消費支出,勤労者世帯,年収五分位4,2014000406,313830,円
消費支出,勤労者世帯,年収五分位4,2014000709,309718,円
消費支出,勤労者世帯,年収五分位4,2014001012,341524,円
消費支出,勤労者世帯,年収五分位4,2015000103,333520,円
消費支出,勤労者世帯,年収五分位4,2015000406,323222,円
消費支出,勤労者世帯,年収五分位4,2015000709,312848,円
消費支出,勤労者世帯,年収五分位4,2015001012,322977,円
消費支出,勤労者世帯,年収五分位4,2016000103,315372,円
消費支出,勤労者世帯,年収五分位4,2016000406,301014,円
消費支出,勤労者世帯,年収五分位4,2016000709,294970,円
消費支出,勤労者世帯,年収五分位4,2016001012,315833,円
消費支出,勤労者世帯,年収五分位4,2017000103,308903,円
消費支出,勤労者世帯,年収五分位4,2017000406,313950,円
消費支出,勤労者世帯,年収五分位4,2017000709,296584,円
消費支出,勤労者世帯,年収五分位4,2017001012,334487,円
消費支出,勤労者世帯,年収五分位4,2018000103,316872,円
消費支出,勤労者世帯,年収五分位4,2018000406,303086,円
消費支出,勤労者世帯,年収五分位4,2018000709,320961,円
消費支出,勤労者世帯,年収五分位4,2018001012,335424,円
消費支出,勤労者世帯,年収五分位4,2019000103,332104,円
消費支出,勤労者世帯,年収五分位4,2019000406,321945,円
消費支出,勤労者世帯,年収五分位4,2019000709,318473,円
消費支出,勤労者世帯,年収五分位4,2019001012,320110,円
消費支出,勤労者世帯,年収五分位4,2020000103,307907,円
消費支出,勤労者世帯,年収五分位4,2020000406,278676,円
消費支出,勤労者世帯,年収五分位4,2020000709,291081,円
消費支出,勤労者世帯,年収五分位4,2020001012,305542,円
消費支出,勤労者世帯,年収五分位4,2021000103,299362,円
消費支出,勤労者世帯,年収五分位4,2021000406,306870,円
消費支出,勤労者世帯,年収五分位4,2021000709,275122,円
消費支出,勤労者世帯,年収五分位4,2021001012,302286,円
消費支出,勤労者世帯,年収五分位4,2022000103,299528,円
消費支出,勤労者世帯,年収五分位4,2022000406,294927,円
消費支出,勤労者世帯,年収五分位4,2022000709,303781,円
消費支出,勤労者世帯,年収五分位4,2022001012,335655,円
消費支出,勤労者世帯,年収五分位4,2023000103,316871,円
消費支出,勤労者世帯,年収五分位4,2023000406,309654,円
消費支出,勤労者世帯,年収五分位4,2023000709,313005,円
消費支出,勤労者世帯,年収五分位4,2023001012,330962,円
消費支出,勤労者世帯,年収五分位4,2024000103,312296,円
消費支出,勤労者世帯,年収五分位4,2024000406,305829,円
消費支出,勤労者世帯,年収五分位4,2024000709,310174,円
消費支出,勤労者世帯,年収五分位4,2024001012,329394,円
消費支出,勤労者世帯,年収五分位4,2025000103,320888,円
消費支出,勤労者世帯,年収五分位4,2025000406,328560,円
消費支出,勤労者世帯,年収五分位4,2025000709,319831,円
消費支出,勤労者世帯,年収五分位4,2025001012,342365,円
消費支出,勤労者世帯,年収五分位4,2026000103,335658,円
消費支出,勤労者世帯,年収五分位5,2000000103,456443,円
消費支出,勤労者世帯,年収五分位5,2000000406,464302,円
消費支出,勤労者世帯,年収五分位5,2000000709,457286,円
消費支出,勤労者世帯,年収五分位5,2000001012,488904,円
消費支出,勤労者世帯,年収五分位5,2001000103,461925,円
消費支出,勤労者世帯,年収五分位5,2001000406,451586,円
消費支出,勤労者世帯,年収五分位5,2001000709,448677,円
消費支出,勤労者世帯,年収五分位5,2001001012,462453,円
消費支出,勤労者世帯,年収五分位5,2002000103,448908,円
消費支出,勤労者世帯,年収五分位5,2002000406,450498,円
消費支出,勤労者世帯,年収五分位5,2002000709,461448,円
消費支出,勤労者世帯,年収五分位5,2002001012,470045,円
消費支出,勤労者世帯,年収五分位5,2003000103,440001,円
消費支出,勤労者世帯,年収五分位5,2003000406,434642,円
消費支出,勤労者世帯,年収五分位5,2003000709,432613,円
消費支出,勤労者世帯,年収五分位5,2003001012,461084,円
消費支出,勤労者世帯,年収五分位5,2004000103,443014,円
消費支出,勤労者世帯,年収五分位5,2004000406,454060,円
消費支出,勤労者世帯,年収五分位5,2004000709,448128,円
消費支出,勤労者世帯,年収五分位5,2004001012,450982,円
消費支出,勤労者世帯,年収五分位5,2005000103,440768,円
消費支出,勤労者世帯,年収五分位5,2005000406,437673,円
消費支出,勤労者世帯,年収五分位5,2005000709,446955,円
消費支出,勤労者世帯,年収五分位5,2005001012,462266,円
消費支出,勤労者世帯,年収五分位5,2006000103,442890,円
消費支出,勤労者世帯,年収五分位5,2006000406,444550,円
消費支出,勤労者世帯,年収五分位5,2006000709,434043,円
消費支出,勤労者世帯,年収五分位5,2006001012,461069,円
消費支出,勤労者世帯,年収五分位5,2007000103,440996,円
消費支出,勤労者世帯,年収五分位5,2007000406,435190,円
消費支出,勤労者世帯,年収五分位5,2007000709,447364,円
消費支出,勤労者世帯,年収五分位5,2007001012,448809,円
消費支出,勤労者世帯,年収五分位5,2008000103,435502,円
消費支出,勤労者世帯,年収五分位5,2008000406,441534,円
消費支出,勤労者世帯,年収五分位5,2008000709,428740,円
消費支出,勤労者世帯,年収五分位5,2008001012,429449,円
消費支出,勤労者世帯,年収五分位5,2009000103,421778,円
消費支出,勤労者世帯,年収五分位5,2009000406,436077,円
消費支出,勤労者世帯,年収五分位5,2009000709,419056,円
消費支出,勤労者世帯,年収五分位5,2009001012,436566,円
消費支出,勤労者世帯,年収五分位5,2010000103,423533,円
消費支出,勤労者世帯,年収五分位5,2010000406,417242,円
消費支出,勤労者世帯,年収五分位5,2010000709,420708,円
消費支出,勤労者世帯,年収五分位5,2010001012,436017,円
消費支出,勤労者世帯,年収五分位5,2011000103,403540,円
消費支出,勤労者世帯,年収五分位5,2011000406,416000,円
消費支出,勤労者世帯,年収五分位5,2011000709,416580,円
消費支出,勤労者世帯,年収五分位5,2011001012,420093,円
消費支出,勤労者世帯,年収五分位5,2012000103,413136,円
消費支出,勤労者世帯,年収五分位5,2012000406,406664,円
消費支出,勤労者世帯,年収五分位5,2012000709,400344,円
消費支出,勤労者世帯,年収五分位5,2012001012,433583,円
消費支出,勤労者世帯,年収五分位5,2013000103,433505,円
消費支出,勤労者世帯,年収五分位5,2013000406,412649,円
消費支出,勤労者世帯,年収五分位5,2013000709,419506,円
消費支出,勤労者世帯,年収五分位5,2013001012,447415,円
消費支出,勤労者世帯,年収五分位5,2014000103,456173,円
消費支出,勤労者世帯,年収五分位5,2014000406,405322,円
消費支出,勤労者世帯,年収五分位5,2014000709,406054,円
消費支出,勤労者世帯,年収五分位5,2014001012,416275,円
消費支出,勤労者世帯,年収五分位5,2015000103,414819,円
消費支出,勤労者世帯,年収五分位5,2015000406,410955,円
消費支出,勤労者世帯,年収五分位5,2015000709,402751,円
消費支出,勤労者世帯,年収五分位5,2015001012,406704,円
消費支出,勤労者世帯,年収五分位5,2016000103,412413,円
消費支出,勤労者世帯,年収五分位5,2016000406,413307,円
消費支出,勤労者世帯,年収五分位5,2016000709,399308,円
消費支出,勤労者世帯,年収五分位5,2016001012,414821,円
消費支出,勤労者世帯,年収五分位5,2017000103,429479,円
消費支出,勤労者世帯,年収五分位5,2017000406,426082,円
消費支出,勤労者世帯,年収五分位5,2017000709,393472,円
消費支出,勤労者世帯,年収五分位5,2017001012,428221,円
消費支出,勤労者世帯,年収五分位5,2018000103,407524,円
消費支出,勤労者世帯,年収五分位5,2018000406,408814,円
消費支出,勤労者世帯,年収五分位5,2018000709,398647,円
消費支出,勤労者世帯,年収五分位5,2018001012,410577,円
消費支出,勤労者世帯,年収五分位5,2019000103,424179,円
消費支出,勤労者世帯,年収五分位5,2019000406,428250,円
消費支出,勤労者世帯,年収五分位5,2019000709,436887,円
消費支出,勤労者世帯,年収五分位5,2019001012,410551,円
消費支出,勤労者世帯,年収五分位5,2020000103,401752,円
消費支出,勤労者世帯,年収五分位5,2020000406,380292,円
消費支出,勤労者世帯,年収五分位5,2020000709,372926,円
消費支出,勤労者世帯,年収五分位5,2020001012,415841,円
消費支出,勤労者世帯,年収五分位5,2021000103,398495,円
消費支出,勤労者世帯,年収五分位5,2021000406,409171,円
消費支出,勤労者世帯,年収五分位5,2021000709,388746,円
消費支出,勤労者世帯,年収五分位5,2021001012,429547,円
消費支出,勤労者世帯,年収五分位5,2022000103,419794,円
消費支出,勤労者世帯,年収五分位5,2022000406,427143,円
消費支出,勤労者世帯,年収五分位5,2022000709,425359,円
消費支出,勤労者世帯,年収五分位5,2022001012,416752,円
消費支出,勤労者世帯,年収五分位5,2023000103,412891,円
消費支出,勤労者世帯,年収五分位5,2023000406,402006,円
消費支出,勤労者世帯,年収五分位5,2023000709,398815,円
消費支出,勤労者世帯,年収五分位5,2023001012,413367,円
消費支出,勤労者世帯,年収五分位5,2024000103,421445,円
消費支出,勤労者世帯,年収五分位5,2024000406,407213,円
消費支出,勤労者世帯,年収五分位5,2024000709,395526,円
消費支出,勤労者世帯,年収五分位5,2024001012,439819,円
消費支出,勤労者世帯,年収五分位5,2025000103,442037,円
消費支出,勤労者世帯,年収五分位5,2025000406,449443,円
消費支出,勤労者世帯,年収五分位5,2025000709,448628,円
消費支出,勤労者世帯,年収五分位5,2025001012,464395,円
消費支出,勤労者世帯,年収五分位5,2026000103,439210,円
可処分所得,勤労者世帯,年収五分位1,2000000103,194806,円
可処分所得,勤労者世帯,年収五分位1,2000000406,220974,円
可処分所得,勤労者世帯,年収五分位1,2000000709,212318,円
可処分所得,勤労者世帯,年収五分位1,2000001012,254872,円
可処分所得,勤労者世帯,年収五分位1,2001000103,190555,円
可処分所得,勤労者世帯,年収五分位1,2001000406,228212,円
可処分所得,勤労者世帯,年収五分位1,2001000709,204374,円
可処分所得,勤労者世帯,年収五分位1,2001001012,238693,円
可処分所得,勤労者世帯,年収五分位1,2002000103,193479,円
可処分所得,勤労者世帯,年収五分位1,2002000406,207767,円
可処分所得,勤労者世帯,年収五分位1,2002000709,205427,円
可処分所得,勤労者世帯,年収五分位1,2002001012,227237,円
可処分所得,勤労者世帯,年収五分位1,2003000103,186255,円
可処分所得,勤労者世帯,年収五分位1,2003000406,209033,円
可処分所得,勤労者世帯,年収五分位1,2003000709,197742,円
可処分所得,勤労者世帯,年収五分位1,2003001012,242529,円
可処分所得,勤労者世帯,年収五分位1,2004000103,193000,円
可処分所得,勤労者世帯,年収五分位1,2004000406,215909,円
可処分所得,勤労者世帯,年収五分位1,2004000709,199070,円
可処分所得,勤労者世帯,年収五分位1,2004001012,236564,円
可処分所得,勤労者世帯,年収五分位1,2005000103,191863,円
可処分所得,勤労者世帯,年収五分位1,2005000406,199886,円
可処分所得,勤労者世帯,年収五分位1,2005000709,199322,円
可処分所得,勤労者世帯,年収五分位1,2005001012,230060,円
可処分所得,勤労者世帯,年収五分位1,2006000103,188144,円
可処分所得,勤労者世帯,年収五分位1,2006000406,204591,円
可処分所得,勤労者世帯,年収五分位1,2006000709,196232,円
可処分所得,勤労者世帯,年収五分位1,2006001012,230204,円
可処分所得,勤労者世帯,年収五分位1,2007000103,194437,円
可処分所得,勤労者世帯,年収五分位1,2007000406,211925,円
可処分所得,勤労者世帯,年収五分位1,2007000709,195784,円
可処分所得,勤労者世帯,年収五分位1,2007001012,245650,円
可処分所得,勤労者世帯,年収五分位1,2008000103,201353,円
可処分所得,勤労者世帯,年収五分位1,2008000406,210400,円
可処分所得,勤労者世帯,年収五分位1,2008000709,207829,円
可処分所得,勤労者世帯,年収五分位1,2008001012,237368,円
可処分所得,勤労者世帯,年収五分位1,2009000103,182361,円
可処分所得,勤労者世帯,年収五分位1,2009000406,210389,円
可処分所得,勤労者世帯,年収五分位1,2009000709,195790,円
可処分所得,勤労者世帯,年収五分位1,2009001012,227387,円
可処分所得,勤労者世帯,年収五分位1,2010000103,185421,円
可処分所得,勤労者世帯,年収五分位1,2010000406,210948,円
可処分所得,勤労者世帯,年収五分位1,2010000709,189501,円
可処分所得,勤労者世帯,年収五分位1,2010001012,233425,円
可処分所得,勤労者世帯,年収五分位1,2011000103,181791,円
可処分所得,勤労者世帯,年収五分位1,2011000406,214808,円
可処分所得,勤労者世帯,年収五分位1,2011000709,186255,円
可処分所得,勤労者世帯,年収五分位1,2011001012,229255,円
可処分所得,勤労者世帯,年収五分位1,2012000103,188282,円
可処分所得,勤労者世帯,年収五分位1,2012000406,217783,円
可処分所得,勤労者世帯,年収五分位1,2012000709,198373,円
可処分所得,勤労者世帯,年収五分位1,2012001012,241279,円
可処分所得,勤労者世帯,年収五分位1,2013000103,193204,円
可処分所得,勤労者世帯,年収五分位1,2013000406,210893,円
可処分所得,勤労者世帯,年収五分位1,2013000709,185152,円
可処分所得,勤労者世帯,年収五分位1,2013001012,234536,円
可処分所得,勤労者世帯,年収五分位1,2014000103,185910,円
可処分所得,勤労者世帯,年収五分位1,2014000406,196478,円
可処分所得,勤労者世帯,年収五分位1,2014000709,185653,円
可処分所得,勤労者世帯,年収五分位1,2014001012,223828,円
可処分所得,勤労者世帯,年収五分位1,2015000103,173489,円
可処分所得,勤労者世帯,年収五分位1,2015000406,206633,円
可処分所得,勤労者世帯,年収五分位1,2015000709,195879,円
可処分所得,勤労者世帯,年収五分位1,2015001012,238533,円
可処分所得,勤労者世帯,年収五分位1,2016000103,181127,円
可処分所得,勤労者世帯,年収五分位1,2016000406,188548,円
可処分所得,勤労者世帯,年収五分位1,2016000709,183566,円
可処分所得,勤労者世帯,年収五分位1,2016001012,222451,円
可処分所得,勤労者世帯,年収五分位1,2017000103,174774,円
可処分所得,勤労者世帯,年収五分位1,2017000406,198773,円
可処分所得,勤労者世帯,年収五分位1,2017000709,192722,円
可処分所得,勤労者世帯,年収五分位1,2017001012,216408,円
可処分所得,勤労者世帯,年収五分位1,2018000103,186827,円
可処分所得,勤労者世帯,年収五分位1,2018000406,206251,円
可処分所得,勤労者世帯,年収五分位1,2018000709,191971,円
可処分所得,勤労者世帯,年収五分位1,2018001012,235073,円
可処分所得,勤労者世帯,年収五分位1,2019000103,185945,円
可処分所得,勤労者世帯,年収五分位1,2019000406,227066,円
可処分所得,勤労者世帯,年収五分位1,2019000709,188865,円
可処分所得,勤労者世帯,年収五分位1,2019001012,239010,円
可処分所得,勤労者世帯,年収五分位1,2020000103,183476,円
可処分所得,勤労者世帯,年収五分位1,2020000406,223283,円
可処分所得,勤労者世帯,年収五分位1,2020000709,210399,円
可処分所得,勤労者世帯,年収五分位1,2020001012,255007,円
可処分所得,勤労者世帯,年収五分位1,2021000103,176917,円
可処分所得,勤労者世帯,年収五分位1,2021000406,216538,円
可処分所得,勤労者世帯,年収五分位1,2021000709,199787,円
可処分所得,勤労者世帯,年収五分位1,2021001012,242951,円
可処分所得,勤労者世帯,年収五分位1,2022000103,186875,円
可処分所得,勤労者世帯,年収五分位1,2022000406,230604,円
可処分所得,勤労者世帯,年収五分位1,2022000709,221798,円
可処分所得,勤労者世帯,年収五分位1,2022001012,266026,円
可処分所得,勤労者世帯,年収五分位1,2023000103,195999,円
可処分所得,勤労者世帯,年収五分位1,2023000406,235457,円
可処分所得,勤労者世帯,年収五分位1,2023000709,203377,円
可処分所得,勤労者世帯,年収五分位1,2023001012,263018,円
可処分所得,勤労者世帯,年収五分位1,2024000103,195107,円
可処分所得,勤労者世帯,年収五分位1,2024000406,248997,円
可処分所得,勤労者世帯,年収五分位1,2024000709,202539,円
可処分所得,勤労者世帯,年収五分位1,2024001012,282643,円
可処分所得,勤労者世帯,年収五分位1,2025000103,206036,円
可処分所得,勤労者世帯,年収五分位1,2025000406,249023,円
可処分所得,勤労者世帯,年収五分位1,2025000709,210517,円
可処分所得,勤労者世帯,年収五分位1,2025001012,284426,円
可処分所得,勤労者世帯,年収五分位1,2026000103,218337,円
可処分所得,勤労者世帯,年収五分位2,2000000103,282667,円
可処分所得,勤労者世帯,年収五分位2,2000000406,314098,円
可処分所得,勤労者世帯,年収五分位2,2000000709,309005,円
可処分所得,勤労者世帯,年収五分位2,2000001012,393244,円
可処分所得,勤労者世帯,年収五分位2,2001000103,278616,円
可処分所得,勤労者世帯,年収五分位2,2001000406,312274,円
可処分所得,勤労者世帯,年収五分位2,2001000709,293804,円
可処分所得,勤労者世帯,年収五分位2,2001001012,361307,円
可処分所得,勤労者世帯,年収五分位2,2002000103,274954,円
可処分所得,勤労者世帯,年収五分位2,2002000406,293951,円
可処分所得,勤労者世帯,年収五分位2,2002000709,290103,円
可処分所得,勤労者世帯,年収五分位2,2002001012,351382,円
可処分所得,勤労者世帯,年収五分位2,2003000103,263457,円
可処分所得,勤労者世帯,年収五分位2,2003000406,297220,円
可処分所得,勤労者世帯,年収五分位2,2003000709,299259,円
可処分所得,勤労者世帯,年収五分位2,2003001012,367417,円
可処分所得,勤労者世帯,年収五分位2,2004000103,271447,円
可処分所得,勤労者世帯,年収五分位2,2004000406,293204,円
可処分所得,勤労者世帯,年収五分位2,2004000709,287386,円
可処分所得,勤労者世帯,年収五分位2,2004001012,348664,円
可処分所得,勤労者世帯,年収五分位2,2005000103,268443,円
可処分所得,勤労者世帯,年収五分位2,2005000406,287185,円
可処分所得,勤労者世帯,年収五分位2,2005000709,284783,円
可処分所得,勤労者世帯,年収五分位2,2005001012,329388,円
可処分所得,勤労者世帯,年収五分位2,2006000103,267347,円
可処分所得,勤労者世帯,年収五分位2,2006000406,290814,円
可処分所得,勤労者世帯,年収五分位2,2006000709,289012,円
可処分所得,勤労者世帯,年収五分位2,2006001012,344061,円
可処分所得,勤労者世帯,年収五分位2,2007000103,272766,円
可処分所得,勤労者世帯,年収五分位2,2007000406,306245,円
可処分所得,勤労者世帯,年収五分位2,2007000709,287515,円
可処分所得,勤労者世帯,年収五分位2,2007001012,348545,円
可処分所得,勤労者世帯,年収五分位2,2008000103,270823,円
可処分所得,勤労者世帯,年収五分位2,2008000406,302942,円
可処分所得,勤労者世帯,年収五分位2,2008000709,284127,円
可処分所得,勤労者世帯,年収五分位2,2008001012,340789,円
可処分所得,勤労者世帯,年収五分位2,2009000103,260569,円
可処分所得,勤労者世帯,年収五分位2,2009000406,293543,円
可処分所得,勤労者世帯,年収五分位2,2009000709,270612,円
可処分所得,勤労者世帯,年収五分位2,2009001012,321875,円
可処分所得,勤労者世帯,年収五分位2,2010000103,263678,円
可処分所得,勤労者世帯,年収五分位2,2010000406,302549,円
可処分所得,勤労者世帯,年収五分位2,2010000709,280314,円
可処分所得,勤労者世帯,年収五分位2,2010001012,338081,円
可処分所得,勤労者世帯,年収五分位2,2011000103,259962,円
可処分所得,勤労者世帯,年収五分位2,2011000406,281223,円
可処分所得,勤労者世帯,年収五分位2,2011000709,279704,円
可処分所得,勤労者世帯,年収五分位2,2011001012,332898,円
可処分所得,勤労者世帯,年収五分位2,2012000103,264442,円
可処分所得,勤労者世帯,年収五分位2,2012000406,304604,円
可処分所得,勤労者世帯,年収五分位2,2012000709,268939,円
可処分所得,勤労者世帯,年収五分位2,2012001012,338931,円
可処分所得,勤労者世帯,年収五分位2,2013000103,257649,円
可処分所得,勤労者世帯,年収五分位2,2013000406,283423,円
可処分所得,勤労者世帯,年収五分位2,2013000709,273062,円
可処分所得,勤労者世帯,年収五分位2,2013001012,329536,円
可処分所得,勤労者世帯,年収五分位2,2014000103,253737,円
可処分所得,勤労者世帯,年収五分位2,2014000406,283149,円
可処分所得,勤労者世帯,年収五分位2,2014000709,274523,円
可処分所得,勤労者世帯,年収五分位2,2014001012,341052,円
可処分所得,勤労者世帯,年収五分位2,2015000103,258424,円
可処分所得,勤労者世帯,年収五分位2,2015000406,297714,円
可処分所得,勤労者世帯,年収五分位2,2015000709,261442,円
可処分所得,勤労者世帯,年収五分位2,2015001012,329604,円
可処分所得,勤労者世帯,年収五分位2,2016000103,254230,円
可処分所得,勤労者世帯,年収五分位2,2016000406,275762,円
可処分所得,勤労者世帯,年収五分位2,2016000709,264133,円
可処分所得,勤労者世帯,年収五分位2,2016001012,333890,円
可処分所得,勤労者世帯,年収五分位2,2017000103,254634,円
可処分所得,勤労者世帯,年収五分位2,2017000406,289037,円
可処分所得,勤労者世帯,年収五分位2,2017000709,266807,円
可処分所得,勤労者世帯,年収五分位2,2017001012,363601,円
可処分所得,勤労者世帯,年収五分位2,2018000103,268184,円
可処分所得,勤労者世帯,年収五分位2,2018000406,306340,円
可処分所得,勤労者世帯,年収五分位2,2018000709,291315,円
可処分所得,勤労者世帯,年収五分位2,2018001012,343147,円
可処分所得,勤労者世帯,年収五分位2,2019000103,265820,円
可処分所得,勤労者世帯,年収五分位2,2019000406,325879,円
可処分所得,勤労者世帯,年収五分位2,2019000709,282050,円
可処分所得,勤労者世帯,年収五分位2,2019001012,359856,円
可処分所得,勤労者世帯,年収五分位2,2020000103,269672,円
可処分所得,勤労者世帯,年収五分位2,2020000406,364375,円
可処分所得,勤労者世帯,年収五分位2,2020000709,285779,円
可処分所得,勤労者世帯,年収五分位2,2020001012,365245,円
可処分所得,勤労者世帯,年収五分位2,2021000103,278072,円
可処分所得,勤労者世帯,年収五分位2,2021000406,315601,円
可処分所得,勤労者世帯,年収五分位2,2021000709,301618,円
可処分所得,勤労者世帯,年収五分位2,2021001012,367095,円
可処分所得,勤労者世帯,年収五分位2,2022000103,266089,円
可処分所得,勤労者世帯,年収五分位2,2022000406,319336,円
可処分所得,勤労者世帯,年収五分位2,2022000709,311597,円
可処分所得,勤労者世帯,年収五分位2,2022001012,388658,円
可処分所得,勤労者世帯,年収五分位2,2023000103,269279,円
可処分所得,勤労者世帯,年収五分位2,2023000406,323652,円
可処分所得,勤労者世帯,年収五分位2,2023000709,295826,円
可処分所得,勤労者世帯,年収五分位2,2023001012,373533,円
可処分所得,勤労者世帯,年収五分位2,2024000103,274880,円
可処分所得,勤労者世帯,年収五分位2,2024000406,356989,円
可処分所得,勤労者世帯,年収五分位2,2024000709,315078,円
可処分所得,勤労者世帯,年収五分位2,2024001012,392765,円
可処分所得,勤労者世帯,年収五分位2,2025000103,289717,円
可処分所得,勤労者世帯,年収五分位2,2025000406,337645,円
可処分所得,勤労者世帯,年収五分位2,2025000709,305781,円
可処分所得,勤労者世帯,年収五分位2,2025001012,401555,円
可処分所得,勤労者世帯,年収五分位2,2026000103,290683,円
可処分所得,勤労者世帯,年収五分位3,2000000103,353331,円
可処分所得,勤労者世帯,年収五分位3,2000000406,392378,円
可処分所得,勤労者世帯,年収五分位3,2000000709,386379,円
可処分所得,勤労者世帯,年収五分位3,2000001012,479507,円
可処分所得,勤労者世帯,年収五分位3,2001000103,334858,円
可処分所得,勤労者世帯,年収五分位3,2001000406,381615,円
可処分所得,勤労者世帯,年収五分位3,2001000709,372182,円
可処分所得,勤労者世帯,年収五分位3,2001001012,476294,円
可処分所得,勤労者世帯,年収五分位3,2002000103,340604,円
可処分所得,勤労者世帯,年収五分位3,2002000406,383987,円
可処分所得,勤労者世帯,年収五分位3,2002000709,360859,円
可処分所得,勤労者世帯,年収五分位3,2002001012,447080,円
可処分所得,勤労者世帯,年収五分位3,2003000103,325630,円
可処分所得,勤労者世帯,年収五分位3,2003000406,382019,円
可処分所得,勤労者世帯,年収五分位3,2003000709,373370,円
可処分所得,勤労者世帯,年収五分位3,2003001012,441892,円
可処分所得,勤労者世帯,年収五分位3,2004000103,337808,円
可処分所得,勤労者世帯,年収五分位3,2004000406,365926,円
可処分所得,勤労者世帯,年収五分位3,2004000709,358101,円
可処分所得,勤労者世帯,年収五分位3,2004001012,452191,円
可処分所得,勤労者世帯,年収五分位3,2005000103,339030,円
可処分所得,勤労者世帯,年収五分位3,2005000406,376354,円
可処分所得,勤労者世帯,年収五分位3,2005000709,349235,円
可処分所得,勤労者世帯,年収五分位3,2005001012,422167,円
可処分所得,勤労者世帯,年収五分位3,2006000103,319878,円
可処分所得,勤労者世帯,年収五分位3,2006000406,355901,円
可処分所得,勤労者世帯,年収五分位3,2006000709,363016,円
可処分所得,勤労者世帯,年収五分位3,2006001012,451247,円
可処分所得,勤労者世帯,年収五分位3,2007000103,342560,円
可処分所得,勤労者世帯,年収五分位3,2007000406,374976,円
可処分所得,勤労者世帯,年収五分位3,2007000709,362532,円
可処分所得,勤労者世帯,年収五分位3,2007001012,427154,円
可処分所得,勤労者世帯,年収五分位3,2008000103,329392,円
可処分所得,勤労者世帯,年収五分位3,2008000406,378588,円
可処分所得,勤労者世帯,年収五分位3,2008000709,366289,円
可処分所得,勤労者世帯,年収五分位3,2008001012,468737,円
可処分所得,勤労者世帯,年収五分位3,2009000103,316422,円
可処分所得,勤労者世帯,年収五分位3,2009000406,351565,円
可処分所得,勤労者世帯,年収五分位3,2009000709,333086,円
可処分所得,勤労者世帯,年収五分位3,2009001012,421858,円
可処分所得,勤労者世帯,年収五分位3,2010000103,314021,円
可処分所得,勤労者世帯,年収五分位3,2010000406,365088,円
可処分所得,勤労者世帯,年収五分位3,2010000709,343853,円
可処分所得,勤労者世帯,年収五分位3,2010001012,433060,円
可処分所得,勤労者世帯,年収五分位3,2011000103,312598,円
可処分所得,勤労者世帯,年収五分位3,2011000406,355756,円
可処分所得,勤労者世帯,年収五分位3,2011000709,337530,円
可処分所得,勤労者世帯,年収五分位3,2011001012,409357,円
可処分所得,勤労者世帯,年収五分位3,2012000103,325255,円
可処分所得,勤労者世帯,年収五分位3,2012000406,366168,円
可処分所得,勤労者世帯,年収五分位3,2012000709,335851,円
可処分所得,勤労者世帯,年収五分位3,2012001012,412244,円
可処分所得,勤労者世帯,年収五分位3,2013000103,308963,円
可処分所得,勤労者世帯,年収五分位3,2013000406,354934,円
可処分所得,勤労者世帯,年収五分位3,2013000709,329773,円
可処分所得,勤労者世帯,年収五分位3,2013001012,409128,円
可処分所得,勤労者世帯,年収五分位3,2014000103,319384,円
可処分所得,勤労者世帯,年収五分位3,2014000406,368522,円
可処分所得,勤労者世帯,年収五分位3,2014000709,339194,円
可処分所得,勤労者世帯,年収五分位3,2014001012,429298,円
可処分所得,勤労者世帯,年収五分位3,2015000103,321694,円
可処分所得,勤労者世帯,年収五分位3,2015000406,351633,円
可処分所得,勤労者世帯,年収五分位3,2015000709,324461,円
可処分所得,勤労者世帯,年収五分位3,2015001012,426601,円
可処分所得,勤労者世帯,年収五分位3,2016000103,316887,円
可処分所得,勤労者世帯,年収五分位3,2016000406,346378,円
可処分所得,勤労者世帯,年収五分位3,2016000709,323699,円
可処分所得,勤労者世帯,年収五分位3,2016001012,404584,円
可処分所得,勤労者世帯,年収五分位3,2017000103,311204,円
可処分所得,勤労者世帯,年収五分位3,2017000406,351305,円
可処分所得,勤労者世帯,年収五分位3,2017000709,334429,円
可処分所得,勤労者世帯,年収五分位3,2017001012,432252,円
可処分所得,勤労者世帯,年収五分位3,2018000103,331941,円
可処分所得,勤労者世帯,年収五分位3,2018000406,374946,円
可処分所得,勤労者世帯,年収五分位3,2018000709,363775,円
可処分所得,勤労者世帯,年収五分位3,2018001012,459325,円
可処分所得,勤労者世帯,年収五分位3,2019000103,347365,円
可処分所得,勤労者世帯,年収五分位3,2019000406,391120,円
可処分所得,勤労者世帯,年収五分位3,2019000709,362758,円
可処分所得,勤労者世帯,年収五分位3,2019001012,457743,円
可処分所得,勤労者世帯,年収五分位3,2020000103,338926,円
可処分所得,勤労者世帯,年収五分位3,2020000406,447375,円
可処分所得,勤労者世帯,年収五分位3,2020000709,364292,円
可処分所得,勤労者世帯,年収五分位3,2020001012,436041,円
可処分所得,勤労者世帯,年収五分位3,2021000103,337326,円
可処分所得,勤労者世帯,年収五分位3,2021000406,411616,円
可処分所得,勤労者世帯,年収五分位3,2021000709,372017,円
可処分所得,勤労者世帯,年収五分位3,2021001012,466839,円
可処分所得,勤労者世帯,年収五分位3,2022000103,340569,円
可処分所得,勤労者世帯,年収五分位3,2022000406,424090,円
可処分所得,勤労者世帯,年収五分位3,2022000709,357074,円
可処分所得,勤労者世帯,年収五分位3,2022001012,473007,円
可処分所得,勤労者世帯,年収五分位3,2023000103,348431,円
可処分所得,勤労者世帯,年収五分位3,2023000406,398168,円
可処分所得,勤労者世帯,年収五分位3,2023000709,355804,円
可処分所得,勤労者世帯,年収五分位3,2023001012,442756,円
可処分所得,勤労者世帯,年収五分位3,2024000103,335695,円
可処分所得,勤労者世帯,年収五分位3,2024000406,419681,円
可処分所得,勤労者世帯,年収五分位3,2024000709,376975,円
可処分所得,勤労者世帯,年収五分位3,2024001012,472095,円
可処分所得,勤労者世帯,年収五分位3,2025000103,334526,円
可処分所得,勤労者世帯,年収五分位3,2025000406,432113,円
可処分所得,勤労者世帯,年収五分位3,2025000709,387124,円
可処分所得,勤労者世帯,年収五分位3,2025001012,518224,円
可処分所得,勤労者世帯,年収五分位3,2026000103,361837,円
可処分所得,勤労者世帯,年収五分位4,2000000103,434980,円
可処分所得,勤労者世帯,年収五分位4,2000000406,502567,円
可処分所得,勤労者世帯,年収五分位4,2000000709,475939,円
可処分所得,勤労者世帯,年収五分位4,2000001012,615270,円
可処分所得,勤労者世帯,年収五分位4,2001000103,420804,円
可処分所得,勤労者世帯,年収五分位4,2001000406,502857,円
可処分所得,勤労者世帯,年収五分位4,2001000709,458106,円
可処分所得,勤労者世帯,年収五分位4,2001001012,604883,円
可処分所得,勤労者世帯,年収五分位4,2002000103,426036,円
可処分所得,勤労者世帯,年収五分位4,2002000406,492713,円
可処分所得,勤労者世帯,年収五分位4,2002000709,449341,円
可処分所得,勤労者世帯,年収五分位4,2002001012,586035,円
可処分所得,勤労者世帯,年収五分位4,2003000103,406105,円
可処分所得,勤労者世帯,年収五分位4,2003000406,474544,円
可処分所得,勤労者世帯,年収五分位4,2003000709,450550,円
可処分所得,勤労者世帯,年収五分位4,2003001012,566394,円
可処分所得,勤労者世帯,年収五分位4,2004000103,420056,円
可処分所得,勤労者世帯,年収五分位4,2004000406,490893,円
可処分所得,勤労者世帯,年収五分位4,2004000709,460300,円
可処分所得,勤労者世帯,年収五分位4,2004001012,566367,円
可処分所得,勤労者世帯,年収五分位4,2005000103,406613,円
可処分所得,勤労者世帯,年収五分位4,2005000406,480101,円
可処分所得,勤労者世帯,年収五分位4,2005000709,425787,円
可処分所得,勤労者世帯,年収五分位4,2005001012,558683,円
可処分所得,勤労者世帯,年収五分位4,2006000103,388620,円
可処分所得,勤労者世帯,年収五分位4,2006000406,451784,円
可処分所得,勤労者世帯,年収五分位4,2006000709,449544,円
可処分所得,勤労者世帯,年収五分位4,2006001012,571615,円
可処分所得,勤労者世帯,年収五分位4,2007000103,394279,円
可処分所得,勤労者世帯,年収五分位4,2007000406,473364,円
可処分所得,勤労者世帯,年収五分位4,2007000709,436720,円
可処分所得,勤労者世帯,年収五分位4,2007001012,574526,円
可処分所得,勤労者世帯,年収五分位4,2008000103,406051,円
可処分所得,勤労者世帯,年収五分位4,2008000406,462526,円
可処分所得,勤労者世帯,年収五分位4,2008000709,423830,円
可処分所得,勤労者世帯,年収五分位4,2008001012,573508,円
可処分所得,勤労者世帯,年収五分位4,2009000103,383388,円
可処分所得,勤労者世帯,年収五分位4,2009000406,443387,円
可処分所得,勤労者世帯,年収五分位4,2009000709,423745,円
可処分所得,勤労者世帯,年収五分位4,2009001012,541064,円
可処分所得,勤労者世帯,年収五分位4,2010000103,387707,円
可処分所得,勤労者世帯,年収五分位4,2010000406,461469,円
可処分所得,勤労者世帯,年収五分位4,2010000709,422269,円
可処分所得,勤労者世帯,年収五分位4,2010001012,541515,円
可処分所得,勤労者世帯,年収五分位4,2011000103,383860,円
可処分所得,勤労者世帯,年収五分位4,2011000406,437315,円
可処分所得,勤労者世帯,年収五分位4,2011000709,406851,円
可処分所得,勤労者世帯,年収五分位4,2011001012,537308,円
可処分所得,勤労者世帯,年収五分位4,2012000103,381152,円
可処分所得,勤労者世帯,年収五分位4,2012000406,444695,円
可処分所得,勤労者世帯,年収五分位4,2012000709,410827,円
可処分所得,勤労者世帯,年収五分位4,2012001012,527899,円
可処分所得,勤労者世帯,年収五分位4,2013000103,387315,円
可処分所得,勤労者世帯,年収五分位4,2013000406,451161,円
可処分所得,勤労者世帯,年収五分位4,2013000709,415854,円
可処分所得,勤労者世帯,年収五分位4,2013001012,533529,円
可処分所得,勤労者世帯,年収五分位4,2014000103,385732,円
可処分所得,勤労者世帯,年収五分位4,2014000406,452218,円
可処分所得,勤労者世帯,年収五分位4,2014000709,402394,円
可処分所得,勤労者世帯,年収五分位4,2014001012,551463,円
可処分所得,勤労者世帯,年収五分位4,2015000103,400179,円
可処分所得,勤労者世帯,年収五分位4,2015000406,451363,円
可処分所得,勤労者世帯,年収五分位4,2015000709,419519,円
可処分所得,勤労者世帯,年収五分位4,2015001012,520630,円
可処分所得,勤労者世帯,年収五分位4,2016000103,383862,円
可処分所得,勤労者世帯,年収五分位4,2016000406,430592,円
可処分所得,勤労者世帯,年収五分位4,2016000709,401681,円
可処分所得,勤労者世帯,年収五分位4,2016001012,533732,円
可処分所得,勤労者世帯,年収五分位4,2017000103,376075,円
可処分所得,勤労者世帯,年収五分位4,2017000406,455337,円
可処分所得,勤労者世帯,年収五分位4,2017000709,421234,円
可処分所得,勤労者世帯,年収五分位4,2017001012,545726,円
可処分所得,勤労者世帯,年収五分位4,2018000103,395418,円
可処分所得,勤労者世帯,年収五分位4,2018000406,463703,円
可処分所得,勤労者世帯,年収五分位4,2018000709,426248,円
可処分所得,勤労者世帯,年収五分位4,2018001012,566229,円
可処分所得,勤労者世帯,年収五分位4,2019000103,405994,円
可処分所得,勤労者世帯,年収五分位4,2019000406,508663,円
可処分所得,勤労者世帯,年収五分位4,2019000709,428901,円
可処分所得,勤労者世帯,年収五分位4,2019001012,585496,円
可処分所得,勤労者世帯,年収五分位4,2020000103,415544,円
可処分所得,勤労者世帯,年収五分位4,2020000406,561434,円
可処分所得,勤労者世帯,年収五分位4,2020000709,475073,円
可処分所得,勤労者世帯,年収五分位4,2020001012,572737,円
可処分所得,勤労者世帯,年収五分位4,2021000103,395670,円
可処分所得,勤労者世帯,年収五分位4,2021000406,515112,円
可処分所得,勤労者世帯,年収五分位4,2021000709,456308,円
可処分所得,勤労者世帯,年収五分位4,2021001012,587617,円
可処分所得,勤労者世帯,年収五分位4,2022000103,418039,円
可処分所得,勤労者世帯,年収五分位4,2022000406,507612,円
可処分所得,勤労者世帯,年収五分位4,2022000709,467037,円
可処分所得,勤労者世帯,年収五分位4,2022001012,636231,円
可処分所得,勤労者世帯,年収五分位4,2023000103,420081,円
可処分所得,勤労者世帯,年収五分位4,2023000406,508285,円
可処分所得,勤労者世帯,年収五分位4,2023000709,452300,円
可処分所得,勤労者世帯,年収五分位4,2023001012,582550,円
可処分所得,勤労者世帯,年収五分位4,2024000103,424842,円
可処分所得,勤労者世帯,年収五分位4,2024000406,547064,円
可処分所得,勤労者世帯,年収五分位4,2024000709,480469,円
可処分所得,勤労者世帯,年収五分位4,2024001012,619093,円
可処分所得,勤労者世帯,年収五分位4,2025000103,426069,円
可処分所得,勤労者世帯,年収五分位4,2025000406,550614,円
可処分所得,勤労者世帯,年収五分位4,2025000709,469562,円
可処分所得,勤労者世帯,年収五分位4,2025001012,613511,円
可処分所得,勤労者世帯,年収五分位4,2026000103,448296,円
可処分所得,勤労者世帯,年収五分位5,2000000103,568815,円
可処分所得,勤労者世帯,年収五分位5,2000000406,735528,円
可処分所得,勤労者世帯,年収五分位5,2000000709,628412,円
可処分所得,勤労者世帯,年収五分位5,2000001012,862621,円
可処分所得,勤労者世帯,年収五分位5,2001000103,562248,円
可処分所得,勤労者世帯,年収五分位5,2001000406,710117,円
可処分所得,勤労者世帯,年収五分位5,2001000709,618051,円
可処分所得,勤労者世帯,年収五分位5,2001001012,843170,円
可処分所得,勤労者世帯,年収五分位5,2002000103,579301,円
可処分所得,勤労者世帯,年収五分位5,2002000406,695515,円
可処分所得,勤労者世帯,年収五分位5,2002000709,592234,円
可処分所得,勤労者世帯,年収五分位5,2002001012,810516,円
可処分所得,勤労者世帯,年収五分位5,2003000103,539548,円
可処分所得,勤労者世帯,年収五分位5,2003000406,665941,円
可処分所得,勤労者世帯,年収五分位5,2003000709,588021,円
可処分所得,勤労者世帯,年収五分位5,2003001012,795246,円
可処分所得,勤労者世帯,年収五分位5,2004000103,560439,円
可処分所得,勤労者世帯,年収五分位5,2004000406,687383,円
可処分所得,勤労者世帯,年収五分位5,2004000709,602839,円
可処分所得,勤労者世帯,年収五分位5,2004001012,788679,円
可処分所得,勤労者世帯,年収五分位5,2005000103,552459,円
可処分所得,勤労者世帯,年収五分位5,2005000406,695716,円
可処分所得,勤労者世帯,年収五分位5,2005000709,602873,円
可処分所得,勤労者世帯,年収五分位5,2005001012,783401,円
可処分所得,勤労者世帯,年収五分位5,2006000103,543331,円
可処分所得,勤労者世帯,年収五分位5,2006000406,669802,円
可処分所得,勤労者世帯,年収五分位5,2006000709,621283,円
可処分所得,勤労者世帯,年収五分位5,2006001012,837117,円
可処分所得,勤労者世帯,年収五分位5,2007000103,556175,円
可処分所得,勤労者世帯,年収五分位5,2007000406,679891,円
可処分所得,勤労者世帯,年収五分位5,2007000709,595511,円
可処分所得,勤労者世帯,年収五分位5,2007001012,794609,円
可処分所得,勤労者世帯,年収五分位5,2008000103,548414,円
可処分所得,勤労者世帯,年収五分位5,2008000406,668905,円
可処分所得,勤労者世帯,年収五分位5,2008000709,612995,円
可処分所得,勤労者世帯,年収五分位5,2008001012,809038,円
可処分所得,勤労者世帯,年収五分位5,2009000103,538827,円
可処分所得,勤労者世帯,年収五分位5,2009000406,650245,円
可処分所得,勤労者世帯,年収五分位5,2009000709,579600,円
可処分所得,勤労者世帯,年収五分位5,2009001012,756465,円
可処分所得,勤労者世帯,年収五分位5,2010000103,532264,円
可処分所得,勤労者世帯,年収五分位5,2010000406,656069,円
可処分所得,勤労者世帯,年収五分位5,2010000709,565470,円
可処分所得,勤労者世帯,年収五分位5,2010001012,776525,円
可処分所得,勤労者世帯,年収五分位5,2011000103,515599,円
可処分所得,勤労者世帯,年収五分位5,2011000406,618732,円
可処分所得,勤労者世帯,年収五分位5,2011000709,583073,円
可処分所得,勤労者世帯,年収五分位5,2011001012,755132,円
可処分所得,勤労者世帯,年収五分位5,2012000103,521786,円
可処分所得,勤労者世帯,年収五分位5,2012000406,615974,円
可処分所得,勤労者世帯,年収五分位5,2012000709,563540,円
可処分所得,勤労者世帯,年収五分位5,2012001012,768011,円
可処分所得,勤労者世帯,年収五分位5,2013000103,527437,円
可処分所得,勤労者世帯,年収五分位5,2013000406,638838,円
可処分所得,勤労者世帯,年収五分位5,2013000709,566389,円
可処分所得,勤労者世帯,年収五分位5,2013001012,749974,円
可処分所得,勤労者世帯,年収五分位5,2014000103,521287,円
可処分所得,勤労者世帯,年収五分位5,2014000406,626970,円
可処分所得,勤労者世帯,年収五分位5,2014000709,563306,円
可処分所得,勤労者世帯,年収五分位5,2014001012,775198,円
可処分所得,勤労者世帯,年収五分位5,2015000103,537243,円
可処分所得,勤労者世帯,年収五分位5,2015000406,642684,円
可処分所得,勤労者世帯,年収五分位5,2015000709,574984,円
可処分所得,勤労者世帯,年収五分位5,2015001012,739152,円
可処分所得,勤労者世帯,年収五分位5,2016000103,531780,円
可処分所得,勤労者世帯,年収五分位5,2016000406,656218,円
可処分所得,勤労者世帯,年収五分位5,2016000709,576689,円
可処分所得,勤労者世帯,年収五分位5,2016001012,748516,円
可処分所得,勤労者世帯,年収五分位5,2017000103,529585,円
可処分所得,勤労者世帯,年収五分位5,2017000406,611382,円
可処分所得,勤労者世帯,年収五分位5,2017000709,596093,円
可処分所得,勤労者世帯,年収五分位5,2017001012,770040,円
可処分所得,勤労者世帯,年収五分位5,2018000103,538147,円
可処分所得,勤労者世帯,年収五分位5,2018000406,676556,円
可処分所得,勤労者世帯,年収五分位5,2018000709,606892,円
可処分所得,勤労者世帯,年収五分位5,2018001012,820484,円
可処分所得,勤労者世帯,年収五分位5,2019000103,566748,円
可処分所得,勤労者世帯,年収五分位5,2019000406,733802,円
可処分所得,勤労者世帯,年収五分位5,2019000709,615434,円
可処分所得,勤労者世帯,年収五分位5,2019001012,838279,円
可処分所得,勤労者世帯,年収五分位5,2020000103,570875,円
可処分所得,勤労者世帯,年収五分位5,2020000406,795297,円
可処分所得,勤労者世帯,年収五分位5,2020000709,645689,円
可処分所得,勤労者世帯,年収五分位5,2020001012,864862,円
可処分所得,勤労者世帯,年収五分位5,2021000103,589478,円
可処分所得,勤労者世帯,年収五分位5,2021000406,763242,円
可処分所得,勤労者世帯,年収五分位5,2021000709,652674,円
可処分所得,勤労者世帯,年収五分位5,2021001012,868309,円
可処分所得,勤労者世帯,年収五分位5,2022000103,589228,円
可処分所得,勤労者世帯,年収五分位5,2022000406,749434,円
可処分所得,勤労者世帯,年収五分位5,2022000709,662519,円
可処分所得,勤労者世帯,年収五分位5,2022001012,915699,円
可処分所得,勤労者世帯,年収五分位5,2023000103,598727,円
可処分所得,勤労者世帯,年収五分位5,2023000406,753450,円
可処分所得,勤労者世帯,年収五分位5,2023000709,640728,円
可処分所得,勤労者世帯,年収五分位5,2023001012,886368,円
可処分所得,勤労者世帯,年収五分位5,2024000103,607253,円
可処分所得,勤労者世帯,年収五分位5,2024000406,812341,円
可処分所得,勤労者世帯,年収五分位5,2024000709,670606,円
可処分所得,勤労者世帯,年収五分位5,2024001012,926822,円
可処分所得,勤労者世帯,年収五分位5,2025000103,615530,円
可処分所得,勤労者世帯,年収五分位5,2025000406,803673,円
可処分所得,勤労者世帯,年収五分位5,2025000709,704788,円
可処分所得,勤労者世帯,年収五分位5,2025001012,930397,円
可処分所得,勤労者世帯,年収五分位5,2026000103,643336,円
黒字,勤労者世帯,年収五分位1,2000000103,14952,円
黒字,勤労者世帯,年収五分位1,2000000406,52410,円
黒字,勤労者世帯,年収五分位1,2000000709,33770,円
黒字,勤労者世帯,年収五分位1,2000001012,71963,円
黒字,勤労者世帯,年収五分位1,2001000103,23737,円
黒字,勤労者世帯,年収五分位1,2001000406,64860,円
黒字,勤労者世帯,年収五分位1,2001000709,35713,円
黒字,勤労者世帯,年収五分位1,2001001012,61178,円
黒字,勤労者世帯,年収五分位1,2002000103,23845,円
黒字,勤労者世帯,年収五分位1,2002000406,40155,円
黒字,勤労者世帯,年収五分位1,2002000709,35805,円
黒字,勤労者世帯,年収五分位1,2002001012,58509,円
黒字,勤労者世帯,年収五分位1,2003000103,13844,円
黒字,勤労者世帯,年収五分位1,2003000406,48546,円
黒字,勤労者世帯,年収五分位1,2003000709,37315,円
黒字,勤労者世帯,年収五分位1,2003001012,60296,円
黒字,勤労者世帯,年収五分位1,2004000103,19673,円
黒字,勤労者世帯,年収五分位1,2004000406,42209,円
黒字,勤労者世帯,年収五分位1,2004000709,23309,円
黒字,勤労者世帯,年収五分位1,2004001012,61112,円
黒字,勤労者世帯,年収五分位1,2005000103,25724,円
黒字,勤労者世帯,年収五分位1,2005000406,38783,円
黒字,勤労者世帯,年収五分位1,2005000709,27163,円
黒字,勤労者世帯,年収五分位1,2005001012,54723,円
黒字,勤労者世帯,年収五分位1,2006000103,19330,円
黒字,勤労者世帯,年収五分位1,2006000406,40912,円
黒字,勤労者世帯,年収五分位1,2006000709,37420,円
黒字,勤労者世帯,年収五分位1,2006001012,63059,円
黒字,勤労者世帯,年収五分位1,2007000103,24017,円
黒字,勤労者世帯,年収五分位1,2007000406,45721,円
黒字,勤労者世帯,年収五分位1,2007000709,28478,円
黒字,勤労者世帯,年収五分位1,2007001012,58892,円
黒字,勤労者世帯,年収五分位1,2008000103,8897,円
黒字,勤労者世帯,年収五分位1,2008000406,41347,円
黒字,勤労者世帯,年収五分位1,2008000709,39128,円
黒字,勤労者世帯,年収五分位1,2008001012,58504,円
黒字,勤労者世帯,年収五分位1,2009000103,21833,円
黒字,勤労者世帯,年収五分位1,2009000406,48568,円
黒字,勤労者世帯,年収五分位1,2009000709,41927,円
黒字,勤労者世帯,年収五分位1,2009001012,69348,円
黒字,勤労者世帯,年収五分位1,2010000103,28258,円
黒字,勤労者世帯,年収五分位1,2010000406,45634,円
黒字,勤労者世帯,年収五分位1,2010000709,33617,円
黒字,勤労者世帯,年収五分位1,2010001012,72168,円
黒字,勤労者世帯,年収五分位1,2011000103,23664,円
黒字,勤労者世帯,年収五分位1,2011000406,51478,円
黒字,勤労者世帯,年収五分位1,2011000709,28916,円
黒字,勤労者世帯,年収五分位1,2011001012,56149,円
黒字,勤労者世帯,年収五分位1,2012000103,22372,円
黒字,勤労者世帯,年収五分位1,2012000406,48209,円
黒字,勤労者世帯,年収五分位1,2012000709,28624,円
黒字,勤労者世帯,年収五分位1,2012001012,76170,円
黒字,勤労者世帯,年収五分位1,2013000103,30672,円
黒字,勤労者世帯,年収五分位1,2013000406,50654,円
黒字,勤労者世帯,年収五分位1,2013000709,31756,円
黒字,勤労者世帯,年収五分位1,2013001012,70260,円
黒字,勤労者世帯,年収五分位1,2014000103,27715,円
黒字,勤労者世帯,年収五分位1,2014000406,45648,円
黒字,勤労者世帯,年収五分位1,2014000709,25220,円
黒字,勤労者世帯,年収五分位1,2014001012,55914,円
黒字,勤労者世帯,年収五分位1,2015000103,10814,円
黒字,勤労者世帯,年収五分位1,2015000406,42674,円
黒字,勤労者世帯,年収五分位1,2015000709,38438,円
黒字,勤労者世帯,年収五分位1,2015001012,76315,円
黒字,勤労者世帯,年収五分位1,2016000103,28522,円
黒字,勤労者世帯,年収五分位1,2016000406,38232,円
黒字,勤労者世帯,年収五分位1,2016000709,35818,円
黒字,勤労者世帯,年収五分位1,2016001012,63390,円
黒字,勤労者世帯,年収五分位1,2017000103,27316,円
黒字,勤労者世帯,年収五分位1,2017000406,47185,円
黒字,勤労者世帯,年収五分位1,2017000709,45473,円
黒字,勤労者世帯,年収五分位1,2017001012,59386,円
黒字,勤労者世帯,年収五分位1,2018000103,26253,円
黒字,勤労者世帯,年収五分位1,2018000406,53443,円
黒字,勤労者世帯,年収五分位1,2018000709,26218,円
黒字,勤労者世帯,年収五分位1,2018001012,78325,円
黒字,勤労者世帯,年収五分位1,2019000103,28303,円
黒字,勤労者世帯,年収五分位1,2019000406,62616,円
黒字,勤労者世帯,年収五分位1,2019000709,36445,円
黒字,勤労者世帯,年収五分位1,2019001012,81091,円
黒字,勤労者世帯,年収五分位1,2020000103,39048,円
黒字,勤労者世帯,年収五分位1,2020000406,76252,円
黒字,勤労者世帯,年収五分位1,2020000709,57565,円
黒字,勤労者世帯,年収五分位1,2020001012,92461,円
黒字,勤労者世帯,年収五分位1,2021000103,29203,円
黒字,勤労者世帯,年収五分位1,2021000406,61363,円
黒字,勤労者世帯,年収五分位1,2021000709,52469,円
黒字,勤労者世帯,年収五分位1,2021001012,83584,円
黒字,勤労者世帯,年収五分位1,2022000103,33967,円
黒字,勤労者世帯,年収五分位1,2022000406,73619,円
黒字,勤労者世帯,年収五分位1,2022000709,64854,円
黒字,勤労者世帯,年収五分位1,2022001012,97062,円
黒字,勤労者世帯,年収五分位1,2023000103,36805,円
黒字,勤労者世帯,年収五分位1,2023000406,79286,円
黒字,勤労者世帯,年収五分位1,2023000709,51040,円
黒字,勤労者世帯,年収五分位1,2023001012,95914,円
黒字,勤労者世帯,年収五分位1,2024000103,33035,円
黒字,勤労者世帯,年収五分位1,2024000406,92975,円
黒字,勤労者世帯,年収五分位1,2024000709,47108,円
黒字,勤労者世帯,年収五分位1,2024001012,118676,円
黒字,勤労者世帯,年収五分位1,2025000103,44514,円
黒字,勤労者世帯,年収五分位1,2025000406,80805,円
黒字,勤労者世帯,年収五分位1,2025000709,46515,円
黒字,勤労者世帯,年収五分位1,2025001012,117145,円
黒字,勤労者世帯,年収五分位1,2026000103,44246,円
黒字,勤労者世帯,年収五分位2,2000000103,45814,円
黒字,勤労者世帯,年収五分位2,2000000406,62161,円
黒字,勤労者世帯,年収五分位2,2000000709,62361,円
黒字,勤労者世帯,年収五分位2,2000001012,135675,円
黒字,勤労者世帯,年収五分位2,2001000103,44807,円
黒字,勤労者世帯,年収五分位2,2001000406,84728,円
黒字,勤労者世帯,年収五分位2,2001000709,61064,円
黒字,勤労者世帯,年収五分位2,2001001012,124821,円
黒字,勤労者世帯,年収五分位2,2002000103,40063,円
黒字,勤労者世帯,年収五分位2,2002000406,75209,円
黒字,勤労者世帯,年収五分位2,2002000709,60312,円
黒字,勤労者世帯,年収五分位2,2002001012,118298,円
黒字,勤労者世帯,年収五分位2,2003000103,38096,円
黒字,勤労者世帯,年収五分位2,2003000406,76966,円
黒字,勤労者世帯,年収五分位2,2003000709,68109,円
黒字,勤労者世帯,年収五分位2,2003001012,120406,円
黒字,勤労者世帯,年収五分位2,2004000103,40895,円
黒字,勤労者世帯,年収五分位2,2004000406,58791,円
黒字,勤労者世帯,年収五分位2,2004000709,66871,円
黒字,勤労者世帯,年収五分位2,2004001012,107159,円
黒字,勤労者世帯,年収五分位2,2005000103,45223,円
黒字,勤労者世帯,年収五分位2,2005000406,67684,円
黒字,勤労者世帯,年収五分位2,2005000709,52071,円
黒字,勤労者世帯,年収五分位2,2005001012,100536,円
黒字,勤労者世帯,年収五分位2,2006000103,49981,円
黒字,勤労者世帯,年収五分位2,2006000406,70036,円
黒字,勤労者世帯,年収五分位2,2006000709,72082,円
黒字,勤労者世帯,年収五分位2,2006001012,114707,円
黒字,勤労者世帯,年収五分位2,2007000103,51789,円
黒字,勤労者世帯,年収五分位2,2007000406,83095,円
黒字,勤労者世帯,年収五分位2,2007000709,62792,円
黒字,勤労者世帯,年収五分位2,2007001012,101789,円
黒字,勤労者世帯,年収五分位2,2008000103,40515,円
黒字,勤労者世帯,年収五分位2,2008000406,73688,円
黒字,勤労者世帯,年収五分位2,2008000709,55599,円
黒字,勤労者世帯,年収五分位2,2008001012,106635,円
黒字,勤労者世帯,年収五分位2,2009000103,29101,円
黒字,勤労者世帯,年収五分位2,2009000406,68741,円
黒字,勤労者世帯,年収五分位2,2009000709,54741,円
黒字,勤労者世帯,年収五分位2,2009001012,81712,円
黒字,勤労者世帯,年収五分位2,2010000103,42806,円
黒字,勤労者世帯,年収五分位2,2010000406,86186,円
黒字,勤労者世帯,年収五分位2,2010000709,59349,円
黒字,勤労者世帯,年収五分位2,2010001012,114569,円
黒字,勤労者世帯,年収五分位2,2011000103,43118,円
黒字,勤労者世帯,年収五分位2,2011000406,72171,円
黒字,勤労者世帯,年収五分位2,2011000709,63965,円
黒字,勤労者世帯,年収五分位2,2011001012,93693,円
黒字,勤労者世帯,年収五分位2,2012000103,43816,円
黒字,勤労者世帯,年収五分位2,2012000406,95006,円
黒字,勤労者世帯,年収五分位2,2012000709,51640,円
黒字,勤労者世帯,年収五分位2,2012001012,102623,円
黒字,勤労者世帯,年収五分位2,2013000103,26666,円
黒字,勤労者世帯,年収五分位2,2013000406,57671,円
黒字,勤労者世帯,年収五分位2,2013000709,50384,円
黒字,勤労者世帯,年収五分位2,2013001012,103085,円
黒字,勤労者世帯,年収五分位2,2014000103,21154,円
黒字,勤労者世帯,年収五分位2,2014000406,73900,円
黒字,勤労者世帯,年収五分位2,2014000709,57627,円
黒字,勤労者世帯,年収五分位2,2014001012,109229,円
黒字,勤労者世帯,年収五分位2,2015000103,35052,円
黒字,勤労者世帯,年収五分位2,2015000406,83830,円
黒字,勤労者世帯,年収五分位2,2015000709,43900,円
黒字,勤労者世帯,年収五分位2,2015001012,104858,円
黒字,勤労者世帯,年収五分位2,2016000103,46674,円
黒字,勤労者世帯,年収五分位2,2016000406,77204,円
黒字,勤労者世帯,年収五分位2,2016000709,66035,円
黒字,勤労者世帯,年収五分位2,2016001012,115680,円
黒字,勤労者世帯,年収五分位2,2017000103,40005,円
黒字,勤労者世帯,年収五分位2,2017000406,82523,円
黒字,勤労者世帯,年収五分位2,2017000709,51488,円
黒字,勤労者世帯,年収五分位2,2017001012,139822,円
黒字,勤労者世帯,年収五分位2,2018000103,32540,円
黒字,勤労者世帯,年収五分位2,2018000406,94032,円
黒字,勤労者世帯,年収五分位2,2018000709,76479,円
黒字,勤労者世帯,年収五分位2,2018001012,120412,円
黒字,勤労者世帯,年収五分位2,2019000103,53328,円
黒字,勤労者世帯,年収五分位2,2019000406,114237,円
黒字,勤労者世帯,年収五分位2,2019000709,59212,円
黒字,勤労者世帯,年収五分位2,2019001012,149295,円
黒字,勤労者世帯,年収五分位2,2020000103,61853,円
黒字,勤労者世帯,年収五分位2,2020000406,181085,円
黒字,勤労者世帯,年収五分位2,2020000709,89127,円
黒字,勤労者世帯,年収五分位2,2020001012,151559,円
黒字,勤労者世帯,年収五分位2,2021000103,75301,円
黒字,勤労者世帯,年収五分位2,2021000406,119172,円
黒字,勤労者世帯,年収五分位2,2021000709,106083,円
黒字,勤労者世帯,年収五分位2,2021001012,153857,円
黒字,勤労者世帯,年収五分位2,2022000103,63179,円
黒字,勤労者世帯,年収五分位2,2022000406,118851,円
黒字,勤労者世帯,年収五分位2,2022000709,103768,円
黒字,勤労者世帯,年収五分位2,2022001012,163939,円
黒字,勤労者世帯,年収五分位2,2023000103,54702,円
黒字,勤労者世帯,年収五分位2,2023000406,119908,円
黒字,勤労者世帯,年収五分位2,2023000709,83679,円
黒字,勤労者世帯,年収五分位2,2023001012,162898,円
黒字,勤労者世帯,年収五分位2,2024000103,61566,円
黒字,勤労者世帯,年収五分位2,2024000406,152435,円
黒字,勤労者世帯,年収五分位2,2024000709,104686,円
黒字,勤労者世帯,年収五分位2,2024001012,170258,円
黒字,勤労者世帯,年収五分位2,2025000103,70645,円
黒字,勤労者世帯,年収五分位2,2025000406,118312,円
黒字,勤労者世帯,年収五分位2,2025000709,91281,円
黒字,勤労者世帯,年収五分位2,2025001012,177126,円
黒字,勤労者世帯,年収五分位2,2026000103,72385,円
黒字,勤労者世帯,年収五分位3,2000000103,58000,円
黒字,勤労者世帯,年収五分位3,2000000406,105522,円
黒字,勤労者世帯,年収五分位3,2000000709,99027,円
黒字,勤労者世帯,年収五分位3,2000001012,175217,円
黒字,勤労者世帯,年収五分位3,2001000103,50984,円
黒字,勤労者世帯,年収五分位3,2001000406,112249,円
黒字,勤労者世帯,年収五分位3,2001000709,97713,円
黒字,勤労者世帯,年収五分位3,2001001012,175053,円
黒字,勤労者世帯,年収五分位3,2002000103,54230,円
黒字,勤労者世帯,年収五分位3,2002000406,111188,円
黒字,勤労者世帯,年収五分位3,2002000709,80435,円
黒字,勤労者世帯,年収五分位3,2002001012,163547,円
黒字,勤労者世帯,年収五分位3,2003000103,52615,円
黒字,勤労者世帯,年収五分位3,2003000406,112699,円
黒字,勤労者世帯,年収五分位3,2003000709,85187,円
黒字,勤労者世帯,年収五分位3,2003001012,167104,円
黒字,勤労者世帯,年収五分位3,2004000103,60802,円
黒字,勤労者世帯,年収五分位3,2004000406,94349,円
黒字,勤労者世帯,年収五分位3,2004000709,81394,円
黒字,勤労者世帯,年収五分位3,2004001012,168018,円
黒字,勤労者世帯,年収五分位3,2005000103,40569,円
黒字,勤労者世帯,年収五分位3,2005000406,97623,円
黒字,勤労者世帯,年収五分位3,2005000709,68884,円
黒字,勤労者世帯,年収五分位3,2005001012,124436,円
黒字,勤労者世帯,年収五分位3,2006000103,53062,円
黒字,勤労者世帯,年収五分位3,2006000406,89229,円
黒字,勤労者世帯,年収五分位3,2006000709,100312,円
黒字,勤労者世帯,年収五分位3,2006001012,167393,円
黒字,勤労者世帯,年収五分位3,2007000103,72936,円
黒字,勤労者世帯,年収五分位3,2007000406,109175,円
黒字,勤労者世帯,年収五分位3,2007000709,97921,円
黒字,勤労者世帯,年収五分位3,2007001012,143199,円
黒字,勤労者世帯,年収五分位3,2008000103,58330,円
黒字,勤労者世帯,年収五分位3,2008000406,104237,円
黒字,勤労者世帯,年収五分位3,2008000709,92057,円
黒字,勤労者世帯,年収五分位3,2008001012,157834,円
黒字,勤労者世帯,年収五分位3,2009000103,43618,円
黒字,勤労者世帯,年収五分位3,2009000406,87602,円
黒字,勤労者世帯,年収五分位3,2009000709,68307,円
黒字,勤労者世帯,年収五分位3,2009001012,144184,円
黒字,勤労者世帯,年収五分位3,2010000103,44201,円
黒字,勤労者世帯,年収五分位3,2010000406,98233,円
黒字,勤労者世帯,年収五分位3,2010000709,72821,円
黒字,勤労者世帯,年収五分位3,2010001012,145281,円
黒字,勤労者世帯,年収五分位3,2011000103,52293,円
黒字,勤労者世帯,年収五分位3,2011000406,103856,円
黒字,勤労者世帯,年収五分位3,2011000709,77607,円
黒字,勤労者世帯,年収五分位3,2011001012,134993,円
黒字,勤労者世帯,年収五分位3,2012000103,68436,円
黒字,勤労者世帯,年収五分位3,2012000406,111178,円
黒字,勤労者世帯,年収五分位3,2012000709,73685,円
黒字,勤労者世帯,年収五分位3,2012001012,146499,円
黒字,勤労者世帯,年収五分位3,2013000103,41090,円
黒字,勤労者世帯,年収五分位3,2013000406,99169,円
黒字,勤労者世帯,年収五分位3,2013000709,73813,円
黒字,勤労者世帯,年収五分位3,2013001012,144148,円
黒字,勤労者世帯,年収五分位3,2014000103,49066,円
黒字,勤労者世帯,年収五分位3,2014000406,119676,円
黒字,勤労者世帯,年収五分位3,2014000709,75693,円
黒字,勤労者世帯,年収五分位3,2014001012,144803,円
黒字,勤労者世帯,年収五分位3,2015000103,59532,円
黒字,勤労者世帯,年収五分位3,2015000406,88243,円
黒字,勤労者世帯,年収五分位3,2015000709,76813,円
黒字,勤労者世帯,年収五分位3,2015001012,160159,円
黒字,勤労者世帯,年収五分位3,2016000103,53729,円
黒字,勤労者世帯,年収五分位3,2016000406,90565,円
黒字,勤労者世帯,年収五分位3,2016000709,70958,円
黒字,勤労者世帯,年収五分位3,2016001012,139160,円
黒字,勤労者世帯,年収五分位3,2017000103,62869,円
黒字,勤労者世帯,年収五分位3,2017000406,107750,円
黒字,勤労者世帯,年収五分位3,2017000709,83295,円
黒字,勤労者世帯,年収五分位3,2017001012,171101,円
黒字,勤労者世帯,年収五分位3,2018000103,73845,円
黒字,勤労者世帯,年収五分位3,2018000406,116326,円
黒字,勤労者世帯,年収五分位3,2018000709,101596,円
黒字,勤労者世帯,年収五分位3,2018001012,190768,円
黒字,勤労者世帯,年収五分位3,2019000103,77466,円
黒字,勤労者世帯,年収五分位3,2019000406,122781,円
黒字,勤労者世帯,年収五分位3,2019000709,95065,円
黒字,勤労者世帯,年収五分位3,2019001012,192173,円
黒字,勤労者世帯,年収五分位3,2020000103,84876,円
黒字,勤労者世帯,年収五分位3,2020000406,206262,円
黒字,勤労者世帯,年収五分位3,2020000709,115337,円
黒字,勤労者世帯,年収五分位3,2020001012,180157,円
黒字,勤労者世帯,年収五分位3,2021000103,97746,円
黒字,勤労者世帯,年収五分位3,2021000406,162961,円
黒字,勤労者世帯,年収五分位3,2021000709,128794,円
黒字,勤労者世帯,年収五分位3,2021001012,209412,円
黒字,勤労者世帯,年収五分位3,2022000103,103850,円
黒字,勤労者世帯,年収五分位3,2022000406,171270,円
黒字,勤労者世帯,年収五分位3,2022000709,116229,円
黒字,勤労者世帯,年収五分位3,2022001012,207998,円
黒字,勤労者世帯,年収五分位3,2023000103,92941,円
黒字,勤労者世帯,年収五分位3,2023000406,144817,円
黒字,勤労者世帯,年収五分位3,2023000709,108537,円
黒字,勤労者世帯,年収五分位3,2023001012,186508,円
黒字,勤労者世帯,年収五分位3,2024000103,79310,円
黒字,勤労者世帯,年収五分位3,2024000406,163829,円
黒字,勤労者世帯,年収五分位3,2024000709,126804,円
黒字,勤労者世帯,年収五分位3,2024001012,206196,円
黒字,勤労者世帯,年収五分位3,2025000103,66374,円
黒字,勤労者世帯,年収五分位3,2025000406,166647,円
黒字,勤労者世帯,年収五分位3,2025000709,113220,円
黒字,勤労者世帯,年収五分位3,2025001012,244760,円
黒字,勤労者世帯,年収五分位3,2026000103,104838,円
黒字,勤労者世帯,年収五分位4,2000000103,82748,円
黒字,勤労者世帯,年収五分位4,2000000406,157250,円
黒字,勤労者世帯,年収五分位4,2000000709,134404,円
黒字,勤労者世帯,年収五分位4,2000001012,258808,円
黒字,勤労者世帯,年収五分位4,2001000103,62458,円
黒字,勤労者世帯,年収五分位4,2001000406,178405,円
黒字,勤労者世帯,年収五分位4,2001000709,117409,円
黒字,勤労者世帯,年収五分位4,2001001012,242381,円
黒字,勤労者世帯,年収五分位4,2002000103,87514,円
黒字,勤労者世帯,年収五分位4,2002000406,162903,円
黒字,勤労者世帯,年収五分位4,2002000709,112296,円
黒字,勤労者世帯,年収五分位4,2002001012,224870,円
黒字,勤労者世帯,年収五分位4,2003000103,66259,円
黒字,勤労者世帯,年収五分位4,2003000406,135565,円
黒字,勤労者世帯,年収五分位4,2003000709,110111,円
黒字,勤労者世帯,年収五分位4,2003001012,215097,円
黒字,勤労者世帯,年収五分位4,2004000103,67714,円
黒字,勤労者世帯,年収五分位4,2004000406,149450,円
黒字,勤労者世帯,年収五分位4,2004000709,116211,円
黒字,勤労者世帯,年収五分位4,2004001012,205555,円
黒字,勤労者世帯,年収五分位4,2005000103,50564,円
黒字,勤労者世帯,年収五分位4,2005000406,136507,円
黒字,勤労者世帯,年収五分位4,2005000709,98442,円
黒字,勤労者世帯,年収五分位4,2005001012,212413,円
黒字,勤労者世帯,年収五分位4,2006000103,60319,円
黒字,勤労者世帯,年収五分位4,2006000406,131392,円
黒字,勤労者世帯,年収五分位4,2006000709,130422,円
黒字,勤労者世帯,年収五分位4,2006001012,235780,円
黒字,勤労者世帯,年収五分位4,2007000103,63057,円
黒字,勤労者世帯,年収五分位4,2007000406,150083,円
黒字,勤労者世帯,年収五分位4,2007000709,116374,円
黒字,勤労者世帯,年収五分位4,2007001012,230643,円
黒字,勤労者世帯,年収五分位4,2008000103,64922,円
黒字,勤労者世帯,年収五分位4,2008000406,136521,円
黒字,勤労者世帯,年収五分位4,2008000709,102029,円
黒字,勤労者世帯,年収五分位4,2008001012,229290,円
黒字,勤労者世帯,年収五分位4,2009000103,55921,円
黒字,勤労者世帯,年収五分位4,2009000406,113521,円
黒字,勤労者世帯,年収五分位4,2009000709,100331,円
黒字,勤労者世帯,年収五分位4,2009001012,213079,円
黒字,勤労者世帯,年収五分位4,2010000103,62705,円
黒字,勤労者世帯,年収五分位4,2010000406,151047,円
黒字,勤労者世帯,年収五分位4,2010000709,93180,円
黒字,勤労者世帯,年収五分位4,2010001012,204616,円
黒字,勤労者世帯,年収五分位4,2011000103,69687,円
黒字,勤労者世帯,年収五分位4,2011000406,126658,円
黒字,勤労者世帯,年収五分位4,2011000709,99405,円
黒字,勤労者世帯,年収五分位4,2011001012,211348,円
黒字,勤労者世帯,年収五分位4,2012000103,67603,円
黒字,勤労者世帯,年収五分位4,2012000406,126378,円
黒字,勤労者世帯,年収五分位4,2012000709,102642,円
黒字,勤労者世帯,年収五分位4,2012001012,207052,円
黒字,勤労者世帯,年収五分位4,2013000103,55657,円
黒字,勤労者世帯,年収五分位4,2013000406,137418,円
黒字,勤労者世帯,年収五分位4,2013000709,98951,円
黒字,勤労者世帯,年収五分位4,2013001012,212577,円
黒字,勤労者世帯,年収五分位4,2014000103,51195,円
黒字,勤労者世帯,年収五分位4,2014000406,138388,円
黒字,勤労者世帯,年収五分位4,2014000709,92677,円
黒字,勤労者世帯,年収五分位4,2014001012,209939,円
黒字,勤労者世帯,年収五分位4,2015000103,66659,円
黒字,勤労者世帯,年収五分位4,2015000406,128141,円
黒字,勤労者世帯,年収五分位4,2015000709,106671,円
黒字,勤労者世帯,年収五分位4,2015001012,197653,円
黒字,勤労者世帯,年収五分位4,2016000103,68490,円
黒字,勤労者世帯,年収五分位4,2016000406,129577,円
黒字,勤労者世帯,年収五分位4,2016000709,106711,円
黒字,勤労者世帯,年収五分位4,2016001012,217899,円
黒字,勤労者世帯,年収五分位4,2017000103,67172,円
黒字,勤労者世帯,年収五分位4,2017000406,141388,円
黒字,勤労者世帯,年収五分位4,2017000709,124650,円
黒字,勤労者世帯,年収五分位4,2017001012,211239,円
黒字,勤労者世帯,年収五分位4,2018000103,78546,円
黒字,勤労者世帯,年収五分位4,2018000406,160617,円
黒字,勤労者世帯,年収五分位4,2018000709,105288,円
黒字,勤労者世帯,年収五分位4,2018001012,230805,円
黒字,勤労者世帯,年収五分位4,2019000103,73890,円
黒字,勤労者世帯,年収五分位4,2019000406,186718,円
黒字,勤労者世帯,年収五分位4,2019000709,110428,円
黒字,勤労者世帯,年収五分位4,2019001012,265385,円
黒字,勤労者世帯,年収五分位4,2020000103,107637,円
黒字,勤労者世帯,年収五分位4,2020000406,282758,円
黒字,勤労者世帯,年収五分位4,2020000709,183992,円
黒字,勤労者世帯,年収五分位4,2020001012,267195,円
黒字,勤労者世帯,年収五分位4,2021000103,96308,円
黒字,勤労者世帯,年収五分位4,2021000406,208242,円
黒字,勤労者世帯,年収五分位4,2021000709,181186,円
黒字,勤労者世帯,年収五分位4,2021001012,285332,円
黒字,勤労者世帯,年収五分位4,2022000103,118511,円
黒字,勤労者世帯,年収五分位4,2022000406,212685,円
黒字,勤労者世帯,年収五分位4,2022000709,163256,円
黒字,勤労者世帯,年収五分位4,2022001012,300576,円
黒字,勤労者世帯,年収五分位4,2023000103,103210,円
黒字,勤労者世帯,年収五分位4,2023000406,198631,円
黒字,勤労者世帯,年収五分位4,2023000709,139294,円
黒字,勤労者世帯,年収五分位4,2023001012,251588,円
黒字,勤労者世帯,年収五分位4,2024000103,112546,円
黒字,勤労者世帯,年収五分位4,2024000406,241235,円
黒字,勤労者世帯,年収五分位4,2024000709,170295,円
黒字,勤労者世帯,年収五分位4,2024001012,289699,円
黒字,勤労者世帯,年収五分位4,2025000103,105181,円
黒字,勤労者世帯,年収五分位4,2025000406,222054,円
黒字,勤労者世帯,年収五分位4,2025000709,149731,円
黒字,勤労者世帯,年収五分位4,2025001012,271146,円
黒字,勤労者世帯,年収五分位4,2026000103,112638,円
黒字,勤労者世帯,年収五分位5,2000000103,112372,円
黒字,勤労者世帯,年収五分位5,2000000406,271226,円
黒字,勤労者世帯,年収五分位5,2000000709,171126,円
黒字,勤労者世帯,年収五分位5,2000001012,373717,円
黒字,勤労者世帯,年収五分位5,2001000103,100324,円
黒字,勤労者世帯,年収五分位5,2001000406,258531,円
黒字,勤労者世帯,年収五分位5,2001000709,169374,円
黒字,勤労者世帯,年収五分位5,2001001012,380717,円
黒字,勤労者世帯,年収五分位5,2002000103,130393,円
黒字,勤労者世帯,年収五分位5,2002000406,245017,円
黒字,勤労者世帯,年収五分位5,2002000709,130785,円
黒字,勤労者世帯,年収五分位5,2002001012,340471,円
黒字,勤労者世帯,年収五分位5,2003000103,99547,円
黒字,勤労者世帯,年収五分位5,2003000406,231299,円
黒字,勤労者世帯,年収五分位5,2003000709,155409,円
黒字,勤労者世帯,年収五分位5,2003001012,334162,円
黒字,勤労者世帯,年収五分位5,2004000103,117424,円
黒字,勤労者世帯,年収五分位5,2004000406,233324,円
黒字,勤労者世帯,年収五分位5,2004000709,154711,円
黒字,勤労者世帯,年収五分位5,2004001012,337697,円
黒字,勤労者世帯,年収五分位5,2005000103,111691,円
黒字,勤労者世帯,年収五分位5,2005000406,258042,円
黒字,勤労者世帯,年収五分位5,2005000709,155918,円
黒字,勤労者世帯,年収五分位5,2005001012,321136,円
黒字,勤労者世帯,年収五分位5,2006000103,100442,円
黒字,勤労者世帯,年収五分位5,2006000406,225253,円
黒字,勤労者世帯,年収五分位5,2006000709,187240,円
黒字,勤労者世帯,年収五分位5,2006001012,376048,円
黒字,勤労者世帯,年収五分位5,2007000103,115179,円
黒字,勤労者世帯,年収五分位5,2007000406,244701,円
黒字,勤労者世帯,年収五分位5,2007000709,148147,円
黒字,勤労者世帯,年収五分位5,2007001012,345800,円
黒字,勤労者世帯,年収五分位5,2008000103,112912,円
黒字,勤労者世帯,年収五分位5,2008000406,227371,円
黒字,勤労者世帯,年収五分位5,2008000709,184256,円
黒字,勤労者世帯,年収五分位5,2008001012,379590,円
黒字,勤労者世帯,年収五分位5,2009000103,117048,円
黒字,勤労者世帯,年収五分位5,2009000406,214167,円
黒字,勤労者世帯,年収五分位5,2009000709,160544,円
黒字,勤労者世帯,年収五分位5,2009001012,319899,円
黒字,勤労者世帯,年収五分位5,2010000103,108732,円
黒字,勤労者世帯,年収五分位5,2010000406,238826,円
黒字,勤労者世帯,年収五分位5,2010000709,144762,円
黒字,勤労者世帯,年収五分位5,2010001012,340509,円
黒字,勤労者世帯,年収五分位5,2011000103,112058,円
黒字,勤労者世帯,年収五分位5,2011000406,202732,円
黒字,勤労者世帯,年収五分位5,2011000709,166493,円
黒字,勤労者世帯,年収五分位5,2011001012,335040,円
黒字,勤労者世帯,年収五分位5,2012000103,108650,円
黒字,勤労者世帯,年収五分位5,2012000406,209310,円
黒字,勤労者世帯,年収五分位5,2012000709,163196,円
黒字,勤労者世帯,年収五分位5,2012001012,334428,円
黒字,勤労者世帯,年収五分位5,2013000103,93933,円
黒字,勤労者世帯,年収五分位5,2013000406,226189,円
黒字,勤労者世帯,年収五分位5,2013000709,146883,円
黒字,勤労者世帯,年収五分位5,2013001012,302559,円
黒字,勤労者世帯,年収五分位5,2014000103,65115,円
黒字,勤労者世帯,年収五分位5,2014000406,221648,円
黒字,勤労者世帯,年収五分位5,2014000709,157252,円
黒字,勤労者世帯,年収五分位5,2014001012,358923,円
黒字,勤労者世帯,年収五分位5,2015000103,122424,円
黒字,勤労者世帯,年収五分位5,2015000406,231729,円
黒字,勤労者世帯,年収五分位5,2015000709,172233,円
黒字,勤労者世帯,年収五分位5,2015001012,332448,円
黒字,勤労者世帯,年収五分位5,2016000103,119367,円
黒字,勤労者世帯,年収五分位5,2016000406,242911,円
黒字,勤労者世帯,年収五分位5,2016000709,177381,円
黒字,勤労者世帯,年収五分位5,2016001012,333695,円
黒字,勤労者世帯,年収五分位5,2017000103,100106,円
黒字,勤労者世帯,年収五分位5,2017000406,185300,円
黒字,勤労者世帯,年収五分位5,2017000709,202621,円
黒字,勤労者世帯,年収五分位5,2017001012,341819,円
黒字,勤労者世帯,年収五分位5,2018000103,130624,円
黒字,勤労者世帯,年収五分位5,2018000406,267742,円
黒字,勤労者世帯,年収五分位5,2018000709,208245,円
黒字,勤労者世帯,年収五分位5,2018001012,409907,円
黒字,勤労者世帯,年収五分位5,2019000103,142569,円
黒字,勤労者世帯,年収五分位5,2019000406,305551,円
黒字,勤労者世帯,年収五分位5,2019000709,178547,円
黒字,勤労者世帯,年収五分位5,2019001012,427728,円
黒字,勤労者世帯,年収五分位5,2020000103,169123,円
黒字,勤労者世帯,年収五分位5,2020000406,415004,円
黒字,勤労者世帯,年収五分位5,2020000709,272763,円
黒字,勤労者世帯,年収五分位5,2020001012,449021,円
黒字,勤労者世帯,年収五分位5,2021000103,190983,円
黒字,勤労者世帯,年収五分位5,2021000406,354071,円
黒字,勤労者世帯,年収五分位5,2021000709,263928,円
黒字,勤労者世帯,年収五分位5,2021001012,438762,円
黒字,勤労者世帯,年収五分位5,2022000103,169434,円
黒字,勤労者世帯,年収五分位5,2022000406,322291,円
黒字,勤労者世帯,年収五分位5,2022000709,237160,円
黒字,勤労者世帯,年収五分位5,2022001012,498947,円
黒字,勤労者世帯,年収五分位5,2023000103,185836,円
黒字,勤労者世帯,年収五分位5,2023000406,351444,円
黒字,勤労者世帯,年収五分位5,2023000709,241913,円
黒字,勤労者世帯,年収五分位5,2023001012,473001,円
黒字,勤労者世帯,年収五分位5,2024000103,185807,円
黒字,勤労者世帯,年収五分位5,2024000406,405127,円
黒字,勤労者世帯,年収五分位5,2024000709,275080,円
黒字,勤労者世帯,年収五分位5,2024001012,487003,円
黒字,勤労者世帯,年収五分位5,2025000103,173493,円
黒字,勤労者世帯,年収五分位5,2025000406,354230,円
黒字,勤労者世帯,年収五分位5,2025000709,256159,円
黒字,勤労者世帯,年収五分位5,2025001012,466002,円
黒字,勤労者世帯,年収五分位5,2026000103,204127,円
平均消費性向,勤労者世帯,年収五分位1,2000000103,92.3,％
平均消費性向,勤労者世帯,年収五分位1,2000000406,76.3,％
平均消費性向,勤労者世帯,年収五分位1,2000000709,84.1,％
平均消費性向,勤労者世帯,年収五分位1,2000001012,71.8,％
平均消費性向,勤労者世帯,年収五分位1,2001000103,87.5,％
平均消費性向,勤労者世帯,年収五分位1,2001000406,71.6,％
平均消費性向,勤労者世帯,年収五分位1,2001000709,82.5,％
平均消費性向,勤労者世帯,年収五分位1,2001001012,74.4,％
平均消費性向,勤労者世帯,年収五分位1,2002000103,87.7,％
平均消費性向,勤労者世帯,年収五分位1,2002000406,80.7,％
平均消費性向,勤労者世帯,年収五分位1,2002000709,82.6,％
平均消費性向,勤労者世帯,年収五分位1,2002001012,74.3,％
平均消費性向,勤労者世帯,年収五分位1,2003000103,92.6,％
平均消費性向,勤労者世帯,年収五分位1,2003000406,76.8,％
平均消費性向,勤労者世帯,年収五分位1,2003000709,81.1,％
平均消費性向,勤労者世帯,年収五分位1,2003001012,75.1,％
平均消費性向,勤労者世帯,年収五分位1,2004000103,89.8,％
平均消費性向,勤労者世帯,年収五分位1,2004000406,80.5,％
平均消費性向,勤労者世帯,年収五分位1,2004000709,88.3,％
平均消費性向,勤労者世帯,年収五分位1,2004001012,74.2,％
平均消費性向,勤労者世帯,年収五分位1,2005000103,86.6,％
平均消費性向,勤労者世帯,年収五分位1,2005000406,80.6,％
平均消費性向,勤労者世帯,年収五分位1,2005000709,86.4,％
平均消費性向,勤労者世帯,年収五分位1,2005001012,76.2,％
平均消費性向,勤労者世帯,年収五分位1,2006000103,89.7,％
平均消費性向,勤労者世帯,年収五分位1,2006000406,80.0,％
平均消費性向,勤労者世帯,年収五分位1,2006000709,80.9,％
平均消費性向,勤労者世帯,年収五分位1,2006001012,72.6,％
平均消費性向,勤労者世帯,年収五分位1,2007000103,87.6,％
平均消費性向,勤労者世帯,年収五分位1,2007000406,78.4,％
平均消費性向,勤労者世帯,年収五分位1,2007000709,85.5,％
平均消費性向,勤労者世帯,年収五分位1,2007001012,76.0,％
平均消費性向,勤労者世帯,年収五分位1,2008000103,95.6,％
平均消費性向,勤労者世帯,年収五分位1,2008000406,80.3,％
平均消費性向,勤労者世帯,年収五分位1,2008000709,81.2,％
平均消費性向,勤労者世帯,年収五分位1,2008001012,75.4,％
平均消費性向,勤労者世帯,年収五分位1,2009000103,88.0,％
平均消費性向,勤労者世帯,年収五分位1,2009000406,76.9,％
平均消費性向,勤労者世帯,年収五分位1,2009000709,78.6,％
平均消費性向,勤労者世帯,年収五分位1,2009001012,69.5,％
平均消費性向,勤労者世帯,年収五分位1,2010000103,84.8,％
平均消費性向,勤労者世帯,年収五分位1,2010000406,78.4,％
平均消費性向,勤労者世帯,年収五分位1,2010000709,82.3,％
平均消費性向,勤労者世帯,年収五分位1,2010001012,69.1,％
平均消費性向,勤労者世帯,年収五分位1,2011000103,87.0,％
平均消費性向,勤労者世帯,年収五分位1,2011000406,76.0,％
平均消費性向,勤労者世帯,年収五分位1,2011000709,84.5,％
平均消費性向,勤労者世帯,年収五分位1,2011001012,75.5,％
平均消費性向,勤労者世帯,年収五分位1,2012000103,88.1,％
平均消費性向,勤労者世帯,年収五分位1,2012000406,77.9,％
平均消費性向,勤労者世帯,年収五分位1,2012000709,85.6,％
平均消費性向,勤労者世帯,年収五分位1,2012001012,68.4,％
平均消費性向,勤労者世帯,年収五分位1,2013000103,84.1,％
平均消費性向,勤労者世帯,年収五分位1,2013000406,76.0,％
平均消費性向,勤労者世帯,年収五分位1,2013000709,82.8,％
平均消費性向,勤労者世帯,年収五分位1,2013001012,70.0,％
平均消費性向,勤労者世帯,年収五分位1,2014000103,85.1,％
平均消費性向,勤労者世帯,年収五分位1,2014000406,76.8,％
平均消費性向,勤労者世帯,年収五分位1,2014000709,86.4,％
平均消費性向,勤労者世帯,年収五分位1,2014001012,75.0,％
平均消費性向,勤労者世帯,年収五分位1,2015000103,93.8,％
平均消費性向,勤労者世帯,年収五分位1,2015000406,79.3,％
平均消費性向,勤労者世帯,年収五分位1,2015000709,80.4,％
平均消費性向,勤労者世帯,年収五分位1,2015001012,68.0,％
平均消費性向,勤労者世帯,年収五分位1,2016000103,84.3,％
平均消費性向,勤労者世帯,年収五分位1,2016000406,79.7,％
平均消費性向,勤労者世帯,年収五分位1,2016000709,80.5,％
平均消費性向,勤労者世帯,年収五分位1,2016001012,71.5,％
平均消費性向,勤労者世帯,年収五分位1,2017000103,84.4,％
平均消費性向,勤労者世帯,年収五分位1,2017000406,76.3,％
平均消費性向,勤労者世帯,年収五分位1,2017000709,76.4,％
平均消費性向,勤労者世帯,年収五分位1,2017001012,72.6,％
平均消費性向,勤労者世帯,年収五分位1,2018000103,85.9,％
平均消費性向,勤労者世帯,年収五分位1,2018000406,74.1,％
平均消費性向,勤労者世帯,年収五分位1,2018000709,86.3,％
平均消費性向,勤労者世帯,年収五分位1,2018001012,66.7,％
平均消費性向,勤労者世帯,年収五分位1,2019000103,84.8,％
平均消費性向,勤労者世帯,年収五分位1,2019000406,72.4,％
平均消費性向,勤労者世帯,年収五分位1,2019000709,80.7,％
平均消費性向,勤労者世帯,年収五分位1,2019001012,66.1,％
平均消費性向,勤労者世帯,年収五分位1,2020000103,78.7,％
平均消費性向,勤労者世帯,年収五分位1,2020000406,65.9,％
平均消費性向,勤労者世帯,年収五分位1,2020000709,72.6,％
平均消費性向,勤労者世帯,年収五分位1,2020001012,63.7,％
平均消費性向,勤労者世帯,年収五分位1,2021000103,83.5,％
平均消費性向,勤労者世帯,年収五分位1,2021000406,71.7,％
平均消費性向,勤労者世帯,年収五分位1,2021000709,73.7,％
平均消費性向,勤労者世帯,年収五分位1,2021001012,65.6,％
平均消費性向,勤労者世帯,年収五分位1,2022000103,81.8,％
平均消費性向,勤労者世帯,年収五分位1,2022000406,68.1,％
平均消費性向,勤労者世帯,年収五分位1,2022000709,70.8,％
平均消費性向,勤労者世帯,年収五分位1,2022001012,63.5,％
平均消費性向,勤労者世帯,年収五分位1,2023000103,81.2,％
平均消費性向,勤労者世帯,年収五分位1,2023000406,66.3,％
平均消費性向,勤労者世帯,年収五分位1,2023000709,74.9,％
平均消費性向,勤労者世帯,年収五分位1,2023001012,63.5,％
平均消費性向,勤労者世帯,年収五分位1,2024000103,83.1,％
平均消費性向,勤労者世帯,年収五分位1,2024000406,62.7,％
平均消費性向,勤労者世帯,年収五分位1,2024000709,76.7,％
平均消費性向,勤労者世帯,年収五分位1,2024001012,58.0,％
平均消費性向,勤労者世帯,年収五分位1,2025000103,78.4,％
平均消費性向,勤労者世帯,年収五分位1,2025000406,67.6,％
平均消費性向,勤労者世帯,年収五分位1,2025000709,77.9,％
平均消費性向,勤労者世帯,年収五分位1,2025001012,58.8,％
平均消費性向,勤労者世帯,年収五分位1,2026000103,79.7,％
平均消費性向,勤労者世帯,年収五分位2,2000000103,83.8,％
平均消費性向,勤労者世帯,年収五分位2,2000000406,80.2,％
平均消費性向,勤労者世帯,年収五分位2,2000000709,79.8,％
平均消費性向,勤労者世帯,年収五分位2,2000001012,65.5,％
平均消費性向,勤労者世帯,年収五分位2,2001000103,83.9,％
平均消費性向,勤労者世帯,年収五分位2,2001000406,72.9,％
平均消費性向,勤労者世帯,年収五分位2,2001000709,79.2,％
平均消費性向,勤労者世帯,年収五分位2,2001001012,65.5,％
平均消費性向,勤労者世帯,年収五分位2,2002000103,85.4,％
平均消費性向,勤労者世帯,年収五分位2,2002000406,74.4,％
平均消費性向,勤労者世帯,年収五分位2,2002000709,79.2,％
平均消費性向,勤労者世帯,年収五分位2,2002001012,66.3,％
平均消費性向,勤労者世帯,年収五分位2,2003000103,85.5,％
平均消費性向,勤労者世帯,年収五分位2,2003000406,74.1,％
平均消費性向,勤労者世帯,年収五分位2,2003000709,77.2,％
平均消費性向,勤労者世帯,年収五分位2,2003001012,67.2,％
平均消費性向,勤労者世帯,年収五分位2,2004000103,84.9,％
平均消費性向,勤労者世帯,年収五分位2,2004000406,79.9,％
平均消費性向,勤労者世帯,年収五分位2,2004000709,76.7,％
平均消費性向,勤労者世帯,年収五分位2,2004001012,69.3,％
平均消費性向,勤労者世帯,年収五分位2,2005000103,83.2,％
平均消費性向,勤労者世帯,年収五分位2,2005000406,76.4,％
平均消費性向,勤労者世帯,年収五分位2,2005000709,81.7,％
平均消費性向,勤労者世帯,年収五分位2,2005001012,69.5,％
平均消費性向,勤労者世帯,年収五分位2,2006000103,81.3,％
平均消費性向,勤労者世帯,年収五分位2,2006000406,75.9,％
平均消費性向,勤労者世帯,年収五分位2,2006000709,75.1,％
平均消費性向,勤労者世帯,年収五分位2,2006001012,66.7,％
平均消費性向,勤労者世帯,年収五分位2,2007000103,81.0,％
平均消費性向,勤労者世帯,年収五分位2,2007000406,72.9,％
平均消費性向,勤労者世帯,年収五分位2,2007000709,78.2,％
平均消費性向,勤労者世帯,年収五分位2,2007001012,70.8,％
平均消費性向,勤労者世帯,年収五分位2,2008000103,85.0,％
平均消費性向,勤労者世帯,年収五分位2,2008000406,75.7,％
平均消費性向,勤労者世帯,年収五分位2,2008000709,80.4,％
平均消費性向,勤労者世帯,年収五分位2,2008001012,68.7,％
平均消費性向,勤労者世帯,年収五分位2,2009000103,88.8,％
平均消費性向,勤労者世帯,年収五分位2,2009000406,76.6,％
平均消費性向,勤労者世帯,年収五分位2,2009000709,79.8,％
平均消費性向,勤労者世帯,年収五分位2,2009001012,74.6,％
平均消費性向,勤労者世帯,年収五分位2,2010000103,83.8,％
平均消費性向,勤労者世帯,年収五分位2,2010000406,71.5,％
平均消費性向,勤労者世帯,年収五分位2,2010000709,78.8,％
平均消費性向,勤労者世帯,年収五分位2,2010001012,66.1,％
平均消費性向,勤労者世帯,年収五分位2,2011000103,83.4,％
平均消費性向,勤労者世帯,年収五分位2,2011000406,74.3,％
平均消費性向,勤労者世帯,年収五分位2,2011000709,77.1,％
平均消費性向,勤労者世帯,年収五分位2,2011001012,71.9,％
平均消費性向,勤労者世帯,年収五分位2,2012000103,83.4,％
平均消費性向,勤労者世帯,年収五分位2,2012000406,68.8,％
平均消費性向,勤労者世帯,年収五分位2,2012000709,80.8,％
平均消費性向,勤労者世帯,年収五分位2,2012001012,69.7,％
平均消費性向,勤労者世帯,年収五分位2,2013000103,89.7,％
平均消費性向,勤労者世帯,年収五分位2,2013000406,79.7,％
平均消費性向,勤労者世帯,年収五分位2,2013000709,81.5,％
平均消費性向,勤労者世帯,年収五分位2,2013001012,68.7,％
平均消費性向,勤労者世帯,年収五分位2,2014000103,91.7,％
平均消費性向,勤労者世帯,年収五分位2,2014000406,73.9,％
平均消費性向,勤労者世帯,年収五分位2,2014000709,79.0,％
平均消費性向,勤労者世帯,年収五分位2,2014001012,68.0,％
平均消費性向,勤労者世帯,年収五分位2,2015000103,86.4,％
平均消費性向,勤労者世帯,年収五分位2,2015000406,71.8,％
平均消費性向,勤労者世帯,年収五分位2,2015000709,83.2,％
平均消費性向,勤労者世帯,年収五分位2,2015001012,68.2,％
平均消費性向,勤労者世帯,年収五分位2,2016000103,81.6,％
平均消費性向,勤労者世帯,年収五分位2,2016000406,72.0,％
平均消費性向,勤労者世帯,年収五分位2,2016000709,75.0,％
平均消費性向,勤労者世帯,年収五分位2,2016001012,65.4,％
平均消費性向,勤労者世帯,年収五分位2,2017000103,84.3,％
平均消費性向,勤労者世帯,年収五分位2,2017000406,71.4,％
平均消費性向,勤労者世帯,年収五分位2,2017000709,80.7,％
平均消費性向,勤労者世帯,年収五分位2,2017001012,61.5,％
平均消費性向,勤労者世帯,年収五分位2,2018000103,87.9,％
平均消費性向,勤労者世帯,年収五分位2,2018000406,69.3,％
平均消費性向,勤労者世帯,年収五分位2,2018000709,73.7,％
平均消費性向,勤労者世帯,年収五分位2,2018001012,64.9,％
平均消費性向,勤労者世帯,年収五分位2,2019000103,79.9,％
平均消費性向,勤労者世帯,年収五分位2,2019000406,64.9,％
平均消費性向,勤労者世帯,年収五分位2,2019000709,79.0,％
平均消費性向,勤労者世帯,年収五分位2,2019001012,58.5,％
平均消費性向,勤労者世帯,年収五分位2,2020000103,77.1,％
平均消費性向,勤労者世帯,年収五分位2,2020000406,50.3,％
平均消費性向,勤労者世帯,年収五分位2,2020000709,68.8,％
平均消費性向,勤労者世帯,年収五分位2,2020001012,58.5,％
平均消費性向,勤労者世帯,年収五分位2,2021000103,72.9,％
平均消費性向,勤労者世帯,年収五分位2,2021000406,62.2,％
平均消費性向,勤労者世帯,年収五分位2,2021000709,64.8,％
平均消費性向,勤労者世帯,年収五分位2,2021001012,58.1,％
平均消費性向,勤労者世帯,年収五分位2,2022000103,76.3,％
平均消費性向,勤労者世帯,年収五分位2,2022000406,62.8,％
平均消費性向,勤労者世帯,年収五分位2,2022000709,66.7,％
平均消費性向,勤労者世帯,年収五分位2,2022001012,57.8,％
平均消費性向,勤労者世帯,年収五分位2,2023000103,79.7,％
平均消費性向,勤労者世帯,年収五分位2,2023000406,63.0,％
平均消費性向,勤労者世帯,年収五分位2,2023000709,71.7,％
平均消費性向,勤労者世帯,年収五分位2,2023001012,56.4,％
平均消費性向,勤労者世帯,年収五分位2,2024000103,77.6,％
平均消費性向,勤労者世帯,年収五分位2,2024000406,57.3,％
平均消費性向,勤労者世帯,年収五分位2,2024000709,66.8,％
平均消費性向,勤労者世帯,年収五分位2,2024001012,56.7,％
平均消費性向,勤労者世帯,年収五分位2,2025000103,75.6,％
平均消費性向,勤労者世帯,年収五分位2,2025000406,65.0,％
平均消費性向,勤労者世帯,年収五分位2,2025000709,70.1,％
平均消費性向,勤労者世帯,年収五分位2,2025001012,55.9,％
平均消費性向,勤労者世帯,年収五分位2,2026000103,75.1,％
平均消費性向,勤労者世帯,年収五分位3,2000000103,83.6,％
平均消費性向,勤労者世帯,年収五分位3,2000000406,73.1,％
平均消費性向,勤労者世帯,年収五分位3,2000000709,74.4,％
平均消費性向,勤労者世帯,年収五分位3,2000001012,63.5,％
平均消費性向,勤労者世帯,年収五分位3,2001000103,84.8,％
平均消費性向,勤労者世帯,年収五分位3,2001000406,70.6,％
平均消費性向,勤労者世帯,年収五分位3,2001000709,73.7,％
平均消費性向,勤労者世帯,年収五分位3,2001001012,63.2,％
平均消費性向,勤労者世帯,年収五分位3,2002000103,84.1,％
平均消費性向,勤労者世帯,年収五分位3,2002000406,71.0,％
平均消費性向,勤労者世帯,年収五分位3,2002000709,77.7,％
平均消費性向,勤労者世帯,年収五分位3,2002001012,63.4,％
平均消費性向,勤労者世帯,年収五分位3,2003000103,83.8,％
平均消費性向,勤労者世帯,年収五分位3,2003000406,70.5,％
平均消費性向,勤労者世帯,年収五分位3,2003000709,77.2,％
平均消費性向,勤労者世帯,年収五分位3,2003001012,62.2,％
平均消費性向,勤労者世帯,年収五分位3,2004000103,82.0,％
平均消費性向,勤労者世帯,年収五分位3,2004000406,74.2,％
平均消費性向,勤労者世帯,年収五分位3,2004000709,77.3,％
平均消費性向,勤労者世帯,年収五分位3,2004001012,62.8,％
平均消費性向,勤労者世帯,年収五分位3,2005000103,88.0,％
平均消費性向,勤労者世帯,年収五分位3,2005000406,74.1,％
平均消費性向,勤労者世帯,年収五分位3,2005000709,80.3,％
平均消費性向,勤労者世帯,年収五分位3,2005001012,70.5,％
平均消費性向,勤労者世帯,年収五分位3,2006000103,83.4,％
平均消費性向,勤労者世帯,年収五分位3,2006000406,74.9,％
平均消費性向,勤労者世帯,年収五分位3,2006000709,72.4,％
平均消費性向,勤労者世帯,年収五分位3,2006001012,62.9,％
平均消費性向,勤労者世帯,年収五分位3,2007000103,78.7,％
平均消費性向,勤労者世帯,年収五分位3,2007000406,70.9,％
平均消費性向,勤労者世帯,年収五分位3,2007000709,73.0,％
平均消費性向,勤労者世帯,年収五分位3,2007001012,66.5,％
平均消費性向,勤労者世帯,年収五分位3,2008000103,82.3,％
平均消費性向,勤労者世帯,年収五分位3,2008000406,72.5,％
平均消費性向,勤労者世帯,年収五分位3,2008000709,74.9,％
平均消費性向,勤労者世帯,年収五分位3,2008001012,66.3,％
平均消費性向,勤労者世帯,年収五分位3,2009000103,86.2,％
平均消費性向,勤労者世帯,年収五分位3,2009000406,75.1,％
平均消費性向,勤労者世帯,年収五分位3,2009000709,79.5,％
平均消費性向,勤労者世帯,年収五分位3,2009001012,65.8,％
平均消費性向,勤労者世帯,年収五分位3,2010000103,85.9,％
平均消費性向,勤労者世帯,年収五分位3,2010000406,73.1,％
平均消費性向,勤労者世帯,年収五分位3,2010000709,78.8,％
平均消費性向,勤労者世帯,年収五分位3,2010001012,66.5,％
平均消費性向,勤労者世帯,年収五分位3,2011000103,83.3,％
平均消費性向,勤労者世帯,年収五分位3,2011000406,70.8,％
平均消費性向,勤労者世帯,年収五分位3,2011000709,77.0,％
平均消費性向,勤労者世帯,年収五分位3,2011001012,67.0,％
平均消費性向,勤労者世帯,年収五分位3,2012000103,79.0,％
平均消費性向,勤労者世帯,年収五分位3,2012000406,69.6,％
平均消費性向,勤労者世帯,年収五分位3,2012000709,78.1,％
平均消費性向,勤労者世帯,年収五分位3,2012001012,64.5,％
平均消費性向,勤労者世帯,年収五分位3,2013000103,86.7,％
平均消費性向,勤労者世帯,年収五分位3,2013000406,72.1,％
平均消費性向,勤労者世帯,年収五分位3,2013000709,77.6,％
平均消費性向,勤労者世帯,年収五分位3,2013001012,64.8,％
平均消費性向,勤労者世帯,年収五分位3,2014000103,84.6,％
平均消費性向,勤労者世帯,年収五分位3,2014000406,67.5,％
平均消費性向,勤労者世帯,年収五分位3,2014000709,77.7,％
平均消費性向,勤労者世帯,年収五分位3,2014001012,66.3,％
平均消費性向,勤労者世帯,年収五分位3,2015000103,81.5,％
平均消費性向,勤労者世帯,年収五分位3,2015000406,74.9,％
平均消費性向,勤労者世帯,年収五分位3,2015000709,76.3,％
平均消費性向,勤労者世帯,年収五分位3,2015001012,62.5,％
平均消費性向,勤労者世帯,年収五分位3,2016000103,83.0,％
平均消費性向,勤労者世帯,年収五分位3,2016000406,73.9,％
平均消費性向,勤労者世帯,年収五分位3,2016000709,78.1,％
平均消費性向,勤労者世帯,年収五分位3,2016001012,65.6,％
平均消費性向,勤労者世帯,年収五分位3,2017000103,79.8,％
平均消費性向,勤労者世帯,年収五分位3,2017000406,69.3,％
平均消費性向,勤労者世帯,年収五分位3,2017000709,75.1,％
平均消費性向,勤労者世帯,年収五分位3,2017001012,60.4,％
平均消費性向,勤労者世帯,年収五分位3,2018000103,77.8,％
平均消費性向,勤労者世帯,年収五分位3,2018000406,69.0,％
平均消費性向,勤労者世帯,年収五分位3,2018000709,72.1,％
平均消費性向,勤労者世帯,年収五分位3,2018001012,58.5,％
平均消費性向,勤労者世帯,年収五分位3,2019000103,77.7,％
平均消費性向,勤労者世帯,年収五分位3,2019000406,68.6,％
平均消費性向,勤労者世帯,年収五分位3,2019000709,73.8,％
平均消費性向,勤労者世帯,年収五分位3,2019001012,58.0,％
平均消費性向,勤労者世帯,年収五分位3,2020000103,75.0,％
平均消費性向,勤労者世帯,年収五分位3,2020000406,53.9,％
平均消費性向,勤労者世帯,年収五分位3,2020000709,68.3,％
平均消費性向,勤労者世帯,年収五分位3,2020001012,58.7,％
平均消費性向,勤労者世帯,年収五分位3,2021000103,71.0,％
平均消費性向,勤労者世帯,年収五分位3,2021000406,60.4,％
平均消費性向,勤労者世帯,年収五分位3,2021000709,65.4,％
平均消費性向,勤労者世帯,年収五分位3,2021001012,55.1,％
平均消費性向,勤労者世帯,年収五分位3,2022000103,69.5,％
平均消費性向,勤労者世帯,年収五分位3,2022000406,59.6,％
平均消費性向,勤労者世帯,年収五分位3,2022000709,67.4,％
平均消費性向,勤労者世帯,年収五分位3,2022001012,56.0,％
平均消費性向,勤労者世帯,年収五分位3,2023000103,73.3,％
平均消費性向,勤労者世帯,年収五分位3,2023000406,63.6,％
平均消費性向,勤労者世帯,年収五分位3,2023000709,69.5,％
平均消費性向,勤労者世帯,年収五分位3,2023001012,57.9,％
平均消費性向,勤労者世帯,年収五分位3,2024000103,76.4,％
平均消費性向,勤労者世帯,年収五分位3,2024000406,61.0,％
平均消費性向,勤労者世帯,年収五分位3,2024000709,66.4,％
平均消費性向,勤労者世帯,年収五分位3,2024001012,56.3,％
平均消費性向,勤労者世帯,年収五分位3,2025000103,80.2,％
平均消費性向,勤労者世帯,年収五分位3,2025000406,61.4,％
平均消費性向,勤労者世帯,年収五分位3,2025000709,70.8,％
平均消費性向,勤労者世帯,年収五分位3,2025001012,52.8,％
平均消費性向,勤労者世帯,年収五分位3,2026000103,71.0,％
平均消費性向,勤労者世帯,年収五分位4,2000000103,81.0,％
平均消費性向,勤労者世帯,年収五分位4,2000000406,68.7,％
平均消費性向,勤労者世帯,年収五分位4,2000000709,71.8,％
平均消費性向,勤労者世帯,年収五分位4,2000001012,57.9,％
平均消費性向,勤労者世帯,年収五分位4,2001000103,85.2,％
平均消費性向,勤労者世帯,年収五分位4,2001000406,64.5,％
平均消費性向,勤労者世帯,年収五分位4,2001000709,74.4,％
平均消費性向,勤労者世帯,年収五分位4,2001001012,59.9,％
平均消費性向,勤労者世帯,年収五分位4,2002000103,79.5,％
平均消費性向,勤労者世帯,年収五分位4,2002000406,66.9,％
平均消費性向,勤労者世帯,年収五分位4,2002000709,75.0,％
平均消費性向,勤労者世帯,年収五分位4,2002001012,61.6,％
平均消費性向,勤労者世帯,年収五分位4,2003000103,83.7,％
平均消費性向,勤労者世帯,年収五分位4,2003000406,71.4,％
平均消費性向,勤労者世帯,年収五分位4,2003000709,75.6,％
平均消費性向,勤労者世帯,年収五分位4,2003001012,62.0,％
平均消費性向,勤労者世帯,年収五分位4,2004000103,83.9,％
平均消費性向,勤労者世帯,年収五分位4,2004000406,69.6,％
平均消費性向,勤労者世帯,年収五分位4,2004000709,74.8,％
平均消費性向,勤労者世帯,年収五分位4,2004001012,63.7,％
平均消費性向,勤労者世帯,年収五分位4,2005000103,87.6,％
平均消費性向,勤労者世帯,年収五分位4,2005000406,71.6,％
平均消費性向,勤労者世帯,年収五分位4,2005000709,76.9,％
平均消費性向,勤労者世帯,年収五分位4,2005001012,62.0,％
平均消費性向,勤労者世帯,年収五分位4,2006000103,84.5,％
平均消費性向,勤労者世帯,年収五分位4,2006000406,70.9,％
平均消費性向,勤労者世帯,年収五分位4,2006000709,71.0,％
平均消費性向,勤労者世帯,年収五分位4,2006001012,58.8,％
平均消費性向,勤労者世帯,年収五分位4,2007000103,84.0,％
平均消費性向,勤労者世帯,年収五分位4,2007000406,68.3,％
平均消費性向,勤労者世帯,年収五分位4,2007000709,73.4,％
平均消費性向,勤労者世帯,年収五分位4,2007001012,59.9,％
平均消費性向,勤労者世帯,年収五分位4,2008000103,84.0,％
平均消費性向,勤労者世帯,年収五分位4,2008000406,70.5,％
平均消費性向,勤労者世帯,年収五分位4,2008000709,75.9,％
平均消費性向,勤労者世帯,年収五分位4,2008001012,60.0,％
平均消費性向,勤労者世帯,年収五分位4,2009000103,85.4,％
平均消費性向,勤労者世帯,年収五分位4,2009000406,74.4,％
平均消費性向,勤労者世帯,年収五分位4,2009000709,76.3,％
平均消費性向,勤労者世帯,年収五分位4,2009001012,60.6,％
平均消費性向,勤労者世帯,年収五分位4,2010000103,83.8,％
平均消費性向,勤労者世帯,年収五分位4,2010000406,67.3,％
平均消費性向,勤労者世帯,年収五分位4,2010000709,77.9,％
平均消費性向,勤労者世帯,年収五分位4,2010001012,62.2,％
平均消費性向,勤労者世帯,年収五分位4,2011000103,81.8,％
平均消費性向,勤労者世帯,年収五分位4,2011000406,71.0,％
平均消費性向,勤労者世帯,年収五分位4,2011000709,75.6,％
平均消費性向,勤労者世帯,年収五分位4,2011001012,60.7,％
平均消費性向,勤労者世帯,年収五分位4,2012000103,82.3,％
平均消費性向,勤労者世帯,年収五分位4,2012000406,71.6,％
平均消費性向,勤労者世帯,年収五分位4,2012000709,75.0,％
平均消費性向,勤労者世帯,年収五分位4,2012001012,60.8,％
平均消費性向,勤労者世帯,年収五分位4,2013000103,85.6,％
平均消費性向,勤労者世帯,年収五分位4,2013000406,69.5,％
平均消費性向,勤労者世帯,年収五分位4,2013000709,76.2,％
平均消費性向,勤労者世帯,年収五分位4,2013001012,60.2,％
平均消費性向,勤労者世帯,年収五分位4,2014000103,86.7,％
平均消費性向,勤労者世帯,年収五分位4,2014000406,69.4,％
平均消費性向,勤労者世帯,年収五分位4,2014000709,77.0,％
平均消費性向,勤労者世帯,年収五分位4,2014001012,61.9,％
平均消費性向,勤労者世帯,年収五分位4,2015000103,83.3,％
平均消費性向,勤労者世帯,年収五分位4,2015000406,71.6,％
平均消費性向,勤労者世帯,年収五分位4,2015000709,74.6,％
平均消費性向,勤労者世帯,年収五分位4,2015001012,62.0,％
平均消費性向,勤労者世帯,年収五分位4,2016000103,82.2,％
平均消費性向,勤労者世帯,年収五分位4,2016000406,69.9,％
平均消費性向,勤労者世帯,年収五分位4,2016000709,73.4,％
平均消費性向,勤労者世帯,年収五分位4,2016001012,59.2,％
平均消費性向,勤労者世帯,年収五分位4,2017000103,82.1,％
平均消費性向,勤労者世帯,年収五分位4,2017000406,68.9,％
平均消費性向,勤労者世帯,年収五分位4,2017000709,70.4,％
平均消費性向,勤労者世帯,年収五分位4,2017001012,61.3,％
平均消費性向,勤労者世帯,年収五分位4,2018000103,80.1,％
平均消費性向,勤労者世帯,年収五分位4,2018000406,65.4,％
平均消費性向,勤労者世帯,年収五分位4,2018000709,75.3,％
平均消費性向,勤労者世帯,年収五分位4,2018001012,59.2,％
平均消費性向,勤労者世帯,年収五分位4,2019000103,81.8,％
平均消費性向,勤労者世帯,年収五分位4,2019000406,63.3,％
平均消費性向,勤労者世帯,年収五分位4,2019000709,74.3,％
平均消費性向,勤労者世帯,年収五分位4,2019001012,54.7,％
平均消費性向,勤労者世帯,年収五分位4,2020000103,74.1,％
平均消費性向,勤労者世帯,年収五分位4,2020000406,49.6,％
平均消費性向,勤労者世帯,年収五分位4,2020000709,61.3,％
平均消費性向,勤労者世帯,年収五分位4,2020001012,53.3,％
平均消費性向,勤労者世帯,年収五分位4,2021000103,75.7,％
平均消費性向,勤労者世帯,年収五分位4,2021000406,59.6,％
平均消費性向,勤労者世帯,年収五分位4,2021000709,60.3,％
平均消費性向,勤労者世帯,年収五分位4,2021001012,51.4,％
平均消費性向,勤労者世帯,年収五分位4,2022000103,71.7,％
平均消費性向,勤労者世帯,年収五分位4,2022000406,58.1,％
平均消費性向,勤労者世帯,年収五分位4,2022000709,65.0,％
平均消費性向,勤労者世帯,年収五分位4,2022001012,52.8,％
平均消費性向,勤労者世帯,年収五分位4,2023000103,75.4,％
平均消費性向,勤労者世帯,年収五分位4,2023000406,60.9,％
平均消費性向,勤労者世帯,年収五分位4,2023000709,69.2,％
平均消費性向,勤労者世帯,年収五分位4,2023001012,56.8,％
平均消費性向,勤労者世帯,年収五分位4,2024000103,73.5,％
平均消費性向,勤労者世帯,年収五分位4,2024000406,55.9,％
平均消費性向,勤労者世帯,年収五分位4,2024000709,64.6,％
平均消費性向,勤労者世帯,年収五分位4,2024001012,53.2,％
平均消費性向,勤労者世帯,年収五分位4,2025000103,75.3,％
平均消費性向,勤労者世帯,年収五分位4,2025000406,59.7,％
平均消費性向,勤労者世帯,年収五分位4,2025000709,68.1,％
平均消費性向,勤労者世帯,年収五分位4,2025001012,55.8,％
平均消費性向,勤労者世帯,年収五分位4,2026000103,74.9,％
平均消費性向,勤労者世帯,年収五分位5,2000000103,80.2,％
平均消費性向,勤労者世帯,年収五分位5,2000000406,63.1,％
平均消費性向,勤労者世帯,年収五分位5,2000000709,72.8,％
平均消費性向,勤労者世帯,年収五分位5,2000001012,56.7,％
平均消費性向,勤労者世帯,年収五分位5,2001000103,82.2,％
平均消費性向,勤労者世帯,年収五分位5,2001000406,63.6,％
平均消費性向,勤労者世帯,年収五分位5,2001000709,72.6,％
平均消費性向,勤労者世帯,年収五分位5,2001001012,54.8,％
平均消費性向,勤労者世帯,年収五分位5,2002000103,77.5,％
平均消費性向,勤労者世帯,年収五分位5,2002000406,64.8,％
平均消費性向,勤労者世帯,年収五分位5,2002000709,77.9,％
平均消費性向,勤労者世帯,年収五分位5,2002001012,58.0,％
平均消費性向,勤労者世帯,年収五分位5,2003000103,81.5,％
平均消費性向,勤労者世帯,年収五分位5,2003000406,65.3,％
平均消費性向,勤労者世帯,年収五分位5,2003000709,73.6,％
平均消費性向,勤労者世帯,年収五分位5,2003001012,58.0,％
平均消費性向,勤労者世帯,年収五分位5,2004000103,79.0,％
平均消費性向,勤労者世帯,年収五分位5,2004000406,66.1,％
平均消費性向,勤労者世帯,年収五分位5,2004000709,74.3,％
平均消費性向,勤労者世帯,年収五分位5,2004001012,57.2,％
平均消費性向,勤労者世帯,年収五分位5,2005000103,79.8,％
平均消費性向,勤労者世帯,年収五分位5,2005000406,62.9,％
平均消費性向,勤労者世帯,年収五分位5,2005000709,74.1,％
平均消費性向,勤労者世帯,年収五分位5,2005001012,59.0,％
平均消費性向,勤労者世帯,年収五分位5,2006000103,81.5,％
平均消費性向,勤労者世帯,年収五分位5,2006000406,66.4,％
平均消費性向,勤労者世帯,年収五分位5,2006000709,69.9,％
平均消費性向,勤労者世帯,年収五分位5,2006001012,55.1,％
平均消費性向,勤労者世帯,年収五分位5,2007000103,79.3,％
平均消費性向,勤労者世帯,年収五分位5,2007000406,64.0,％
平均消費性向,勤労者世帯,年収五分位5,2007000709,75.1,％
平均消費性向,勤労者世帯,年収五分位5,2007001012,56.5,％
平均消費性向,勤労者世帯,年収五分位5,2008000103,79.4,％
平均消費性向,勤労者世帯,年収五分位5,2008000406,66.0,％
平均消費性向,勤労者世帯,年収五分位5,2008000709,69.9,％
平均消費性向,勤労者世帯,年収五分位5,2008001012,53.1,％
平均消費性向,勤労者世帯,年収五分位5,2009000103,78.3,％
平均消費性向,勤労者世帯,年収五分位5,2009000406,67.1,％
平均消費性向,勤労者世帯,年収五分位5,2009000709,72.3,％
平均消費性向,勤労者世帯,年収五分位5,2009001012,57.7,％
平均消費性向,勤労者世帯,年収五分位5,2010000103,79.6,％
平均消費性向,勤労者世帯,年収五分位5,2010000406,63.6,％
平均消費性向,勤労者世帯,年収五分位5,2010000709,74.4,％
平均消費性向,勤労者世帯,年収五分位5,2010001012,56.1,％
平均消費性向,勤労者世帯,年収五分位5,2011000103,78.3,％
平均消費性向,勤労者世帯,年収五分位5,2011000406,67.2,％
平均消費性向,勤労者世帯,年収五分位5,2011000709,71.4,％
平均消費性向,勤労者世帯,年収五分位5,2011001012,55.6,％
平均消費性向,勤労者世帯,年収五分位5,2012000103,79.2,％
平均消費性向,勤労者世帯,年収五分位5,2012000406,66.0,％
平均消費性向,勤労者世帯,年収五分位5,2012000709,71.0,％
平均消費性向,勤労者世帯,年収五分位5,2012001012,56.5,％
平均消費性向,勤労者世帯,年収五分位5,2013000103,82.2,％
平均消費性向,勤労者世帯,年収五分位5,2013000406,64.6,％
平均消費性向,勤労者世帯,年収五分位5,2013000709,74.1,％
平均消費性向,勤労者世帯,年収五分位5,2013001012,59.7,％
平均消費性向,勤労者世帯,年収五分位5,2014000103,87.5,％
平均消費性向,勤労者世帯,年収五分位5,2014000406,64.6,％
平均消費性向,勤労者世帯,年収五分位5,2014000709,72.1,％
平均消費性向,勤労者世帯,年収五分位5,2014001012,53.7,％
平均消費性向,勤労者世帯,年収五分位5,2015000103,77.2,％
平均消費性向,勤労者世帯,年収五分位5,2015000406,63.9,％
平均消費性向,勤労者世帯,年収五分位5,2015000709,70.0,％
平均消費性向,勤労者世帯,年収五分位5,2015001012,55.0,％
平均消費性向,勤労者世帯,年収五分位5,2016000103,77.6,％
平均消費性向,勤労者世帯,年収五分位5,2016000406,63.0,％
平均消費性向,勤労者世帯,年収五分位5,2016000709,69.2,％
平均消費性向,勤労者世帯,年収五分位5,2016001012,55.4,％
平均消費性向,勤労者世帯,年収五分位5,2017000103,81.1,％
平均消費性向,勤労者世帯,年収五分位5,2017000406,69.7,％
平均消費性向,勤労者世帯,年収五分位5,2017000709,66.0,％
平均消費性向,勤労者世帯,年収五分位5,2017001012,55.6,％
平均消費性向,勤労者世帯,年収五分位5,2018000103,75.7,％
平均消費性向,勤労者世帯,年収五分位5,2018000406,60.4,％
平均消費性向,勤労者世帯,年収五分位5,2018000709,65.7,％
平均消費性向,勤労者世帯,年収五分位5,2018001012,50.0,％
平均消費性向,勤労者世帯,年収五分位5,2019000103,74.8,％
平均消費性向,勤労者世帯,年収五分位5,2019000406,58.4,％
平均消費性向,勤労者世帯,年収五分位5,2019000709,71.0,％
平均消費性向,勤労者世帯,年収五分位5,2019001012,49.0,％
平均消費性向,勤労者世帯,年収五分位5,2020000103,70.4,％
平均消費性向,勤労者世帯,年収五分位5,2020000406,47.8,％
平均消費性向,勤労者世帯,年収五分位5,2020000709,57.8,％
平均消費性向,勤労者世帯,年収五分位5,2020001012,48.1,％
平均消費性向,勤労者世帯,年収五分位5,2021000103,67.6,％
平均消費性向,勤労者世帯,年収五分位5,2021000406,53.6,％
平均消費性向,勤労者世帯,年収五分位5,2021000709,59.6,％
平均消費性向,勤労者世帯,年収五分位5,2021001012,49.5,％
平均消費性向,勤労者世帯,年収五分位5,2022000103,71.2,％
平均消費性向,勤労者世帯,年収五分位5,2022000406,57.0,％
平均消費性向,勤労者世帯,年収五分位5,2022000709,64.2,％
平均消費性向,勤労者世帯,年収五分位5,2022001012,45.5,％
平均消費性向,勤労者世帯,年収五分位5,2023000103,69.0,％
平均消費性向,勤労者世帯,年収五分位5,2023000406,53.4,％
平均消費性向,勤労者世帯,年収五分位5,2023000709,62.2,％
平均消費性向,勤労者世帯,年収五分位5,2023001012,46.6,％
平均消費性向,勤労者世帯,年収五分位5,2024000103,69.4,％
平均消費性向,勤労者世帯,年収五分位5,2024000406,50.1,％
平均消費性向,勤労者世帯,年収五分位5,2024000709,59.0,％
平均消費性向,勤労者世帯,年収五分位5,2024001012,47.5,％
平均消費性向,勤労者世帯,年収五分位5,2025000103,71.8,％
平均消費性向,勤労者世帯,年収五分位5,2025000406,55.9,％
平均消費性向,勤労者世帯,年収五分位5,2025000709,63.7,％
平均消費性向,勤労者世帯,年収五分位5,2025001012,49.9,％
平均消費性向,勤労者世帯,年収五分位5,2026000103,68.3,％
黒字率,勤労者世帯,年収五分位1,2000000103,7.7,％
黒字率,勤労者世帯,年収五分位1,2000000406,23.7,％
黒字率,勤労者世帯,年収五分位1,2000000709,15.9,％
黒字率,勤労者世帯,年収五分位1,2000001012,28.2,％
黒字率,勤労者世帯,年収五分位1,2001000103,12.5,％
黒字率,勤労者世帯,年収五分位1,2001000406,28.4,％
黒字率,勤労者世帯,年収五分位1,2001000709,17.5,％
黒字率,勤労者世帯,年収五分位1,2001001012,25.6,％
黒字率,勤労者世帯,年収五分位1,2002000103,12.3,％
黒字率,勤労者世帯,年収五分位1,2002000406,19.3,％
黒字率,勤労者世帯,年収五分位1,2002000709,17.4,％
黒字率,勤労者世帯,年収五分位1,2002001012,25.7,％
黒字率,勤労者世帯,年収五分位1,2003000103,7.4,％
黒字率,勤労者世帯,年収五分位1,2003000406,23.2,％
黒字率,勤労者世帯,年収五分位1,2003000709,18.9,％
黒字率,勤労者世帯,年収五分位1,2003001012,24.9,％
黒字率,勤労者世帯,年収五分位1,2004000103,10.2,％
黒字率,勤労者世帯,年収五分位1,2004000406,19.5,％
黒字率,勤労者世帯,年収五分位1,2004000709,11.7,％
黒字率,勤労者世帯,年収五分位1,2004001012,25.8,％
黒字率,勤労者世帯,年収五分位1,2005000103,13.4,％
黒字率,勤労者世帯,年収五分位1,2005000406,19.4,％
黒字率,勤労者世帯,年収五分位1,2005000709,13.6,％
黒字率,勤労者世帯,年収五分位1,2005001012,23.8,％
黒字率,勤労者世帯,年収五分位1,2006000103,10.3,％
黒字率,勤労者世帯,年収五分位1,2006000406,20.0,％
黒字率,勤労者世帯,年収五分位1,2006000709,19.1,％
黒字率,勤労者世帯,年収五分位1,2006001012,27.4,％
黒字率,勤労者世帯,年収五分位1,2007000103,12.4,％
黒字率,勤労者世帯,年収五分位1,2007000406,21.6,％
黒字率,勤労者世帯,年収五分位1,2007000709,14.5,％
黒字率,勤労者世帯,年収五分位1,2007001012,24.0,％
黒字率,勤労者世帯,年収五分位1,2008000103,4.4,％
黒字率,勤労者世帯,年収五分位1,2008000406,19.7,％
黒字率,勤労者世帯,年収五分位1,2008000709,18.8,％
黒字率,勤労者世帯,年収五分位1,2008001012,24.6,％
黒字率,勤労者世帯,年収五分位1,2009000103,12.0,％
黒字率,勤労者世帯,年収五分位1,2009000406,23.1,％
黒字率,勤労者世帯,年収五分位1,2009000709,21.4,％
黒字率,勤労者世帯,年収五分位1,2009001012,30.5,％
黒字率,勤労者世帯,年収五分位1,2010000103,15.2,％
黒字率,勤労者世帯,年収五分位1,2010000406,21.6,％
黒字率,勤労者世帯,年収五分位1,2010000709,17.7,％
黒字率,勤労者世帯,年収五分位1,2010001012,30.9,％
黒字率,勤労者世帯,年収五分位1,2011000103,13.0,％
黒字率,勤労者世帯,年収五分位1,2011000406,24.0,％
黒字率,勤労者世帯,年収五分位1,2011000709,15.5,％
黒字率,勤労者世帯,年収五分位1,2011001012,24.5,％
黒字率,勤労者世帯,年収五分位1,2012000103,11.9,％
黒字率,勤労者世帯,年収五分位1,2012000406,22.1,％
黒字率,勤労者世帯,年収五分位1,2012000709,14.4,％
黒字率,勤労者世帯,年収五分位1,2012001012,31.6,％
黒字率,勤労者世帯,年収五分位1,2013000103,15.9,％
黒字率,勤労者世帯,年収五分位1,2013000406,24.0,％
黒字率,勤労者世帯,年収五分位1,2013000709,17.2,％
黒字率,勤労者世帯,年収五分位1,2013001012,30.0,％
黒字率,勤労者世帯,年収五分位1,2014000103,14.9,％
黒字率,勤労者世帯,年収五分位1,2014000406,23.2,％
黒字率,勤労者世帯,年収五分位1,2014000709,13.6,％
黒字率,勤労者世帯,年収五分位1,2014001012,25.0,％
黒字率,勤労者世帯,年収五分位1,2015000103,6.2,％
黒字率,勤労者世帯,年収五分位1,2015000406,20.7,％
黒字率,勤労者世帯,年収五分位1,2015000709,19.6,％
黒字率,勤労者世帯,年収五分位1,2015001012,32.0,％
黒字率,勤労者世帯,年収五分位1,2016000103,15.7,％
黒字率,勤労者世帯,年収五分位1,2016000406,20.3,％
黒字率,勤労者世帯,年収五分位1,2016000709,19.5,％
黒字率,勤労者世帯,年収五分位1,2016001012,28.5,％
黒字率,勤労者世帯,年収五分位1,2017000103,15.6,％
黒字率,勤労者世帯,年収五分位1,2017000406,23.7,％
黒字率,勤労者世帯,年収五分位1,2017000709,23.6,％
黒字率,勤労者世帯,年収五分位1,2017001012,27.4,％
黒字率,勤労者世帯,年収五分位1,2018000103,14.1,％
黒字率,勤労者世帯,年収五分位1,2018000406,25.9,％
黒字率,勤労者世帯,年収五分位1,2018000709,13.7,％
黒字率,勤労者世帯,年収五分位1,2018001012,33.3,％
黒字率,勤労者世帯,年収五分位1,2019000103,15.2,％
黒字率,勤労者世帯,年収五分位1,2019000406,27.6,％
黒字率,勤労者世帯,年収五分位1,2019000709,19.3,％
黒字率,勤労者世帯,年収五分位1,2019001012,33.9,％
黒字率,勤労者世帯,年収五分位1,2020000103,21.3,％
黒字率,勤労者世帯,年収五分位1,2020000406,34.2,％
黒字率,勤労者世帯,年収五分位1,2020000709,27.4,％
黒字率,勤労者世帯,年収五分位1,2020001012,36.3,％
黒字率,勤労者世帯,年収五分位1,2021000103,16.5,％
黒字率,勤労者世帯,年収五分位1,2021000406,28.3,％
黒字率,勤労者世帯,年収五分位1,2021000709,26.3,％
黒字率,勤労者世帯,年収五分位1,2021001012,34.4,％
黒字率,勤労者世帯,年収五分位1,2022000103,18.2,％
黒字率,勤労者世帯,年収五分位1,2022000406,31.9,％
黒字率,勤労者世帯,年収五分位1,2022000709,29.2,％
黒字率,勤労者世帯,年収五分位1,2022001012,36.5,％
黒字率,勤労者世帯,年収五分位1,2023000103,18.8,％
黒字率,勤労者世帯,年収五分位1,2023000406,33.7,％
黒字率,勤労者世帯,年収五分位1,2023000709,25.1,％
黒字率,勤労者世帯,年収五分位1,2023001012,36.5,％
黒字率,勤労者世帯,年収五分位1,2024000103,16.9,％
黒字率,勤労者世帯,年収五分位1,2024000406,37.3,％
黒字率,勤労者世帯,年収五分位1,2024000709,23.3,％
黒字率,勤労者世帯,年収五分位1,2024001012,42.0,％
黒字率,勤労者世帯,年収五分位1,2025000103,21.6,％
黒字率,勤労者世帯,年収五分位1,2025000406,32.4,％
黒字率,勤労者世帯,年収五分位1,2025000709,22.1,％
黒字率,勤労者世帯,年収五分位1,2025001012,41.2,％
黒字率,勤労者世帯,年収五分位1,2026000103,20.3,％
黒字率,勤労者世帯,年収五分位2,2000000103,16.2,％
黒字率,勤労者世帯,年収五分位2,2000000406,19.8,％
黒字率,勤労者世帯,年収五分位2,2000000709,20.2,％
黒字率,勤労者世帯,年収五分位2,2000001012,34.5,％
黒字率,勤労者世帯,年収五分位2,2001000103,16.1,％
黒字率,勤労者世帯,年収五分位2,2001000406,27.1,％
黒字率,勤労者世帯,年収五分位2,2001000709,20.8,％
黒字率,勤労者世帯,年収五分位2,2001001012,34.5,％
黒字率,勤労者世帯,年収五分位2,2002000103,14.6,％
黒字率,勤労者世帯,年収五分位2,2002000406,25.6,％
黒字率,勤労者世帯,年収五分位2,2002000709,20.8,％
黒字率,勤労者世帯,年収五分位2,2002001012,33.7,％
黒字率,勤労者世帯,年収五分位2,2003000103,14.5,％
黒字率,勤労者世帯,年収五分位2,2003000406,25.9,％
黒字率,勤労者世帯,年収五分位2,2003000709,22.8,％
黒字率,勤労者世帯,年収五分位2,2003001012,32.8,％
黒字率,勤労者世帯,年収五分位2,2004000103,15.1,％
黒字率,勤労者世帯,年収五分位2,2004000406,20.1,％
黒字率,勤労者世帯,年収五分位2,2004000709,23.3,％
黒字率,勤労者世帯,年収五分位2,2004001012,30.7,％
黒字率,勤労者世帯,年収五分位2,2005000103,16.8,％
黒字率,勤労者世帯,年収五分位2,2005000406,23.6,％
黒字率,勤労者世帯,年収五分位2,2005000709,18.3,％
黒字率,勤労者世帯,年収五分位2,2005001012,30.5,％
黒字率,勤労者世帯,年収五分位2,2006000103,18.7,％
黒字率,勤労者世帯,年収五分位2,2006000406,24.1,％
黒字率,勤労者世帯,年収五分位2,2006000709,24.9,％
黒字率,勤労者世帯,年収五分位2,2006001012,33.3,％
黒字率,勤労者世帯,年収五分位2,2007000103,19.0,％
黒字率,勤労者世帯,年収五分位2,2007000406,27.1,％
黒字率,勤労者世帯,年収五分位2,2007000709,21.8,％
黒字率,勤労者世帯,年収五分位2,2007001012,29.2,％
黒字率,勤労者世帯,年収五分位2,2008000103,15.0,％
黒字率,勤労者世帯,年収五分位2,2008000406,24.3,％
黒字率,勤労者世帯,年収五分位2,2008000709,19.6,％
黒字率,勤労者世帯,年収五分位2,2008001012,31.3,％
黒字率,勤労者世帯,年収五分位2,2009000103,11.2,％
黒字率,勤労者世帯,年収五分位2,2009000406,23.4,％
黒字率,勤労者世帯,年収五分位2,2009000709,20.2,％
黒字率,勤労者世帯,年収五分位2,2009001012,25.4,％
黒字率,勤労者世帯,年収五分位2,2010000103,16.2,％
黒字率,勤労者世帯,年収五分位2,2010000406,28.5,％
黒字率,勤労者世帯,年収五分位2,2010000709,21.2,％
黒字率,勤労者世帯,年収五分位2,2010001012,33.9,％
黒字率,勤労者世帯,年収五分位2,2011000103,16.6,％
黒字率,勤労者世帯,年収五分位2,2011000406,25.7,％
黒字率,勤労者世帯,年収五分位2,2011000709,22.9,％
黒字率,勤労者世帯,年収五分位2,2011001012,28.1,％
黒字率,勤労者世帯,年収五分位2,2012000103,16.6,％
黒字率,勤労者世帯,年収五分位2,2012000406,31.2,％
黒字率,勤労者世帯,年収五分位2,2012000709,19.2,％
黒字率,勤労者世帯,年収五分位2,2012001012,30.3,％
黒字率,勤労者世帯,年収五分位2,2013000103,10.3,％
黒字率,勤労者世帯,年収五分位2,2013000406,20.3,％
黒字率,勤労者世帯,年収五分位2,2013000709,18.5,％
黒字率,勤労者世帯,年収五分位2,2013001012,31.3,％
黒字率,勤労者世帯,年収五分位2,2014000103,8.3,％
黒字率,勤労者世帯,年収五分位2,2014000406,26.1,％
黒字率,勤労者世帯,年収五分位2,2014000709,21.0,％
黒字率,勤労者世帯,年収五分位2,2014001012,32.0,％
黒字率,勤労者世帯,年収五分位2,2015000103,13.6,％
黒字率,勤労者世帯,年収五分位2,2015000406,28.2,％
黒字率,勤労者世帯,年収五分位2,2015000709,16.8,％
黒字率,勤労者世帯,年収五分位2,2015001012,31.8,％
黒字率,勤労者世帯,年収五分位2,2016000103,18.4,％
黒字率,勤労者世帯,年収五分位2,2016000406,28.0,％
黒字率,勤労者世帯,年収五分位2,2016000709,25.0,％
黒字率,勤労者世帯,年収五分位2,2016001012,34.6,％
黒字率,勤労者世帯,年収五分位2,2017000103,15.7,％
黒字率,勤労者世帯,年収五分位2,2017000406,28.6,％
黒字率,勤労者世帯,年収五分位2,2017000709,19.3,％
黒字率,勤労者世帯,年収五分位2,2017001012,38.5,％
黒字率,勤労者世帯,年収五分位2,2018000103,12.1,％
黒字率,勤労者世帯,年収五分位2,2018000406,30.7,％
黒字率,勤労者世帯,年収五分位2,2018000709,26.3,％
黒字率,勤労者世帯,年収五分位2,2018001012,35.1,％
黒字率,勤労者世帯,年収五分位2,2019000103,20.1,％
黒字率,勤労者世帯,年収五分位2,2019000406,35.1,％
黒字率,勤労者世帯,年収五分位2,2019000709,21.0,％
黒字率,勤労者世帯,年収五分位2,2019001012,41.5,％
黒字率,勤労者世帯,年収五分位2,2020000103,22.9,％
黒字率,勤労者世帯,年収五分位2,2020000406,49.7,％
黒字率,勤労者世帯,年収五分位2,2020000709,31.2,％
黒字率,勤労者世帯,年収五分位2,2020001012,41.5,％
黒字率,勤労者世帯,年収五分位2,2021000103,27.1,％
黒字率,勤労者世帯,年収五分位2,2021000406,37.8,％
黒字率,勤労者世帯,年収五分位2,2021000709,35.2,％
黒字率,勤労者世帯,年収五分位2,2021001012,41.9,％
黒字率,勤労者世帯,年収五分位2,2022000103,23.7,％
黒字率,勤労者世帯,年収五分位2,2022000406,37.2,％
黒字率,勤労者世帯,年収五分位2,2022000709,33.3,％
黒字率,勤労者世帯,年収五分位2,2022001012,42.2,％
黒字率,勤労者世帯,年収五分位2,2023000103,20.3,％
黒字率,勤労者世帯,年収五分位2,2023000406,37.0,％
黒字率,勤労者世帯,年収五分位2,2023000709,28.3,％
黒字率,勤労者世帯,年収五分位2,2023001012,43.6,％
黒字率,勤労者世帯,年収五分位2,2024000103,22.4,％
黒字率,勤労者世帯,年収五分位2,2024000406,42.7,％
黒字率,勤労者世帯,年収五分位2,2024000709,33.2,％
黒字率,勤労者世帯,年収五分位2,2024001012,43.3,％
黒字率,勤労者世帯,年収五分位2,2025000103,24.4,％
黒字率,勤労者世帯,年収五分位2,2025000406,35.0,％
黒字率,勤労者世帯,年収五分位2,2025000709,29.9,％
黒字率,勤労者世帯,年収五分位2,2025001012,44.1,％
黒字率,勤労者世帯,年収五分位2,2026000103,24.9,％
黒字率,勤労者世帯,年収五分位3,2000000103,16.4,％
黒字率,勤労者世帯,年収五分位3,2000000406,26.9,％
黒字率,勤労者世帯,年収五分位3,2000000709,25.6,％
黒字率,勤労者世帯,年収五分位3,2000001012,36.5,％
黒字率,勤労者世帯,年収五分位3,2001000103,15.2,％
黒字率,勤労者世帯,年収五分位3,2001000406,29.4,％
黒字率,勤労者世帯,年収五分位3,2001000709,26.3,％
黒字率,勤労者世帯,年収五分位3,2001001012,36.8,％
黒字率,勤労者世帯,年収五分位3,2002000103,15.9,％
黒字率,勤労者世帯,年収五分位3,2002000406,29.0,％
黒字率,勤労者世帯,年収五分位3,2002000709,22.3,％
黒字率,勤労者世帯,年収五分位3,2002001012,36.6,％
黒字率,勤労者世帯,年収五分位3,2003000103,16.2,％
黒字率,勤労者世帯,年収五分位3,2003000406,29.5,％
黒字率,勤労者世帯,年収五分位3,2003000709,22.8,％
黒字率,勤労者世帯,年収五分位3,2003001012,37.8,％
黒字率,勤労者世帯,年収五分位3,2004000103,18.0,％
黒字率,勤労者世帯,年収五分位3,2004000406,25.8,％
黒字率,勤労者世帯,年収五分位3,2004000709,22.7,％
黒字率,勤労者世帯,年収五分位3,2004001012,37.2,％
黒字率,勤労者世帯,年収五分位3,2005000103,12.0,％
黒字率,勤労者世帯,年収五分位3,2005000406,25.9,％
黒字率,勤労者世帯,年収五分位3,2005000709,19.7,％
黒字率,勤労者世帯,年収五分位3,2005001012,29.5,％
黒字率,勤労者世帯,年収五分位3,2006000103,16.6,％
黒字率,勤労者世帯,年収五分位3,2006000406,25.1,％
黒字率,勤労者世帯,年収五分位3,2006000709,27.6,％
黒字率,勤労者世帯,年収五分位3,2006001012,37.1,％
黒字率,勤労者世帯,年収五分位3,2007000103,21.3,％
黒字率,勤労者世帯,年収五分位3,2007000406,29.1,％
黒字率,勤労者世帯,年収五分位3,2007000709,27.0,％
黒字率,勤労者世帯,年収五分位3,2007001012,33.5,％
黒字率,勤労者世帯,年収五分位3,2008000103,17.7,％
黒字率,勤労者世帯,年収五分位3,2008000406,27.5,％
黒字率,勤労者世帯,年収五分位3,2008000709,25.1,％
黒字率,勤労者世帯,年収五分位3,2008001012,33.7,％
黒字率,勤労者世帯,年収五分位3,2009000103,13.8,％
黒字率,勤労者世帯,年収五分位3,2009000406,24.9,％
黒字率,勤労者世帯,年収五分位3,2009000709,20.5,％
黒字率,勤労者世帯,年収五分位3,2009001012,34.2,％
黒字率,勤労者世帯,年収五分位3,2010000103,14.1,％
黒字率,勤労者世帯,年収五分位3,2010000406,26.9,％
黒字率,勤労者世帯,年収五分位3,2010000709,21.2,％
黒字率,勤労者世帯,年収五分位3,2010001012,33.5,％
黒字率,勤労者世帯,年収五分位3,2011000103,16.7,％
黒字率,勤労者世帯,年収五分位3,2011000406,29.2,％
黒字率,勤労者世帯,年収五分位3,2011000709,23.0,％
黒字率,勤労者世帯,年収五分位3,2011001012,33.0,％
黒字率,勤労者世帯,年収五分位3,2012000103,21.0,％
黒字率,勤労者世帯,年収五分位3,2012000406,30.4,％
黒字率,勤労者世帯,年収五分位3,2012000709,21.9,％
黒字率,勤労者世帯,年収五分位3,2012001012,35.5,％
黒字率,勤労者世帯,年収五分位3,2013000103,13.3,％
黒字率,勤労者世帯,年収五分位3,2013000406,27.9,％
黒字率,勤労者世帯,年収五分位3,2013000709,22.4,％
黒字率,勤労者世帯,年収五分位3,2013001012,35.2,％
黒字率,勤労者世帯,年収五分位3,2014000103,15.4,％
黒字率,勤労者世帯,年収五分位3,2014000406,32.5,％
黒字率,勤労者世帯,年収五分位3,2014000709,22.3,％
黒字率,勤労者世帯,年収五分位3,2014001012,33.7,％
黒字率,勤労者世帯,年収五分位3,2015000103,18.5,％
黒字率,勤労者世帯,年収五分位3,2015000406,25.1,％
黒字率,勤労者世帯,年収五分位3,2015000709,23.7,％
黒字率,勤労者世帯,年収五分位3,2015001012,37.5,％
黒字率,勤労者世帯,年収五分位3,2016000103,17.0,％
黒字率,勤労者世帯,年収五分位3,2016000406,26.1,％
黒字率,勤労者世帯,年収五分位3,2016000709,21.9,％
黒字率,勤労者世帯,年収五分位3,2016001012,34.4,％
黒字率,勤労者世帯,年収五分位3,2017000103,20.2,％
黒字率,勤労者世帯,年収五分位3,2017000406,30.7,％
黒字率,勤労者世帯,年収五分位3,2017000709,24.9,％
黒字率,勤労者世帯,年収五分位3,2017001012,39.6,％
黒字率,勤労者世帯,年収五分位3,2018000103,22.2,％
黒字率,勤労者世帯,年収五分位3,2018000406,31.0,％
黒字率,勤労者世帯,年収五分位3,2018000709,27.9,％
黒字率,勤労者世帯,年収五分位3,2018001012,41.5,％
黒字率,勤労者世帯,年収五分位3,2019000103,22.3,％
黒字率,勤労者世帯,年収五分位3,2019000406,31.4,％
黒字率,勤労者世帯,年収五分位3,2019000709,26.2,％
黒字率,勤労者世帯,年収五分位3,2019001012,42.0,％
黒字率,勤労者世帯,年収五分位3,2020000103,25.0,％
黒字率,勤労者世帯,年収五分位3,2020000406,46.1,％
黒字率,勤労者世帯,年収五分位3,2020000709,31.7,％
黒字率,勤労者世帯,年収五分位3,2020001012,41.3,％
黒字率,勤労者世帯,年収五分位3,2021000103,29.0,％
黒字率,勤労者世帯,年収五分位3,2021000406,39.6,％
黒字率,勤労者世帯,年収五分位3,2021000709,34.6,％
黒字率,勤労者世帯,年収五分位3,2021001012,44.9,％
黒字率,勤労者世帯,年収五分位3,2022000103,30.5,％
黒字率,勤労者世帯,年収五分位3,2022000406,40.4,％
黒字率,勤労者世帯,年収五分位3,2022000709,32.6,％
黒字率,勤労者世帯,年収五分位3,2022001012,44.0,％
黒字率,勤労者世帯,年収五分位3,2023000103,26.7,％
黒字率,勤労者世帯,年収五分位3,2023000406,36.4,％
黒字率,勤労者世帯,年収五分位3,2023000709,30.5,％
黒字率,勤労者世帯,年収五分位3,2023001012,42.1,％
黒字率,勤労者世帯,年収五分位3,2024000103,23.6,％
黒字率,勤労者世帯,年収五分位3,2024000406,39.0,％
黒字率,勤労者世帯,年収五分位3,2024000709,33.6,％
黒字率,勤労者世帯,年収五分位3,2024001012,43.7,％
黒字率,勤労者世帯,年収五分位3,2025000103,19.8,％
黒字率,勤労者世帯,年収五分位3,2025000406,38.6,％
黒字率,勤労者世帯,年収五分位3,2025000709,29.2,％
黒字率,勤労者世帯,年収五分位3,2025001012,47.2,％
黒字率,勤労者世帯,年収五分位3,2026000103,29.0,％
黒字率,勤労者世帯,年収五分位4,2000000103,19.0,％
黒字率,勤労者世帯,年収五分位4,2000000406,31.3,％
黒字率,勤労者世帯,年収五分位4,2000000709,28.2,％
黒字率,勤労者世帯,年収五分位4,2000001012,42.1,％
黒字率,勤労者世帯,年収五分位4,2001000103,14.8,％
黒字率,勤労者世帯,年収五分位4,2001000406,35.5,％
黒字率,勤労者世帯,年収五分位4,2001000709,25.6,％
黒字率,勤労者世帯,年収五分位4,2001001012,40.1,％
黒字率,勤労者世帯,年収五分位4,2002000103,20.5,％
黒字率,勤労者世帯,年収五分位4,2002000406,33.1,％
黒字率,勤労者世帯,年収五分位4,2002000709,25.0,％
黒字率,勤労者世帯,年収五分位4,2002001012,38.4,％
黒字率,勤労者世帯,年収五分位4,2003000103,16.3,％
黒字率,勤労者世帯,年収五分位4,2003000406,28.6,％
黒字率,勤労者世帯,年収五分位4,2003000709,24.4,％
黒字率,勤労者世帯,年収五分位4,2003001012,38.0,％
黒字率,勤労者世帯,年収五分位4,2004000103,16.1,％
黒字率,勤労者世帯,年収五分位4,2004000406,30.4,％
黒字率,勤労者世帯,年収五分位4,2004000709,25.2,％
黒字率,勤労者世帯,年収五分位4,2004001012,36.3,％
黒字率,勤労者世帯,年収五分位4,2005000103,12.4,％
黒字率,勤労者世帯,年収五分位4,2005000406,28.4,％
黒字率,勤労者世帯,年収五分位4,2005000709,23.1,％
黒字率,勤労者世帯,年収五分位4,2005001012,38.0,％
黒字率,勤労者世帯,年収五分位4,2006000103,15.5,％
黒字率,勤労者世帯,年収五分位4,2006000406,29.1,％
黒字率,勤労者世帯,年収五分位4,2006000709,29.0,％
黒字率,勤労者世帯,年収五分位4,2006001012,41.2,％
黒字率,勤労者世帯,年収五分位4,2007000103,16.0,％
黒字率,勤労者世帯,年収五分位4,2007000406,31.7,％
黒字率,勤労者世帯,年収五分位4,2007000709,26.6,％
黒字率,勤労者世帯,年収五分位4,2007001012,40.1,％
黒字率,勤労者世帯,年収五分位4,2008000103,16.0,％
黒字率,勤労者世帯,年収五分位4,2008000406,29.5,％
黒字率,勤労者世帯,年収五分位4,2008000709,24.1,％
黒字率,勤労者世帯,年収五分位4,2008001012,40.0,％
黒字率,勤労者世帯,年収五分位4,2009000103,14.6,％
黒字率,勤労者世帯,年収五分位4,2009000406,25.6,％
黒字率,勤労者世帯,年収五分位4,2009000709,23.7,％
黒字率,勤労者世帯,年収五分位4,2009001012,39.4,％
黒字率,勤労者世帯,年収五分位4,2010000103,16.2,％
黒字率,勤労者世帯,年収五分位4,2010000406,32.7,％
黒字率,勤労者世帯,年収五分位4,2010000709,22.1,％
黒字率,勤労者世帯,年収五分位4,2010001012,37.8,％
黒字率,勤労者世帯,年収五分位4,2011000103,18.2,％
黒字率,勤労者世帯,年収五分位4,2011000406,29.0,％
黒字率,勤労者世帯,年収五分位4,2011000709,24.4,％
黒字率,勤労者世帯,年収五分位4,2011001012,39.3,％
黒字率,勤労者世帯,年収五分位4,2012000103,17.7,％
黒字率,勤労者世帯,年収五分位4,2012000406,28.4,％
黒字率,勤労者世帯,年収五分位4,2012000709,25.0,％
黒字率,勤労者世帯,年収五分位4,2012001012,39.2,％
黒字率,勤労者世帯,年収五分位4,2013000103,14.4,％
黒字率,勤労者世帯,年収五分位4,2013000406,30.5,％
黒字率,勤労者世帯,年収五分位4,2013000709,23.8,％
黒字率,勤労者世帯,年収五分位4,2013001012,39.8,％
黒字率,勤労者世帯,年収五分位4,2014000103,13.3,％
黒字率,勤労者世帯,年収五分位4,2014000406,30.6,％
黒字率,勤労者世帯,年収五分位4,2014000709,23.0,％
黒字率,勤労者世帯,年収五分位4,2014001012,38.1,％
黒字率,勤労者世帯,年収五分位4,2015000103,16.7,％
黒字率,勤労者世帯,年収五分位4,2015000406,28.4,％
黒字率,勤労者世帯,年収五分位4,2015000709,25.4,％
黒字率,勤労者世帯,年収五分位4,2015001012,38.0,％
黒字率,勤労者世帯,年収五分位4,2016000103,17.8,％
黒字率,勤労者世帯,年収五分位4,2016000406,30.1,％
黒字率,勤労者世帯,年収五分位4,2016000709,26.6,％
黒字率,勤労者世帯,年収五分位4,2016001012,40.8,％
黒字率,勤労者世帯,年収五分位4,2017000103,17.9,％
黒字率,勤労者世帯,年収五分位4,2017000406,31.1,％
黒字率,勤労者世帯,年収五分位4,2017000709,29.6,％
黒字率,勤労者世帯,年収五分位4,2017001012,38.7,％
黒字率,勤労者世帯,年収五分位4,2018000103,19.9,％
黒字率,勤労者世帯,年収五分位4,2018000406,34.6,％
黒字率,勤労者世帯,年収五分位4,2018000709,24.7,％
黒字率,勤労者世帯,年収五分位4,2018001012,40.8,％
黒字率,勤労者世帯,年収五分位4,2019000103,18.2,％
黒字率,勤労者世帯,年収五分位4,2019000406,36.7,％
黒字率,勤労者世帯,年収五分位4,2019000709,25.7,％
黒字率,勤労者世帯,年収五分位4,2019001012,45.3,％
黒字率,勤労者世帯,年収五分位4,2020000103,25.9,％
黒字率,勤労者世帯,年収五分位4,2020000406,50.4,％
黒字率,勤労者世帯,年収五分位4,2020000709,38.7,％
黒字率,勤労者世帯,年収五分位4,2020001012,46.7,％
黒字率,勤労者世帯,年収五分位4,2021000103,24.3,％
黒字率,勤労者世帯,年収五分位4,2021000406,40.4,％
黒字率,勤労者世帯,年収五分位4,2021000709,39.7,％
黒字率,勤労者世帯,年収五分位4,2021001012,48.6,％
黒字率,勤労者世帯,年収五分位4,2022000103,28.3,％
黒字率,勤労者世帯,年収五分位4,2022000406,41.9,％
黒字率,勤労者世帯,年収五分位4,2022000709,35.0,％
黒字率,勤労者世帯,年収五分位4,2022001012,47.2,％
黒字率,勤労者世帯,年収五分位4,2023000103,24.6,％
黒字率,勤労者世帯,年収五分位4,2023000406,39.1,％
黒字率,勤労者世帯,年収五分位4,2023000709,30.8,％
黒字率,勤労者世帯,年収五分位4,2023001012,43.2,％
黒字率,勤労者世帯,年収五分位4,2024000103,26.5,％
黒字率,勤労者世帯,年収五分位4,2024000406,44.1,％
黒字率,勤労者世帯,年収五分位4,2024000709,35.4,％
黒字率,勤労者世帯,年収五分位4,2024001012,46.8,％
黒字率,勤労者世帯,年収五分位4,2025000103,24.7,％
黒字率,勤労者世帯,年収五分位4,2025000406,40.3,％
黒字率,勤労者世帯,年収五分位4,2025000709,31.9,％
黒字率,勤労者世帯,年収五分位4,2025001012,44.2,％
黒字率,勤労者世帯,年収五分位4,2026000103,25.1,％
黒字率,勤労者世帯,年収五分位5,2000000103,19.8,％
黒字率,勤労者世帯,年収五分位5,2000000406,36.9,％
黒字率,勤労者世帯,年収五分位5,2000000709,27.2,％
黒字率,勤労者世帯,年収五分位5,2000001012,43.3,％
黒字率,勤労者世帯,年収五分位5,2001000103,17.8,％
黒字率,勤労者世帯,年収五分位5,2001000406,36.4,％
黒字率,勤労者世帯,年収五分位5,2001000709,27.4,％
黒字率,勤労者世帯,年収五分位5,2001001012,45.2,％
黒字率,勤労者世帯,年収五分位5,2002000103,22.5,％
黒字率,勤労者世帯,年収五分位5,2002000406,35.2,％
黒字率,勤労者世帯,年収五分位5,2002000709,22.1,％
黒字率,勤労者世帯,年収五分位5,2002001012,42.0,％
黒字率,勤労者世帯,年収五分位5,2003000103,18.5,％
黒字率,勤労者世帯,年収五分位5,2003000406,34.7,％
黒字率,勤労者世帯,年収五分位5,2003000709,26.4,％
黒字率,勤労者世帯,年収五分位5,2003001012,42.0,％
黒字率,勤労者世帯,年収五分位5,2004000103,21.0,％
黒字率,勤労者世帯,年収五分位5,2004000406,33.9,％
黒字率,勤労者世帯,年収五分位5,2004000709,25.7,％
黒字率,勤労者世帯,年収五分位5,2004001012,42.8,％
黒字率,勤労者世帯,年収五分位5,2005000103,20.2,％
黒字率,勤労者世帯,年収五分位5,2005000406,37.1,％
黒字率,勤労者世帯,年収五分位5,2005000709,25.9,％
黒字率,勤労者世帯,年収五分位5,2005001012,41.0,％
黒字率,勤労者世帯,年収五分位5,2006000103,18.5,％
黒字率,勤労者世帯,年収五分位5,2006000406,33.6,％
黒字率,勤労者世帯,年収五分位5,2006000709,30.1,％
黒字率,勤労者世帯,年収五分位5,2006001012,44.9,％
黒字率,勤労者世帯,年収五分位5,2007000103,20.7,％
黒字率,勤労者世帯,年収五分位5,2007000406,36.0,％
黒字率,勤労者世帯,年収五分位5,2007000709,24.9,％
黒字率,勤労者世帯,年収五分位5,2007001012,43.5,％
黒字率,勤労者世帯,年収五分位5,2008000103,20.6,％
黒字率,勤労者世帯,年収五分位5,2008000406,34.0,％
黒字率,勤労者世帯,年収五分位5,2008000709,30.1,％
黒字率,勤労者世帯,年収五分位5,2008001012,46.9,％
黒字率,勤労者世帯,年収五分位5,2009000103,21.7,％
黒字率,勤労者世帯,年収五分位5,2009000406,32.9,％
黒字率,勤労者世帯,年収五分位5,2009000709,27.7,％
黒字率,勤労者世帯,年収五分位5,2009001012,42.3,％
黒字率,勤労者世帯,年収五分位5,2010000103,20.4,％
黒字率,勤労者世帯,年収五分位5,2010000406,36.4,％
黒字率,勤労者世帯,年収五分位5,2010000709,25.6,％
黒字率,勤労者世帯,年収五分位5,2010001012,43.9,％
黒字率,勤労者世帯,年収五分位5,2011000103,21.7,％
黒字率,勤労者世帯,年収五分位5,2011000406,32.8,％
黒字率,勤労者世帯,年収五分位5,2011000709,28.6,％
黒字率,勤労者世帯,年収五分位5,2011001012,44.4,％
黒字率,勤労者世帯,年収五分位5,2012000103,20.8,％
黒字率,勤労者世帯,年収五分位5,2012000406,34.0,％
黒字率,勤労者世帯,年収五分位5,2012000709,29.0,％
黒字率,勤労者世帯,年収五分位5,2012001012,43.5,％
黒字率,勤労者世帯,年収五分位5,2013000103,17.8,％
黒字率,勤労者世帯,年収五分位5,2013000406,35.4,％
黒字率,勤労者世帯,年収五分位5,2013000709,25.9,％
黒字率,勤労者世帯,年収五分位5,2013001012,40.3,％
黒字率,勤労者世帯,年収五分位5,2014000103,12.5,％
黒字率,勤労者世帯,年収五分位5,2014000406,35.4,％
黒字率,勤労者世帯,年収五分位5,2014000709,27.9,％
黒字率,勤労者世帯,年収五分位5,2014001012,46.3,％
黒字率,勤労者世帯,年収五分位5,2015000103,22.8,％
黒字率,勤労者世帯,年収五分位5,2015000406,36.1,％
黒字率,勤労者世帯,年収五分位5,2015000709,30.0,％
黒字率,勤労者世帯,年収五分位5,2015001012,45.0,％
黒字率,勤労者世帯,年収五分位5,2016000103,22.4,％
黒字率,勤労者世帯,年収五分位5,2016000406,37.0,％
黒字率,勤労者世帯,年収五分位5,2016000709,30.8,％
黒字率,勤労者世帯,年収五分位5,2016001012,44.6,％
黒字率,勤労者世帯,年収五分位5,2017000103,18.9,％
黒字率,勤労者世帯,年収五分位5,2017000406,30.3,％
黒字率,勤労者世帯,年収五分位5,2017000709,34.0,％
黒字率,勤労者世帯,年収五分位5,2017001012,44.4,％
黒字率,勤労者世帯,年収五分位5,2018000103,24.3,％
黒字率,勤労者世帯,年収五分位5,2018000406,39.6,％
黒字率,勤労者世帯,年収五分位5,2018000709,34.3,％
黒字率,勤労者世帯,年収五分位5,2018001012,50.0,％
黒字率,勤労者世帯,年収五分位5,2019000103,25.2,％
黒字率,勤労者世帯,年収五分位5,2019000406,41.6,％
黒字率,勤労者世帯,年収五分位5,2019000709,29.0,％
黒字率,勤労者世帯,年収五分位5,2019001012,51.0,％
黒字率,勤労者世帯,年収五分位5,2020000103,29.6,％
黒字率,勤労者世帯,年収五分位5,2020000406,52.2,％
黒字率,勤労者世帯,年収五分位5,2020000709,42.2,％
黒字率,勤労者世帯,年収五分位5,2020001012,51.9,％
黒字率,勤労者世帯,年収五分位5,2021000103,32.4,％
黒字率,勤労者世帯,年収五分位5,2021000406,46.4,％
黒字率,勤労者世帯,年収五分位5,2021000709,40.4,％
黒字率,勤労者世帯,年収五分位5,2021001012,50.5,％
黒字率,勤労者世帯,年収五分位5,2022000103,28.8,％
黒字率,勤労者世帯,年収五分位5,2022000406,43.0,％
黒字率,勤労者世帯,年収五分位5,2022000709,35.8,％
黒字率,勤労者世帯,年収五分位5,2022001012,54.5,％
黒字率,勤労者世帯,年収五分位5,2023000103,31.0,％
黒字率,勤労者世帯,年収五分位5,2023000406,46.6,％
黒字率,勤労者世帯,年収五分位5,2023000709,37.8,％
黒字率,勤労者世帯,年収五分位5,2023001012,53.4,％
黒字率,勤労者世帯,年収五分位5,2024000103,30.6,％
黒字率,勤労者世帯,年収五分位5,2024000406,49.9,％
黒字率,勤労者世帯,年収五分位5,2024000709,41.0,％
黒字率,勤労者世帯,年収五分位5,2024001012,52.5,％
黒字率,勤労者世帯,年収五分位5,2025000103,28.2,％
黒字率,勤労者世帯,年収五分位5,2025000406,44.1,％
黒字率,勤労者世帯,年収五分位5,2025000709,36.3,％
黒字率,勤労者世帯,年収五分位5,2025001012,50.1,％
黒字率,勤労者世帯,年収五分位5,2026000103,31.7,％
